{
	"type" : "FeatureCollection",
	"name" : "Joined",
	"features" : [
		{
			"type" : "Feature",
			"geometry" : {
				"type" : "Polygon",
				"coordinates" : [
					[
						[ 76.2400072812, 9.9730804186 ],
						[ 76.2403329937, 9.9727177138 ],
						[ 76.2412465619, 9.9682631491 ],
						[ 76.2394612777, 9.9671724084 ],
						[ 76.2384047437, 9.9663354413 ],
						[ 76.2375076569, 9.9648687386 ],
						[ 76.236926234, 9.962696109 ],
						[ 76.2371460327, 9.9602698912 ],
						[ 76.2377757893, 9.95615701 ],
						[ 76.2388402264, 9.9523776778 ],
						[ 76.2405798621, 9.9472305549 ],
						[ 76.2415241456, 9.9448666279 ],
						[ 76.2415427919, 9.9448717275 ],
						[ 76.2426949798, 9.9451868433 ],
						[ 76.2423935891, 9.9459398569 ],
						[ 76.2425917268, 9.9488400046 ],
						[ 76.2426455182, 9.9505145665 ],
						[ 76.2421267079, 9.9517249318 ],
						[ 76.2417576711, 9.9525494087 ],
						[ 76.241425231, 9.9533052242 ],
						[ 76.241322385, 9.9535436164 ],
						[ 76.241170439, 9.9538958193 ],
						[ 76.2409185554, 9.9544796717 ],
						[ 76.2407462467, 9.9549138498 ],
						[ 76.240725347, 9.955166995 ],
						[ 76.2406257375, 9.9563790352 ],
						[ 76.2405946084, 9.9568953937 ],
						[ 76.2405630497, 9.957561916 ],
						[ 76.2405469169, 9.9582730306 ],
						[ 76.2405481428, 9.9587113391 ],
						[ 76.2405567182, 9.958988108 ],
						[ 76.2405979414, 9.9593585441 ],
						[ 76.2409385157, 9.9594038746 ],
						[ 76.2413253558, 9.9594028092 ],
						[ 76.2418177498, 9.9593639895 ],
						[ 76.2423239038, 9.9592576266 ],
						[ 76.2425857312, 9.9592943275 ],
						[ 76.2425910469, 9.9593564432 ],
						[ 76.2435200475, 9.9592028374 ],
						[ 76.244354913, 9.9590647963 ],
						[ 76.2452692679, 9.9589100338 ],
						[ 76.2453566083, 9.9596784787 ],
						[ 76.2453944805, 9.9597787122 ],
						[ 76.2455557417, 9.960199302 ],
						[ 76.2456109808, 9.9603280571 ],
						[ 76.2457086711, 9.9605557595 ],
						[ 76.2457485309, 9.9606954137 ],
						[ 76.2458277692, 9.9611254969 ],
						[ 76.245768255, 9.9616196043 ],
						[ 76.2455178297, 9.9632062903 ],
						[ 76.2456603497, 9.9641591944 ],
						[ 76.2454556881, 9.9655073571 ],
						[ 76.2454565018, 9.9666204363 ],
						[ 76.246418954, 9.9675281149 ],
						[ 76.2466872808, 9.9677808591 ],
						[ 76.2469122885, 9.9679927987 ],
						[ 76.2471702506, 9.9685170197 ],
						[ 76.2471703663, 9.9698549735 ],
						[ 76.2470556709, 9.9712662701 ],
						[ 76.2473000704, 9.971298806 ],
						[ 76.2501693638, 9.9719013533 ],
						[ 76.2508589453, 9.972324721 ],
						[ 76.2508778982, 9.9723340116 ],
						[ 76.2519041512, 9.972837073 ],
						[ 76.2564278747, 9.9750383044 ],
						[ 76.2586058451, 9.9767276293 ],
						[ 76.2610681069, 9.979132013 ],
						[ 76.2602404678, 9.9805341999 ],
						[ 76.2592996619, 9.9824096684 ],
						[ 76.2587022446, 9.9843245472 ],
						[ 76.2536889864, 9.9824718971 ],
						[ 76.253827368, 9.9820699208 ],
						[ 76.2552747053, 9.9787204795 ],
						[ 76.2534539125, 9.9768880037 ],
						[ 76.247565836, 9.9753885471 ],
						[ 76.2454986595, 9.9766196773 ],
						[ 76.2450767025, 9.9777870835 ],
						[ 76.2442447311, 9.9810977431 ],
						[ 76.2438828065, 9.9810223123 ],
						[ 76.2436812178, 9.981065554 ],
						[ 76.243173594, 9.9809923846 ],
						[ 76.2431201459, 9.9809361472 ],
						[ 76.2430514598, 9.9805317635 ],
						[ 76.2430247509, 9.9798364995 ],
						[ 76.2429547211, 9.9793973655 ],
						[ 76.2429726304, 9.9789887549 ],
						[ 76.2430924996, 9.9785438046 ],
						[ 76.2434414484, 9.9778457596 ],
						[ 76.2440705334, 9.9760859507 ],
						[ 76.2439677583, 9.9758554429 ],
						[ 76.243737056, 9.975575535 ],
						[ 76.243613201, 9.9754741116 ],
						[ 76.2433514544, 9.9751432473 ],
						[ 76.2430542018, 9.9749550706 ],
						[ 76.242786184, 9.9748231287 ],
						[ 76.2425616209, 9.9746788716 ],
						[ 76.2421141192, 9.974393481 ],
						[ 76.2419823917, 9.974255174 ],
						[ 76.2418839971, 9.9741196076 ],
						[ 76.2417150217, 9.9739825369 ],
						[ 76.2415005144, 9.974011068 ],
						[ 76.2412249332, 9.9739324878 ],
						[ 76.2407563646, 9.973609606 ],
						[ 76.2406197113, 9.9735087756 ],
						[ 76.2405271108, 9.9735860357 ],
						[ 76.2404036448, 9.9736990328 ],
						[ 76.240348244, 9.9736467563 ],
						[ 76.2402797202, 9.9736223214 ],
						[ 76.2398652019, 9.9734326052 ],
						[ 76.2398986456, 9.9733372311 ],
						[ 76.2400072812, 9.9730804186 ]
					]
				]
			},
			"properties" : {
				"gml_id" : "Ernakulam_editor.fid-f0aec0d_192a2341ec3_44ee",
				"geom" : null,
				"District" : "Ernakulam",
				"LSGD" : "Cochin",
				"Ward_Name" : "FORT KOCHI",
				"Ward_No" : 1,
				"Lsgd_Type" : "Corporation",
				"Created_Da" : "2024-10-21T16:07:54.999Z",
				"Surveyor" : "Bijumon",
				"Mob_No" : "9946674644",
				"Remarks" : null,
				"Q__result" : "ErnakulamLocked.Cochin1",
				"Q__timesta" : "20250528",
				"_result" : "Ernakulam_Cochin",
				"OBJECTID" : 1131,
				"gml_parent_id" : null,
				"gml_parent_property" : "featureMembers",
				"Created_Date" : "2024-10-22T08:33:36.003Z",
				"_ulid" : "01JBBD7151DY27T8X2GJ2ZD40P"
			}
		},
		{
			"type" : "Feature",
			"geometry" : {
				"type" : "Polygon",
				"coordinates" : [
					[
						[ 76.250946131, 9.9668613912 ],
						[ 76.2509731851, 9.9668836385 ],
						[ 76.2510001847, 9.9669058409 ],
						[ 76.2542422866, 9.9696116438 ],
						[ 76.2532200214, 9.9704814886 ],
						[ 76.2516643081, 9.9716760327 ],
						[ 76.2514261081, 9.9719192407 ],
						[ 76.2511871161, 9.9721163157 ],
						[ 76.2510361888, 9.9722386316 ],
						[ 76.2509507845, 9.972290093 ],
						[ 76.2509147848, 9.9723117851 ],
						[ 76.2508778982, 9.9723340116 ],
						[ 76.2501504119, 9.9719169612 ],
						[ 76.2482041694, 9.9714990159 ],
						[ 76.2480434178, 9.9714526146 ],
						[ 76.2479100686, 9.9714353491 ],
						[ 76.2475774761, 9.9713458634 ],
						[ 76.2470529918, 9.9712632071 ],
						[ 76.2471582832, 9.9697394926 ],
						[ 76.2471695248, 9.9686493597 ],
						[ 76.2471733953, 9.9685172984 ],
						[ 76.2471735307, 9.9685126812 ],
						[ 76.2471710915, 9.9685077958 ],
						[ 76.2471709868, 9.9685075862 ],
						[ 76.2471709868, 9.9685075862 ],
						[ 76.2471709868, 9.9685075861 ],
						[ 76.2470663477, 9.9682980087 ],
						[ 76.2469154453, 9.9679957722 ],
						[ 76.2469122885, 9.9679927987 ],
						[ 76.2466872808, 9.9677808591 ],
						[ 76.246418954, 9.9675281149 ],
						[ 76.2454565035, 9.9666215553 ],
						[ 76.2454565018, 9.9666204363 ],
						[ 76.2454547408, 9.9655137256 ],
						[ 76.2454556881, 9.9655073571 ],
						[ 76.2455211197, 9.9650674731 ],
						[ 76.2456603497, 9.9641591944 ],
						[ 76.2456620352, 9.9641481992 ],
						[ 76.2456612147, 9.9641429736 ],
						[ 76.2456612147, 9.9641429736 ],
						[ 76.245515978, 9.963217967 ],
						[ 76.2455178297, 9.9632062903 ],
						[ 76.2455734086, 9.9628558062 ],
						[ 76.2457457125, 9.9617941889 ],
						[ 76.245768255, 9.9616196043 ],
						[ 76.2458302886, 9.9611391713 ],
						[ 76.2458302886, 9.9611391713 ],
						[ 76.2458277692, 9.9611254969 ],
						[ 76.2457485309, 9.9606954137 ],
						[ 76.2457397289, 9.9606476389 ],
						[ 76.2457397288, 9.9606476388 ],
						[ 76.245733436, 9.9606134831 ],
						[ 76.2457086711, 9.9605557595 ],
						[ 76.2456109808, 9.9603280571 ],
						[ 76.2455557417, 9.960199302 ],
						[ 76.2455360819, 9.9601534778 ],
						[ 76.2455360814, 9.9601534766 ],
						[ 76.2453944805, 9.9597787122 ],
						[ 76.2453566083, 9.9596784787 ],
						[ 76.2453503632, 9.9596619502 ],
						[ 76.2452748084, 9.958912696 ],
						[ 76.2452734856, 9.9588996112 ],
						[ 76.2452734856, 9.9588996112 ],
						[ 76.2452694198, 9.9588841187 ],
						[ 76.2452652867, 9.958868382 ],
						[ 76.2450237738, 9.9579471534 ],
						[ 76.2450254172, 9.9579458461 ],
						[ 76.2452177875, 9.957792815 ],
						[ 76.245314478, 9.9577460953 ],
						[ 76.2454109536, 9.9576994795 ],
						[ 76.245491162, 9.9576876573 ],
						[ 76.2455216209, 9.9576831636 ],
						[ 76.245728903, 9.9576935496 ],
						[ 76.2462020827, 9.9576711621 ],
						[ 76.2464090186, 9.95769718 ],
						[ 76.2466208929, 9.9577009039 ],
						[ 76.246808655, 9.9577267719 ],
						[ 76.2473802339, 9.9577300298 ],
						[ 76.247394794, 9.9577301128 ],
						[ 76.2473953715, 9.9577331849 ],
						[ 76.2473959707, 9.9577363728 ],
						[ 76.2473983105, 9.9577488209 ],
						[ 76.247467822, 9.958118624 ],
						[ 76.2474737095, 9.9581499457 ],
						[ 76.2474081258, 9.9581697374 ],
						[ 76.2474064576, 9.9581702409 ],
						[ 76.2473456725, 9.9582044681 ],
						[ 76.2473229148, 9.9582172827 ],
						[ 76.2473227415, 9.9582176816 ],
						[ 76.2473125903, 9.9582410497 ],
						[ 76.2472976446, 9.9582754547 ],
						[ 76.2472938816, 9.9582841173 ],
						[ 76.2472938013, 9.958284302 ],
						[ 76.2472947633, 9.9582971833 ],
						[ 76.2472962958, 9.9583177042 ],
						[ 76.247298768, 9.9583508088 ],
						[ 76.2472988771, 9.9583522877 ],
						[ 76.2472989699, 9.9583535133 ],
						[ 76.2473134404, 9.9585472832 ],
						[ 76.2473089815, 9.9586639377 ],
						[ 76.2473009148, 9.9588752133 ],
						[ 76.2472913255, 9.9591268145 ],
						[ 76.2472714743, 9.9594476633 ],
						[ 76.247235967, 9.9596875784 ],
						[ 76.2472782729, 9.9599878142 ],
						[ 76.2472783111, 9.9599880858 ],
						[ 76.2472912452, 9.9600178081 ],
						[ 76.2473109279, 9.9600630385 ],
						[ 76.2473447159, 9.9601406828 ],
						[ 76.2473679127, 9.9601939886 ],
						[ 76.2474732977, 9.9610769986 ],
						[ 76.2474407099, 9.9607874167 ],
						[ 76.2474144437, 9.9605540108 ],
						[ 76.2475171551, 9.9617800472 ],
						[ 76.2476027188, 9.9628013938 ],
						[ 76.2476034934, 9.9628106397 ],
						[ 76.2476039585, 9.9628161913 ],
						[ 76.2476046688, 9.9628246698 ],
						[ 76.2476891634, 9.9638332516 ],
						[ 76.2486399753, 9.963760396 ],
						[ 76.2490867592, 9.9637261613 ],
						[ 76.2494330765, 9.9637167256 ],
						[ 76.2494854038, 9.9637152999 ],
						[ 76.249481986, 9.9637428528 ],
						[ 76.2494547004, 9.9639628193 ],
						[ 76.249442319, 9.964062633 ],
						[ 76.2494245875, 9.964205578 ],
						[ 76.2494190813, 9.9645908976 ],
						[ 76.2494130059, 9.9650160481 ],
						[ 76.2494213772, 9.9650316984 ],
						[ 76.2494451358, 9.9650761156 ],
						[ 76.2495165192, 9.9652095679 ],
						[ 76.249633458, 9.9654281864 ],
						[ 76.2498408781, 9.96581596 ],
						[ 76.2499630196, 9.9660443045 ],
						[ 76.2499734042, 9.9660529354 ],
						[ 76.2505936684, 9.9665684516 ],
						[ 76.250946131, 9.9668613912 ]
					]
				]
			},
			"properties" : {
				"gml_id" : "Ernakulam_editor.fid-f0aec0d_192a2341ec3_-2a5",
				"geom" : null,
				"District" : "Ernakulam",
				"LSGD" : "Cochin",
				"Ward_Name" : "KALVATHY",
				"Ward_No" : 2,
				"Lsgd_Type" : "Corporation",
				"Created_Da" : "2024-10-20T13:49:58.367Z",
				"Surveyor" : "Bijumon B",
				"Mob_No" : "9946674644",
				"Remarks" : null,
				"Q__result" : "ErnakulamLocked.Cochin2",
				"Q__timesta" : "20250528",
				"_result" : "Ernakulam_Cochin",
				"OBJECTID" : 1131,
				"gml_parent_id" : null,
				"gml_parent_property" : "featureMembers",
				"Created_Date" : "2024-10-22T08:33:36.003Z",
				"_ulid" : "01JBBD7151DY27T8X2GJ2ZD40P"
			}
		},
		{
			"type" : "Feature",
			"geometry" : {
				"type" : "Polygon",
				"coordinates" : [
					[
						[ 76.2952360351, 10.00737782 ],
						[ 76.2952177692, 10.0073743633 ],
						[ 76.2951505375, 10.0073607447 ],
						[ 76.2950917261, 10.0073483848 ],
						[ 76.2950737374, 10.0073441663 ],
						[ 76.2950600761, 10.0073409626 ],
						[ 76.2950035253, 10.0073312808 ],
						[ 76.2950018309, 10.0073310516 ],
						[ 76.294945795, 10.0073234704 ],
						[ 76.2949331434, 10.0073217588 ],
						[ 76.2948880646, 10.0073156601 ],
						[ 76.2948294826, 10.0073079704 ],
						[ 76.2947849893, 10.007299331 ],
						[ 76.2947460326, 10.007286648 ],
						[ 76.2947260114, 10.0072807459 ],
						[ 76.294698525, 10.007272643 ],
						[ 76.2946680545, 10.0072633494 ],
						[ 76.2946364105, 10.0072553387 ],
						[ 76.2946111039, 10.0072489324 ],
						[ 76.2945667023, 10.0072361291 ],
						[ 76.294522636, 10.0072231626 ],
						[ 76.2945160188, 10.0072212006 ],
						[ 76.2944049352, 10.0071882635 ],
						[ 76.2944088736, 10.0071808408 ],
						[ 76.2944328686, 10.0071370332 ],
						[ 76.2945164567, 10.0069855555 ],
						[ 76.2946339756, 10.0067562342 ],
						[ 76.2946934093, 10.0066017872 ],
						[ 76.2947400197, 10.0064512757 ],
						[ 76.2947723866, 10.006311164 ],
						[ 76.2948009854, 10.0061652725 ],
						[ 76.2948689134, 10.0059479286 ],
						[ 76.2949415837, 10.0056496467 ],
						[ 76.2949969223, 10.0053732234 ],
						[ 76.295016734, 10.0053084005 ],
						[ 76.2950167342, 10.0053084 ],
						[ 76.2950167343, 10.0053083998 ],
						[ 76.2950503525, 10.0052130794 ],
						[ 76.2951067808, 10.0050548305 ],
						[ 76.2951484489, 10.0049317564 ],
						[ 76.2951837758, 10.0048286329 ],
						[ 76.2952539795, 10.004638057 ],
						[ 76.2953012782, 10.004436138 ],
						[ 76.295324729, 10.0043389555 ],
						[ 76.2953650994, 10.0041767518 ],
						[ 76.295390611, 10.0040818344 ],
						[ 76.2954378239, 10.0039155903 ],
						[ 76.2954941463, 10.0036974605 ],
						[ 76.2954964724, 10.0036734261 ],
						[ 76.2955041083, 10.0035945251 ],
						[ 76.2955119957, 10.0035130265 ],
						[ 76.295520039, 10.0034299168 ],
						[ 76.2955357408, 10.0032955894 ],
						[ 76.2955544127, 10.0032010021 ],
						[ 76.2955667, 10.0031454889 ],
						[ 76.2955922839, 10.0030199233 ],
						[ 76.2955939383, 10.0029967154 ],
						[ 76.2956033595, 10.0028645534 ],
						[ 76.2956033595, 10.0028645533 ],
						[ 76.2956071303, 10.0028116551 ],
						[ 76.2956077457, 10.0027936055 ],
						[ 76.2956077457, 10.0027936055 ],
						[ 76.2956118232, 10.0026740168 ],
						[ 76.2956193728, 10.0025425143 ],
						[ 76.2956193728, 10.0025425143 ],
						[ 76.2956216277, 10.0025070173 ],
						[ 76.2956224049, 10.0024367879 ],
						[ 76.2956224049, 10.0024367878 ],
						[ 76.2956233713, 10.0023494592 ],
						[ 76.2956233871, 10.002348033 ],
						[ 76.2955796714, 10.002341156 ],
						[ 76.2955129933, 10.0023134604 ],
						[ 76.2954134481, 10.0022714462 ],
						[ 76.2953033733, 10.0022219429 ],
						[ 76.2952095567, 10.0021797514 ],
						[ 76.2951110292, 10.002134762 ],
						[ 76.2949902037, 10.0020795213 ],
						[ 76.2949902035, 10.0020795213 ],
						[ 76.2949609716, 10.0020661566 ],
						[ 76.2948895764, 10.0020398052 ],
						[ 76.2948895756, 10.0020398049 ],
						[ 76.2947912518, 10.0020035142 ],
						[ 76.294791251, 10.0020035139 ],
						[ 76.294733884, 10.0019823401 ],
						[ 76.2946964982, 10.0019706945 ],
						[ 76.2946964979, 10.0019706944 ],
						[ 76.2945932489, 10.0019385327 ],
						[ 76.2944987789, 10.0019090125 ],
						[ 76.2944000793, 10.0018780001 ],
						[ 76.294400053, 10.0018779919 ],
						[ 76.2943694549, 10.0018683776 ],
						[ 76.2942910446, 10.0018437695 ],
						[ 76.2942909867, 10.0018437513 ],
						[ 76.2942909864, 10.0018437512 ],
						[ 76.2942463315, 10.0018297367 ],
						[ 76.2941295529, 10.0017950798 ],
						[ 76.2941090963, 10.0017887703 ],
						[ 76.2941090959, 10.0017887702 ],
						[ 76.2940179005, 10.0017606424 ],
						[ 76.2939287323, 10.0017281799 ],
						[ 76.2938453564, 10.0016908217 ],
						[ 76.2938453533, 10.0016908204 ],
						[ 76.2937819207, 10.0016623982 ],
						[ 76.2937758089, 10.0016598987 ],
						[ 76.2937758088, 10.0016598987 ],
						[ 76.2937108867, 10.0016333486 ],
						[ 76.2937108833, 10.0016333473 ],
						[ 76.293635016, 10.0016023212 ],
						[ 76.2936138169, 10.0015939428 ],
						[ 76.2936138165, 10.0015939427 ],
						[ 76.2935142312, 10.0015545845 ],
						[ 76.2934220175, 10.0015172512 ],
						[ 76.2933202368, 10.0014754026 ],
						[ 76.2932058749, 10.001426416 ],
						[ 76.2931152859, 10.0013810627 ],
						[ 76.2931151408, 10.00138099 ],
						[ 76.2931150882, 10.0013809637 ],
						[ 76.2931150789, 10.0013809606 ],
						[ 76.2930398449, 10.0013561623 ],
						[ 76.2929396374, 10.001313248 ],
						[ 76.2929396373, 10.001313248 ],
						[ 76.2929153589, 10.0013021307 ],
						[ 76.2928402493, 10.0012713383 ],
						[ 76.292840249, 10.0012713382 ],
						[ 76.292840249, 10.0012713382 ],
						[ 76.2928209994, 10.0012634465 ],
						[ 76.2927325467, 10.0012363967 ],
						[ 76.2927028305, 10.0013311124 ],
						[ 76.2926967019, 10.0013471377 ],
						[ 76.2926761749, 10.0014008125 ],
						[ 76.2926257013, 10.0015084873 ],
						[ 76.2925203942, 10.0016519543 ],
						[ 76.2924296445, 10.0016596767 ],
						[ 76.2923891583, 10.0016599984 ],
						[ 76.2923403917, 10.0016631312 ],
						[ 76.2922288588, 10.0015933127 ],
						[ 76.2922227394, 10.0015908127 ],
						[ 76.2921558887, 10.0015635019 ],
						[ 76.2921558782, 10.0015634976 ],
						[ 76.292073586, 10.0015298784 ],
						[ 76.2920283285, 10.0015115245 ],
						[ 76.2920283235, 10.0015115225 ],
						[ 76.2920283227, 10.0015115222 ],
						[ 76.2919136435, 10.0014650147 ],
						[ 76.2918989663, 10.0014605538 ],
						[ 76.2918989663, 10.0014605538 ],
						[ 76.2917845673, 10.0014257837 ],
						[ 76.2917845649, 10.0014257829 ],
						[ 76.2917342837, 10.0014105006 ],
						[ 76.2916679326, 10.0013908731 ],
						[ 76.2916679311, 10.0013908726 ],
						[ 76.2916679309, 10.0013908726 ],
						[ 76.2916211554, 10.0013770358 ],
						[ 76.291550977, 10.0013592069 ],
						[ 76.2915509767, 10.0013592068 ],
						[ 76.2915509765, 10.0013592068 ],
						[ 76.2915019057, 10.0013467403 ],
						[ 76.2914537479, 10.0013372815 ],
						[ 76.2914537476, 10.0013372814 ],
						[ 76.2914537473, 10.0013372814 ],
						[ 76.2913498267, 10.00131687 ],
						[ 76.2911532728, 10.0012881273 ],
						[ 76.2909740657, 10.0012638124 ],
						[ 76.2909740617, 10.0012638119 ],
						[ 76.2908749009, 10.0012503577 ],
						[ 76.2907915505, 10.0012364429 ],
						[ 76.2907882055, 10.0012358901 ],
						[ 76.2907882053, 10.0012358901 ],
						[ 76.2907167197, 10.0012231581 ],
						[ 76.2905672813, 10.0012045849 ],
						[ 76.2904955801, 10.0011931723 ],
						[ 76.2904955785, 10.001193172 ],
						[ 76.2903843733, 10.001175025 ],
						[ 76.2903092847, 10.0011619847 ],
						[ 76.2901327769, 10.0011052793 ],
						[ 76.2895779711, 10.0010123332 ],
						[ 76.2894294383, 10.0009738018 ],
						[ 76.2893881198, 10.0009630833 ],
						[ 76.2892928021, 10.0009679819 ],
						[ 76.2892739826, 10.0009699972 ],
						[ 76.2892548719, 10.0009672359 ],
						[ 76.2891090588, 10.0009397549 ],
						[ 76.2889641564, 10.0009219972 ],
						[ 76.2889067817, 10.000914966 ],
						[ 76.2888780943, 10.0009114504 ],
						[ 76.2888501165, 10.0009033174 ],
						[ 76.2887235365, 10.0008552582 ],
						[ 76.2884876382, 10.0008060909 ],
						[ 76.2877318121, 10.0006689305 ],
						[ 76.2877521503, 9.9996211988 ],
						[ 76.2877354864, 9.9995906284 ],
						[ 76.2877413939, 9.9995818255 ],
						[ 76.2877432497, 9.99957906 ],
						[ 76.2877436757, 9.9995784252 ],
						[ 76.2878383853, 9.9994372948 ],
						[ 76.2879309428, 9.9991283743 ],
						[ 76.287932791, 9.9991133165 ],
						[ 76.2879577326, 9.9989116678 ],
						[ 76.288035105, 9.9986894929 ],
						[ 76.2880485681, 9.9984706366 ],
						[ 76.288102462, 9.998255034 ],
						[ 76.2881029507, 9.9982530787 ],
						[ 76.2881029601, 9.9982530688 ],
						[ 76.2882263328, 9.9981213756 ],
						[ 76.288260057, 9.9981027299 ],
						[ 76.2882600572, 9.9981027298 ],
						[ 76.2883341052, 9.9980690472 ],
						[ 76.2885794281, 9.998167867 ],
						[ 76.2886388605, 9.998149066 ],
						[ 76.2886953913, 9.998022341 ],
						[ 76.2887034671, 9.9980042374 ],
						[ 76.2886865352, 9.9979584026 ],
						[ 76.2886865352, 9.9979584024 ],
						[ 76.2886499182, 9.9978592794 ],
						[ 76.2886445923, 9.997851683 ],
						[ 76.2886445918, 9.9978516823 ],
						[ 76.2885913963, 9.9977758087 ],
						[ 76.2885211316, 9.9976752177 ],
						[ 76.2884678321, 9.9975956473 ],
						[ 76.2884381778, 9.9975261904 ],
						[ 76.2884197258, 9.9973094637 ],
						[ 76.2884184989, 9.9972944632 ],
						[ 76.2884168978, 9.9972748885 ],
						[ 76.2884152784, 9.9972550894 ],
						[ 76.2884135747, 9.9972342602 ],
						[ 76.2884119109, 9.997213919 ],
						[ 76.2884097421, 9.997187403 ],
						[ 76.2884097421, 9.9971874029 ],
						[ 76.2884080447, 9.9971666506 ],
						[ 76.2884071571, 9.9971557989 ],
						[ 76.2884106249, 9.9971499328 ],
						[ 76.288418347, 9.9971382841 ],
						[ 76.2884444704, 9.9970988776 ],
						[ 76.2884891731, 9.9971055888 ],
						[ 76.2884891732, 9.9971055888 ],
						[ 76.2884891733, 9.9971055888 ],
						[ 76.2885234452, 9.9971117128 ],
						[ 76.2886488295, 9.9971378458 ],
						[ 76.2887635156, 9.9971569069 ],
						[ 76.288782243, 9.997166611 ],
						[ 76.2888615732, 9.997210661 ],
						[ 76.2889220825, 9.9972171374 ],
						[ 76.2889868401, 9.9971754812 ],
						[ 76.289093328, 9.997058696 ],
						[ 76.2891709965, 9.9969069846 ],
						[ 76.2892044428, 9.9968688588 ],
						[ 76.2892778329, 9.9967870404 ],
						[ 76.2892900526, 9.9967789246 ],
						[ 76.2894732763, 9.9966668522 ],
						[ 76.2896294762, 9.9965421159 ],
						[ 76.2898366669, 9.9963210661 ],
						[ 76.2898366524, 9.9963210583 ],
						[ 76.2898229801, 9.996313657 ],
						[ 76.2898233508, 9.9963124386 ],
						[ 76.2898238545, 9.9963107833 ],
						[ 76.2898242292, 9.9963095518 ],
						[ 76.2898334475, 9.9962740232 ],
						[ 76.2898602315, 9.9961707947 ],
						[ 76.2898815606, 9.9960843557 ],
						[ 76.2899229979, 9.9959164257 ],
						[ 76.28996772, 9.9957447043 ],
						[ 76.2899706053, 9.9957336255 ],
						[ 76.2899848616, 9.9956788852 ],
						[ 76.2900051996, 9.9955959977 ],
						[ 76.2900474776, 9.9954236944 ],
						[ 76.2900652701, 9.9953511808 ],
						[ 76.2900716894, 9.9953321882 ],
						[ 76.2901270439, 9.995168411 ],
						[ 76.2901616794, 9.9950659351 ],
						[ 76.2901621014, 9.9950652371 ],
						[ 76.2902024224, 9.9949985607 ],
						[ 76.2902399138, 9.9949365633 ],
						[ 76.2902403422, 9.994935855 ],
						[ 76.2902813955, 9.9948679675 ],
						[ 76.2904495144, 9.9945875769 ],
						[ 76.2905122027, 9.994481672 ],
						[ 76.2905625737, 9.9943965756 ],
						[ 76.2905684808, 9.9943828098 ],
						[ 76.2905726215, 9.9943731604 ],
						[ 76.2906148184, 9.9942748252 ],
						[ 76.2906180607, 9.9942672692 ],
						[ 76.2906499876, 9.9941192989 ],
						[ 76.2906900757, 9.9939363141 ],
						[ 76.2907450503, 9.9936674749 ],
						[ 76.2907465995, 9.9936690531 ],
						[ 76.2909418964, 9.9938680019 ],
						[ 76.2909638566, 9.993890796 ],
						[ 76.2910034899, 9.9939319342 ],
						[ 76.2910885256, 9.9940201986 ],
						[ 76.2911643437, 9.9940984599 ],
						[ 76.291221667, 9.9941576304 ],
						[ 76.2912463693, 9.9941824617 ],
						[ 76.2913099362, 9.9942463604 ],
						[ 76.2913544494, 9.9942911059 ],
						[ 76.291383347, 9.9943227393 ],
						[ 76.2914542593, 9.994400365 ],
						[ 76.2915759506, 9.9945276382 ],
						[ 76.291616595, 9.9945698675 ],
						[ 76.2917252773, 9.9946827875 ],
						[ 76.2918211675, 9.9947848008 ],
						[ 76.2918409136, 9.9948058078 ],
						[ 76.2918805487, 9.9948446294 ],
						[ 76.2918906175, 9.9948544915 ],
						[ 76.2919955774, 9.994957297 ],
						[ 76.2920388199, 9.9949956042 ],
						[ 76.2921880022, 9.9951277602 ],
						[ 76.292206056, 9.9951437535 ],
						[ 76.2923640329, 9.9952647357 ],
						[ 76.2923755946, 9.99527359 ],
						[ 76.2924058974, 9.9952967965 ],
						[ 76.2924227742, 9.9953097211 ],
						[ 76.2925400408, 9.995401055 ],
						[ 76.292540049, 9.9954010614 ],
						[ 76.2926371538, 9.9954766921 ],
						[ 76.2927110082, 9.995536515 ],
						[ 76.2928583064, 9.9956558282 ],
						[ 76.2928788758, 9.995671531 ],
						[ 76.2930469772, 9.9957998603 ],
						[ 76.2930662721, 9.9958145901 ],
						[ 76.2930743714, 9.9958204381 ],
						[ 76.2931049248, 9.9958424986 ],
						[ 76.2931838444, 9.9958994811 ],
						[ 76.293254336, 9.9959503782 ],
						[ 76.2933019328, 9.995985707 ],
						[ 76.2934531901, 9.996097978 ],
						[ 76.2935661368, 9.9961806269 ],
						[ 76.2937560026, 9.9963195613 ],
						[ 76.2937823313, 9.9963384437 ],
						[ 76.2938391157, 9.9963791681 ],
						[ 76.2938809577, 9.9964091762 ],
						[ 76.2939992316, 9.9964933631 ],
						[ 76.294007023, 9.996498909 ],
						[ 76.2941225855, 9.996581994 ],
						[ 76.2942089977, 9.9966415816 ],
						[ 76.2942155214, 9.9966460802 ],
						[ 76.2942166473, 9.9966468847 ],
						[ 76.2942567612, 9.9966755466 ],
						[ 76.2943373856, 9.9967331538 ],
						[ 76.2944299419, 9.9967949034 ],
						[ 76.294435826, 9.9967988291 ],
						[ 76.2944399539, 9.996801583 ],
						[ 76.2945478875, 9.9968681532 ],
						[ 76.2945483132, 9.9968684157 ],
						[ 76.2945499592, 9.996869769 ],
						[ 76.2946348266, 9.9969395389 ],
						[ 76.2946348584, 9.9969395651 ],
						[ 76.2947076884, 9.9969927845 ],
						[ 76.2947305255, 9.9970094723 ],
						[ 76.2948280532, 9.997082896 ],
						[ 76.2949052622, 9.9971450775 ],
						[ 76.2949230008, 9.9971593635 ],
						[ 76.294935622, 9.9971687467 ],
						[ 76.2950040684, 9.9972196327 ],
						[ 76.2950341223, 9.997241976 ],
						[ 76.2950998921, 9.9972960457 ],
						[ 76.2951180105, 9.9973109409 ],
						[ 76.2951206675, 9.9973131252 ],
						[ 76.2951251298, 9.997316182 ],
						[ 76.2951252269, 9.9973162485 ],
						[ 76.2952105125, 9.9973746702 ],
						[ 76.2952965471, 9.9974402344 ],
						[ 76.2953240899, 9.9974626517 ],
						[ 76.2953534823, 9.9974865743 ],
						[ 76.2953934753, 9.9975191248 ],
						[ 76.2954438111, 9.9975570896 ],
						[ 76.2954453891, 9.9975582798 ],
						[ 76.2954754286, 9.9975809365 ],
						[ 76.2955549216, 9.9976446987 ],
						[ 76.2955583496, 9.9976474393 ],
						[ 76.2956251419, 9.9977008378 ],
						[ 76.2957066156, 9.997767023 ],
						[ 76.2957336003, 9.9977865483 ],
						[ 76.2957388747, 9.9977903647 ],
						[ 76.2957442753, 9.9977950218 ],
						[ 76.2958178881, 9.9978585004 ],
						[ 76.295870659, 9.9978978449 ],
						[ 76.2958749943, 9.9979010771 ],
						[ 76.2959095763, 9.997929507 ],
						[ 76.2959121086, 9.9979315888 ],
						[ 76.2959615396, 9.9979722262 ],
						[ 76.2959684936, 9.9979774408 ],
						[ 76.2959833642, 9.9979885918 ],
						[ 76.2960165452, 9.9980134733 ],
						[ 76.2961065411, 9.9980838833 ],
						[ 76.2961423849, 9.9981135326 ],
						[ 76.2961825589, 9.9981467636 ],
						[ 76.296184804, 9.9981486207 ],
						[ 76.2962092138, 9.9981695941 ],
						[ 76.2962514713, 9.9982059025 ],
						[ 76.2962597361, 9.9982130038 ],
						[ 76.2962672518, 9.9982201954 ],
						[ 76.2963450796, 9.9982946675 ],
						[ 76.2963481731, 9.9982976277 ],
						[ 76.2964697397, 9.9984078981 ],
						[ 76.2965507575, 9.9984741268 ],
						[ 76.2965552946, 9.9984778356 ],
						[ 76.2965710358, 9.9984902723 ],
						[ 76.2966547173, 9.9985563864 ],
						[ 76.2966669268, 9.9985660328 ],
						[ 76.2967419788, 9.9986293224 ],
						[ 76.2967907559, 9.998678362 ],
						[ 76.2968251582, 9.9987129495 ],
						[ 76.2968330271, 9.9987208608 ],
						[ 76.2968582353, 9.9987451051 ],
						[ 76.2969183732, 9.9988029435 ],
						[ 76.2969255888, 9.9988102092 ],
						[ 76.2970103556, 9.9988955651 ],
						[ 76.2970215453, 9.9989068327 ],
						[ 76.297114934, 9.9989975137 ],
						[ 76.2971820944, 9.99906107 ],
						[ 76.2971841182, 9.9990626424 ],
						[ 76.2972348796, 9.9991020808 ],
						[ 76.2973144925, 9.9991647494 ],
						[ 76.2973319562, 9.9991793045 ],
						[ 76.2973416332, 9.9991873699 ],
						[ 76.297384473, 9.999223075 ],
						[ 76.2974309565, 9.999260097 ],
						[ 76.2974952637, 9.9993080424 ],
						[ 76.2975351432, 9.9993377751 ],
						[ 76.2975503604, 9.9993491206 ],
						[ 76.297634925, 9.9994178464 ],
						[ 76.2977249208, 9.9994882561 ],
						[ 76.2977941508, 9.9995431834 ],
						[ 76.2978282918, 9.9995718304 ],
						[ 76.2978680641, 9.9996052024 ],
						[ 76.2978793686, 9.9996146878 ],
						[ 76.2978877483, 9.999621719 ],
						[ 76.2979943381, 9.9997097389 ],
						[ 76.2980500859, 9.9997517985 ],
						[ 76.2981304844, 9.999812456 ],
						[ 76.2981753396, 9.999848758 ],
						[ 76.2981978053, 9.9998669397 ],
						[ 76.2982206274, 9.9998838154 ],
						[ 76.2982654791, 9.9999169807 ],
						[ 76.2982910831, 9.9999359813 ],
						[ 76.2982971887, 9.9999405122 ],
						[ 76.2983328948, 9.9999644633 ],
						[ 76.2983517055, 9.9999770812 ],
						[ 76.2983539226, 9.9999788613 ],
						[ 76.2983539575, 9.9999788893 ],
						[ 76.2983917298, 10.0000092175 ],
						[ 76.298401856, 10.000017348 ],
						[ 76.2984195301, 10.0000315388 ],
						[ 76.2984240458, 10.0000351646 ],
						[ 76.2984240726, 10.0000351861 ],
						[ 76.2984332753, 10.0000425751 ],
						[ 76.2984411418, 10.0000488913 ],
						[ 76.298484293, 10.0000835381 ],
						[ 76.2985010584, 10.0000969994 ],
						[ 76.298552547, 10.0001383406 ],
						[ 76.298596043, 10.0001732643 ],
						[ 76.2986412551, 10.000209566 ],
						[ 76.298670685, 10.0002331957 ],
						[ 76.2986706983, 10.0002332065 ],
						[ 76.2986705612, 10.0002335739 ],
						[ 76.2985811035, 10.0004733299 ],
						[ 76.2985790798, 10.0004787537 ],
						[ 76.2985619834, 10.0005078062 ],
						[ 76.2985498087, 10.000528495 ],
						[ 76.2985392666, 10.0005464094 ],
						[ 76.2985388558, 10.0005471075 ],
						[ 76.2985103183, 10.0006302732 ],
						[ 76.2984893906, 10.0006912621 ],
						[ 76.2984761556, 10.0007298322 ],
						[ 76.2984735011, 10.0007375682 ],
						[ 76.2984739292, 10.000739097 ],
						[ 76.2984810447, 10.000764505 ],
						[ 76.298487648, 10.0007880844 ],
						[ 76.298494564, 10.0008127799 ],
						[ 76.2984946717, 10.0008131646 ],
						[ 76.2985011573, 10.0008161521 ],
						[ 76.298503602, 10.0008172783 ],
						[ 76.2985780373, 10.0008515666 ],
						[ 76.2985906687, 10.0008573852 ],
						[ 76.2986007987, 10.0008613796 ],
						[ 76.2986154036, 10.0008671386 ],
						[ 76.2986744518, 10.0008904223 ],
						[ 76.2986814556, 10.000893184 ],
						[ 76.2987142189, 10.000905342 ],
						[ 76.2987451201, 10.000916809 ],
						[ 76.2987472818, 10.0009175833 ],
						[ 76.2987521165, 10.0009193152 ],
						[ 76.2987561428, 10.0009207575 ],
						[ 76.298813686, 10.0009372322 ],
						[ 76.2988359078, 10.0009435943 ],
						[ 76.2988763115, 10.0009542876 ],
						[ 76.2988793712, 10.0009550973 ],
						[ 76.2989147377, 10.0009644574 ],
						[ 76.2989449295, 10.0009721819 ],
						[ 76.2989938998, 10.0009847108 ],
						[ 76.2990304854, 10.0009940711 ],
						[ 76.2990508195, 10.0009992735 ],
						[ 76.2990507516, 10.0010000607 ],
						[ 76.2990498482, 10.0010105303 ],
						[ 76.2990447054, 10.0010701332 ],
						[ 76.2990373768, 10.0011550665 ],
						[ 76.2990368304, 10.0011601014 ],
						[ 76.299036661, 10.0011616622 ],
						[ 76.2990287051, 10.0012349716 ],
						[ 76.2990279866, 10.0012415925 ],
						[ 76.2990268201, 10.0012523405 ],
						[ 76.2990265876, 10.0012544837 ],
						[ 76.2990217974, 10.001298622 ],
						[ 76.2990197092, 10.0013229654 ],
						[ 76.2990193644, 10.0013269845 ],
						[ 76.2990193289, 10.001327398 ],
						[ 76.2990192769, 10.0013280048 ],
						[ 76.2990188059, 10.0013334956 ],
						[ 76.299013231, 10.0013984836 ],
						[ 76.2990116009, 10.001417486 ],
						[ 76.2990110553, 10.0014238463 ],
						[ 76.2990079534, 10.0014600071 ],
						[ 76.299006571, 10.0014742417 ],
						[ 76.2990030871, 10.0015101167 ],
						[ 76.2990028548, 10.0015125089 ],
						[ 76.2990027736, 10.0015133447 ],
						[ 76.2990019592, 10.0015217307 ],
						[ 76.2990002242, 10.0015395962 ],
						[ 76.2989941211, 10.0016024422 ],
						[ 76.2989940051, 10.001603637 ],
						[ 76.298991035, 10.0016342211 ],
						[ 76.298989823, 10.0016452417 ],
						[ 76.2989860659, 10.0016794076 ],
						[ 76.2989843225, 10.0016952616 ],
						[ 76.2989829383, 10.0017078481 ],
						[ 76.2989775484, 10.0017568619 ],
						[ 76.2989770581, 10.0017613205 ],
						[ 76.2989742832, 10.0017865543 ],
						[ 76.298973468, 10.0017939672 ],
						[ 76.2989705747, 10.0018202772 ],
						[ 76.2989676591, 10.0018542579 ],
						[ 76.2989649148, 10.001886242 ],
						[ 76.2989648592, 10.00188689 ],
						[ 76.2989648532, 10.0018869603 ],
						[ 76.2989643744, 10.0018925405 ],
						[ 76.2989592847, 10.0019518594 ],
						[ 76.2989578544, 10.001968529 ],
						[ 76.2989577185, 10.001970113 ],
						[ 76.2989576446, 10.0019709746 ],
						[ 76.2989534535, 10.0020198207 ],
						[ 76.2989515191, 10.002037029 ],
						[ 76.29895122, 10.0020396895 ],
						[ 76.2989476743, 10.0020712319 ],
						[ 76.2989473033, 10.0020745326 ],
						[ 76.2989472783, 10.0020747549 ],
						[ 76.2989472506, 10.0020750015 ],
						[ 76.2989417302, 10.0021241101 ],
						[ 76.2989387829, 10.0021503287 ],
						[ 76.2989385996, 10.0021519593 ],
						[ 76.2989382176, 10.002155358 ],
						[ 76.2989370723, 10.0021655468 ],
						[ 76.2989362074, 10.0021749213 ],
						[ 76.2989350177, 10.002187816 ],
						[ 76.2989333754, 10.0022056162 ],
						[ 76.2989293148, 10.0022496274 ],
						[ 76.2989284295, 10.0022546415 ],
						[ 76.2989269493, 10.0022630254 ],
						[ 76.2989269185, 10.0022631995 ],
						[ 76.2989264789, 10.0022656894 ],
						[ 76.2989178723, 10.0023144359 ],
						[ 76.2989102648, 10.0023575232 ],
						[ 76.2989045925, 10.0023842435 ],
						[ 76.2988899156, 10.0024533809 ],
						[ 76.2988860761, 10.0024714673 ],
						[ 76.2988845199, 10.0024787979 ],
						[ 76.2988823335, 10.0024890971 ],
						[ 76.2988766271, 10.0025159778 ],
						[ 76.2988620445, 10.0025846711 ],
						[ 76.2988614951, 10.002587259 ],
						[ 76.2988614397, 10.0025875199 ],
						[ 76.2988614292, 10.0025875694 ],
						[ 76.2988609712, 10.0025897268 ],
						[ 76.2988585337, 10.0026012091 ],
						[ 76.2988530428, 10.0026294304 ],
						[ 76.2988479126, 10.0026557984 ],
						[ 76.2988370699, 10.0027115266 ],
						[ 76.2988200326, 10.0027990936 ],
						[ 76.2988066668, 10.0028677901 ],
						[ 76.2988062873, 10.0028687284 ],
						[ 76.2988061884, 10.0028689729 ],
						[ 76.2988029955, 10.0028768673 ],
						[ 76.2987786307, 10.0029371088 ],
						[ 76.29875249, 10.0030017414 ],
						[ 76.298729955, 10.0030574589 ],
						[ 76.2987291049, 10.0030578123 ],
						[ 76.2987289056, 10.0030578952 ],
						[ 76.2986929528, 10.0030728445 ],
						[ 76.2986383525, 10.0030955475 ],
						[ 76.2986283931, 10.0030996886 ],
						[ 76.2986201143, 10.0031031309 ],
						[ 76.2986198533, 10.0031032395 ],
						[ 76.2986175445, 10.0031060962 ],
						[ 76.2986163637, 10.0031075572 ],
						[ 76.2986031151, 10.0031239493 ],
						[ 76.2985886125, 10.003141893 ],
						[ 76.2985718983, 10.0031625731 ],
						[ 76.2985275573, 10.003217435 ],
						[ 76.2985266334, 10.0032185782 ],
						[ 76.29852638, 10.0032188917 ],
						[ 76.2985261625, 10.0032214557 ],
						[ 76.2985225528, 10.0032640043 ],
						[ 76.2985223025, 10.0032669544 ],
						[ 76.298521663, 10.0032744932 ],
						[ 76.298518959, 10.0033063661 ],
						[ 76.2985186888, 10.003309551 ],
						[ 76.2985005782, 10.0033286324 ],
						[ 76.2984736218, 10.0033570339 ],
						[ 76.2984519424, 10.0033798755 ],
						[ 76.2984510934, 10.0033795437 ],
						[ 76.2984124106, 10.0033644235 ],
						[ 76.2984095509, 10.0033633057 ],
						[ 76.2984095222, 10.0033632945 ],
						[ 76.29840715, 10.0033623672 ],
						[ 76.2983742637, 10.0033495127 ],
						[ 76.2983516025, 10.003340655 ],
						[ 76.2983515209, 10.0033409731 ],
						[ 76.2983417684, 10.0033790351 ],
						[ 76.2983385375, 10.0033916441 ],
						[ 76.2983383769, 10.0033922711 ],
						[ 76.2983372261, 10.0033967623 ],
						[ 76.2983362152, 10.0034007076 ],
						[ 76.2983361569, 10.0034009353 ],
						[ 76.2983329143, 10.0034135902 ],
						[ 76.2983216328, 10.0034576191 ],
						[ 76.2983139098, 10.0034877602 ],
						[ 76.298298326, 10.003540529 ],
						[ 76.2982947656, 10.0035525849 ],
						[ 76.2982939951, 10.0035551942 ],
						[ 76.2982746061, 10.0036120167 ],
						[ 76.298273519, 10.0036152027 ],
						[ 76.2982692969, 10.0036275763 ],
						[ 76.2982540777, 10.0036721788 ],
						[ 76.2982536328, 10.0036734827 ],
						[ 76.2982421582, 10.0037104098 ],
						[ 76.2982387652, 10.0037213291 ],
						[ 76.2982322128, 10.003742416 ],
						[ 76.2982289006, 10.0037530753 ],
						[ 76.2982270896, 10.0037589035 ],
						[ 76.298220969, 10.0037786005 ],
						[ 76.2982010434, 10.0038427247 ],
						[ 76.298200706, 10.0038438106 ],
						[ 76.2981983121, 10.0038451015 ],
						[ 76.2981404433, 10.0038763058 ],
						[ 76.2980879804, 10.003852979 ],
						[ 76.2980823226, 10.0038504633 ],
						[ 76.2980715934, 10.0038473244 ],
						[ 76.29806748, 10.003846121 ],
						[ 76.2980598407, 10.003843886 ],
						[ 76.2980597646, 10.0038438638 ],
						[ 76.2979937514, 10.0038245509 ],
						[ 76.2979739083, 10.0038187456 ],
						[ 76.2979588813, 10.0038143493 ],
						[ 76.2979028057, 10.0037979438 ],
						[ 76.2978868706, 10.0037932819 ],
						[ 76.2978788353, 10.0037910572 ],
						[ 76.2978333076, 10.0037784522 ],
						[ 76.2978162615, 10.0037735399 ],
						[ 76.2977850716, 10.0037645518 ],
						[ 76.2977802208, 10.0037629563 ],
						[ 76.297750889, 10.0037533083 ],
						[ 76.2977330195, 10.003748138 ],
						[ 76.2977154845, 10.0037430645 ],
						[ 76.2976929703, 10.003736316 ],
						[ 76.2976609801, 10.0037267272 ],
						[ 76.2976434626, 10.0037215724 ],
						[ 76.2976176885, 10.0037139879 ],
						[ 76.2975765626, 10.0037019934 ],
						[ 76.297566745, 10.0036991301 ],
						[ 76.2975639014, 10.0036982755 ],
						[ 76.2974709534, 10.0036703405 ],
						[ 76.2974705124, 10.0036702079 ],
						[ 76.2974644913, 10.0036683983 ],
						[ 76.2974394896, 10.0036608842 ],
						[ 76.2973863648, 10.003645092 ],
						[ 76.2973834125, 10.0036442144 ],
						[ 76.2973625057, 10.0036379996 ],
						[ 76.2973261545, 10.0036271936 ],
						[ 76.2972924186, 10.0036172852 ],
						[ 76.2972762311, 10.0036125308 ],
						[ 76.297260599, 10.0036079396 ],
						[ 76.2972407907, 10.0036016498 ],
						[ 76.2972347853, 10.0035997429 ],
						[ 76.2972159576, 10.0035937645 ],
						[ 76.2971944849, 10.0035869462 ],
						[ 76.2971800356, 10.0035828501 ],
						[ 76.2971354084, 10.003570199 ],
						[ 76.297131083, 10.0035689728 ],
						[ 76.2970688769, 10.0035513385 ],
						[ 76.2970656674, 10.0035506699 ],
						[ 76.2970325002, 10.003543761 ],
						[ 76.2970124171, 10.0035400063 ],
						[ 76.2969787589, 10.0035337138 ],
						[ 76.2969346113, 10.0035253238 ],
						[ 76.2969086141, 10.0035203832 ],
						[ 76.2969069469, 10.0035200663 ],
						[ 76.2968881608, 10.0035423499 ],
						[ 76.2968847573, 10.0035467466 ],
						[ 76.2968722502, 10.0035629034 ],
						[ 76.2968677251, 10.0035687489 ],
						[ 76.2968666525, 10.0035725927 ],
						[ 76.2968555702, 10.0036123094 ],
						[ 76.2968522967, 10.0036240411 ],
						[ 76.296849474, 10.0036341571 ],
						[ 76.2968484898, 10.0036376842 ],
						[ 76.2968398231, 10.003668744 ],
						[ 76.2968365972, 10.0036803048 ],
						[ 76.2968340465, 10.0036894459 ],
						[ 76.2968272549, 10.0037137858 ],
						[ 76.2968191876, 10.003741722 ],
						[ 76.296806522, 10.003776646 ],
						[ 76.2968054663, 10.003779557 ],
						[ 76.2967979068, 10.0038007005 ],
						[ 76.2967923472, 10.0038162504 ],
						[ 76.2967842912, 10.0038394588 ],
						[ 76.2967799146, 10.0038520674 ],
						[ 76.2967783462, 10.0038565858 ],
						[ 76.2967656788, 10.0038927356 ],
						[ 76.296757264, 10.0039167493 ],
						[ 76.2967517097, 10.0039322056 ],
						[ 76.2967509099, 10.0039344313 ],
						[ 76.2967243121, 10.0040084465 ],
						[ 76.2967185797, 10.0040318908 ],
						[ 76.2967143297, 10.0040492722 ],
						[ 76.2967128832, 10.0040551884 ],
						[ 76.296702237, 10.004098729 ],
						[ 76.2966901692, 10.0041454792 ],
						[ 76.2966774804, 10.0041946351 ],
						[ 76.2966774292, 10.0041948332 ],
						[ 76.2966646075, 10.0042445039 ],
						[ 76.2966617, 10.0042557674 ],
						[ 76.2966580721, 10.0042701651 ],
						[ 76.2966568409, 10.0042750509 ],
						[ 76.296632278, 10.0043725292 ],
						[ 76.2966322225, 10.0043727493 ],
						[ 76.2966188383, 10.0044258647 ],
						[ 76.2966103913, 10.004459774 ],
						[ 76.296602524, 10.0044913556 ],
						[ 76.296602017, 10.0044933909 ],
						[ 76.2966015269, 10.0044953584 ],
						[ 76.2966014486, 10.0044956729 ],
						[ 76.2965892542, 10.0045446252 ],
						[ 76.2965728752, 10.004610376 ],
						[ 76.2965704741, 10.0046200146 ],
						[ 76.2965687674, 10.004626866 ],
						[ 76.2965589744, 10.0046661782 ],
						[ 76.2965485353, 10.0047060069 ],
						[ 76.2965422228, 10.0047300912 ],
						[ 76.296527217, 10.004787343 ],
						[ 76.2965204973, 10.0048129809 ],
						[ 76.2965145133, 10.0048339048 ],
						[ 76.2965043244, 10.0048695322 ],
						[ 76.2965004334, 10.0048831378 ],
						[ 76.2964997529, 10.0048855171 ],
						[ 76.2964983127, 10.0048905533 ],
						[ 76.2964769831, 10.0049651357 ],
						[ 76.296465192, 10.0050063654 ],
						[ 76.2964644425, 10.0050089861 ],
						[ 76.2964631562, 10.005013484 ],
						[ 76.2964627208, 10.005018308 ],
						[ 76.2964559412, 10.0050934192 ],
						[ 76.2964568137, 10.0050945008 ],
						[ 76.296457097, 10.0050948521 ],
						[ 76.2964668385, 10.0051069284 ],
						[ 76.2964720539, 10.0051133939 ],
						[ 76.2964797526, 10.0051229378 ],
						[ 76.296500605, 10.005148788 ],
						[ 76.29650133, 10.005149202 ],
						[ 76.2965014004, 10.0051492423 ],
						[ 76.2965038411, 10.0051506362 ],
						[ 76.2965107055, 10.0051545566 ],
						[ 76.2965130052, 10.0051558701 ],
						[ 76.2965190136, 10.0051593016 ],
						[ 76.296523985, 10.0051621409 ],
						[ 76.2965416061, 10.0051722047 ],
						[ 76.2965525293, 10.0051777922 ],
						[ 76.2965697449, 10.0051865984 ],
						[ 76.2965840565, 10.0051939191 ],
						[ 76.2965961035, 10.0052005344 ],
						[ 76.2966165539, 10.0052117641 ],
						[ 76.2966342071, 10.0052213245 ],
						[ 76.2966364032, 10.0052225138 ],
						[ 76.296648187, 10.0052288955 ],
						[ 76.2966581092, 10.0052316426 ],
						[ 76.2966724864, 10.0052356231 ],
						[ 76.2966865156, 10.0052400847 ],
						[ 76.2967038054, 10.0052455831 ],
						[ 76.2967215986, 10.0052512416 ],
						[ 76.2967382675, 10.0052556856 ],
						[ 76.2967454882, 10.0052576106 ],
						[ 76.2967698238, 10.0052640985 ],
						[ 76.2967836324, 10.0052685327 ],
						[ 76.2967997708, 10.0052737151 ],
						[ 76.2968009267, 10.0052740862 ],
						[ 76.296829006, 10.0052831031 ],
						[ 76.2968474145, 10.0052879018 ],
						[ 76.2968505876, 10.005288729 ],
						[ 76.2968523648, 10.0052891923 ],
						[ 76.2968685161, 10.0052934026 ],
						[ 76.2968740129, 10.0052951018 ],
						[ 76.2969050947, 10.0053047095 ],
						[ 76.2969091489, 10.0053059627 ],
						[ 76.296921395, 10.0053097481 ],
						[ 76.2969235163, 10.0053104038 ],
						[ 76.2969329067, 10.0053146805 ],
						[ 76.2969436555, 10.0053195757 ],
						[ 76.2969466879, 10.0053209567 ],
						[ 76.2969506479, 10.0053230766 ],
						[ 76.2969516404, 10.0053236078 ],
						[ 76.2969618453, 10.0053290706 ],
						[ 76.297001595, 10.005350349 ],
						[ 76.2970030537, 10.005350955 ],
						[ 76.2970037004, 10.0053512237 ],
						[ 76.2970037446, 10.0053512421 ],
						[ 76.2970091465, 10.0053534864 ],
						[ 76.2970167607, 10.0053566499 ],
						[ 76.2970186122, 10.0053574192 ],
						[ 76.29701982, 10.005357921 ],
						[ 76.297031376, 10.0053627222 ],
						[ 76.297049908, 10.0053709228 ],
						[ 76.2970502154, 10.0053710588 ],
						[ 76.2970524219, 10.0053729957 ],
						[ 76.297053361, 10.00537382 ],
						[ 76.2970546082, 10.0053749149 ],
						[ 76.2970608642, 10.0053804064 ],
						[ 76.297063025, 10.0053819287 ],
						[ 76.2970723189, 10.0053884761 ],
						[ 76.2970724063, 10.0053886328 ],
						[ 76.2970823604, 10.0054064843 ],
						[ 76.2970869708, 10.0054176513 ],
						[ 76.2970881524, 10.0054205133 ],
						[ 76.2970917513, 10.0054292305 ],
						[ 76.2970963257, 10.0054561684 ],
						[ 76.2970978927, 10.0054653965 ],
						[ 76.2970994846, 10.0054860882 ],
						[ 76.2971007665, 10.0055027514 ],
						[ 76.2971010384, 10.0055072249 ],
						[ 76.2971015436, 10.0055155366 ],
						[ 76.2971030583, 10.0055404588 ],
						[ 76.2971040535, 10.0055732492 ],
						[ 76.2971041646, 10.0055769096 ],
						[ 76.2971031164, 10.0056050309 ],
						[ 76.2971026285, 10.0056181197 ],
						[ 76.2970982873, 10.0056791195 ],
						[ 76.2970973461, 10.0056923447 ],
						[ 76.2970972539, 10.0056936412 ],
						[ 76.2970934, 10.0057270674 ],
						[ 76.2970931912, 10.0057288781 ],
						[ 76.2970925285, 10.0057313307 ],
						[ 76.2970913169, 10.0057358152 ],
						[ 76.2970855851, 10.0057570291 ],
						[ 76.2970848577, 10.0057597212 ],
						[ 76.2970836234, 10.0057642895 ],
						[ 76.2970758676, 10.0057852812 ],
						[ 76.2970712755, 10.0057977099 ],
						[ 76.2970706543, 10.0057993913 ],
						[ 76.2970649171, 10.0058167471 ],
						[ 76.2970638148, 10.0058200815 ],
						[ 76.297055802, 10.0058443212 ],
						[ 76.2970551941, 10.0058459316 ],
						[ 76.2970544495, 10.0058479039 ],
						[ 76.2970391821, 10.0058883469 ],
						[ 76.2970271088, 10.0059188968 ],
						[ 76.2970237948, 10.0059272824 ],
						[ 76.2970138783, 10.0059514197 ],
						[ 76.2970074848, 10.0059669818 ],
						[ 76.2970069035, 10.0059683966 ],
						[ 76.2970056532, 10.0059714399 ],
						[ 76.2969939591, 10.006008866 ],
						[ 76.296992413, 10.0060138139 ],
						[ 76.2969872643, 10.0060361757 ],
						[ 76.2969833978, 10.0060529684 ],
						[ 76.2969827983, 10.0060555722 ],
						[ 76.2969826796, 10.0060595122 ],
						[ 76.2969820168, 10.0060815092 ],
						[ 76.2969816773, 10.0060927746 ],
						[ 76.2969815984, 10.0060953939 ],
						[ 76.2969816781, 10.0061237785 ],
						[ 76.2969824688, 10.0061359685 ],
						[ 76.2969831573, 10.0061465815 ],
						[ 76.2969853508, 10.0061803946 ],
						[ 76.29698582, 10.0061919857 ],
						[ 76.2969877692, 10.0062401396 ],
						[ 76.2969879793, 10.0062516286 ],
						[ 76.2969881367, 10.0062602351 ],
						[ 76.2969889551, 10.0063049749 ],
						[ 76.2969888727, 10.006313849 ],
						[ 76.2969884203, 10.0063625592 ],
						[ 76.2969883202, 10.0063954893 ],
						[ 76.2969883193, 10.0063957871 ],
						[ 76.2969882645, 10.0064137966 ],
						[ 76.2969882435, 10.0064207166 ],
						[ 76.2969883208, 10.006445824 ],
						[ 76.2969884244, 10.0064794471 ],
						[ 76.2969868045, 10.0065206542 ],
						[ 76.2969867955, 10.0065208845 ],
						[ 76.2969865956, 10.006525968 ],
						[ 76.2969865311, 10.0065341469 ],
						[ 76.296986353, 10.0065567337 ],
						[ 76.2969863408, 10.0065582806 ],
						[ 76.2969860104, 10.0066001687 ],
						[ 76.2969847599, 10.0066566067 ],
						[ 76.2969836043, 10.0066605499 ],
						[ 76.2969783216, 10.0066785746 ],
						[ 76.2969765067, 10.0066847673 ],
						[ 76.2969759102, 10.0066868025 ],
						[ 76.296966936, 10.0067087239 ],
						[ 76.2969617892, 10.006721296 ],
						[ 76.2969417586, 10.0067702251 ],
						[ 76.2969409423, 10.006772219 ],
						[ 76.2969335937, 10.0067912758 ],
						[ 76.2969244277, 10.0068150458 ],
						[ 76.2969235205, 10.0068173985 ],
						[ 76.2969231774, 10.0068182881 ],
						[ 76.2969040695, 10.0068950486 ],
						[ 76.296900718, 10.0069085119 ],
						[ 76.2969000072, 10.0069113676 ],
						[ 76.2968977389, 10.0069226572 ],
						[ 76.2968967053, 10.0069278016 ],
						[ 76.2968938985, 10.0069417717 ],
						[ 76.2968934978, 10.0069437661 ],
						[ 76.2968878515, 10.0069686004 ],
						[ 76.296883077, 10.0069896003 ],
						[ 76.2968771811, 10.0070161548 ],
						[ 76.2968756421, 10.0070230866 ],
						[ 76.2968669577, 10.007060157 ],
						[ 76.2968666852, 10.0070613202 ],
						[ 76.2968608627, 10.0070861741 ],
						[ 76.2968550693, 10.0071109035 ],
						[ 76.296850694, 10.0071303631 ],
						[ 76.2968492133, 10.0071369485 ],
						[ 76.2968485901, 10.0071397201 ],
						[ 76.296848551, 10.0071398938 ],
						[ 76.2968463282, 10.0071497798 ],
						[ 76.2968406991, 10.0071748156 ],
						[ 76.2968385533, 10.0071843591 ],
						[ 76.2968375122, 10.0071889891 ],
						[ 76.2968251636, 10.0072427603 ],
						[ 76.2968250013, 10.0072434668 ],
						[ 76.2968199502, 10.0072643556 ],
						[ 76.2968120128, 10.00729718 ],
						[ 76.2968113549, 10.0072996075 ],
						[ 76.2968107219, 10.0073019434 ],
						[ 76.2967997112, 10.007342573 ],
						[ 76.2967991869, 10.0073445773 ],
						[ 76.2967827923, 10.0074072508 ],
						[ 76.2967821844, 10.0074095748 ],
						[ 76.2967794933, 10.0074207036 ],
						[ 76.2967702997, 10.007458723 ],
						[ 76.2967684494, 10.007466375 ],
						[ 76.2967628942, 10.0074878421 ],
						[ 76.2967566894, 10.0075118198 ],
						[ 76.2967482352, 10.0075444898 ],
						[ 76.2967350081, 10.0075909706 ],
						[ 76.2967339537, 10.0075940719 ],
						[ 76.2967338494, 10.0075943787 ],
						[ 76.2967212846, 10.0076313341 ],
						[ 76.2967212439, 10.0076314538 ],
						[ 76.2967199212, 10.0076348036 ],
						[ 76.2967028655, 10.0076779999 ],
						[ 76.2967028073, 10.0076783557 ],
						[ 76.2966984251, 10.0077051843 ],
						[ 76.2966984266, 10.0077052032 ],
						[ 76.2966984203, 10.0077052243 ],
						[ 76.2966984092, 10.007705227 ],
						[ 76.2966280969, 10.0076878983 ],
						[ 76.2965996934, 10.0076819541 ],
						[ 76.2965763899, 10.0076770773 ],
						[ 76.2964174501, 10.0076409784 ],
						[ 76.2963165471, 10.0076152003 ],
						[ 76.2960951238, 10.0075586321 ],
						[ 76.2959991581, 10.0075375591 ],
						[ 76.2958720665, 10.0075099028 ],
						[ 76.2958472429, 10.0075045577 ],
						[ 76.2957974301, 10.0074938318 ],
						[ 76.2957047408, 10.0074742432 ],
						[ 76.2956424891, 10.0074610765 ],
						[ 76.2955644125, 10.0074441988 ],
						[ 76.2954730992, 10.0074249328 ],
						[ 76.2953845381, 10.0074063123 ],
						[ 76.2952810366, 10.0073863361 ],
						[ 76.2952360351, 10.00737782 ]
					]
				]
			},
			"properties" : {
				"gml_id" : "Ernakulam_editor.fid-f0aec0d_192a2341ec3_-2dc7",
				"geom" : null,
				"District" : "Ernakulam",
				"LSGD" : "Cochin",
				"Ward_Name" : "KALOOR NORTH",
				"Ward_No" : 17,
				"Lsgd_Type" : "Corporation",
				"Created_Da" : "2024-10-20T06:26:12.391Z",
				"Surveyor" : "Akshay Kumar K S",
				"Mob_No" : "9946674644",
				"Remarks" : null,
				"Q__result" : "ErnakulamLocked.Cochin17",
				"Q__timesta" : "20250528",
				"_result" : "Ernakulam_Cochin",
				"OBJECTID" : 1131,
				"gml_parent_id" : null,
				"gml_parent_property" : "featureMembers",
				"Created_Date" : "2024-10-22T08:33:36.003Z",
				"_ulid" : "01JBBD7151DY27T8X2GJ2ZD40P"
			}
		},
		{
			"type" : "Feature",
			"geometry" : {
				"type" : "Polygon",
				"coordinates" : [
					[
						[ 76.2830189236, 9.9200839589 ],
						[ 76.2830980635, 9.9205575534 ],
						[ 76.2831387602, 9.9207559611 ],
						[ 76.2831319548, 9.9210295413 ],
						[ 76.2828275765, 9.9211850215 ],
						[ 76.2827427519, 9.9212457997 ],
						[ 76.2827331278, 9.9212526955 ],
						[ 76.2825518262, 9.9213826007 ],
						[ 76.2825131155, 9.9214045906 ],
						[ 76.2823803927, 9.9214799848 ],
						[ 76.2822194189, 9.921571427 ],
						[ 76.2820850711, 9.9216477441 ],
						[ 76.2819229557, 9.9217347628 ],
						[ 76.2813390222, 9.9220083733 ],
						[ 76.2810755738, 9.9221363021 ],
						[ 76.2806826743, 9.9222630121 ],
						[ 76.2804091441, 9.9222804838 ],
						[ 76.2802328223, 9.922262038 ],
						[ 76.2802299345, 9.9221174559 ],
						[ 76.2802343676, 9.9220898858 ],
						[ 76.2802289544, 9.9220756129 ],
						[ 76.280139171, 9.9215230882 ],
						[ 76.2800545983, 9.9215392844 ],
						[ 76.2799157813, 9.9215385678 ],
						[ 76.279808301, 9.9214500139 ],
						[ 76.2795967652, 9.9212115055 ],
						[ 76.279508389, 9.9210422316 ],
						[ 76.279408376, 9.9208679616 ],
						[ 76.2793360212, 9.9206966336 ],
						[ 76.279496662, 9.9206677509 ],
						[ 76.2796771415, 9.9206419858 ],
						[ 76.279857838, 9.9206402918 ],
						[ 76.2799878935, 9.9206185008 ],
						[ 76.2801319939, 9.9205793793 ],
						[ 76.2802574304, 9.9205780443 ],
						[ 76.280345251, 9.9205711277 ],
						[ 76.2803873079, 9.9205739181 ],
						[ 76.2804308299, 9.9205876584 ],
						[ 76.2804583126, 9.920589072 ],
						[ 76.280488703, 9.9205868841 ],
						[ 76.280525757, 9.9205839171 ],
						[ 76.2805608355, 9.9205793217 ],
						[ 76.280585066, 9.920573714 ],
						[ 76.2806289466, 9.9205602015 ],
						[ 76.2806785808, 9.9205417474 ],
						[ 76.2807285591, 9.9205235912 ],
						[ 76.2807847847, 9.920503033 ],
						[ 76.280821102, 9.920504196 ],
						[ 76.2808413026, 9.920505484 ],
						[ 76.2808808288, 9.9205096676 ],
						[ 76.2809015291, 9.9205114564 ],
						[ 76.2809250417, 9.9205226464 ],
						[ 76.2809514845, 9.920545692 ],
						[ 76.2809932319, 9.9205697691 ],
						[ 76.2810409426, 9.9205832334 ],
						[ 76.2810892693, 9.9205921267 ],
						[ 76.2811893756, 9.9205921092 ],
						[ 76.2812969151, 9.9205883582 ],
						[ 76.2814333509, 9.9205589296 ],
						[ 76.2814198407, 9.9204728093 ],
						[ 76.281418287, 9.920442788 ],
						[ 76.2814438935, 9.9202854949 ],
						[ 76.2814438935, 9.9202854949 ],
						[ 76.2814713677, 9.9201328193 ],
						[ 76.2814725898, 9.9201265621 ],
						[ 76.2814862356, 9.9199430847 ],
						[ 76.2814447894, 9.9197625726 ],
						[ 76.2814427276, 9.9197539145 ],
						[ 76.2814202346, 9.9196594593 ],
						[ 76.2814083346, 9.9195960931 ],
						[ 76.2814028415, 9.919521795 ],
						[ 76.28140133, 9.9194891508 ],
						[ 76.2814199515, 9.919397893 ],
						[ 76.2814201795, 9.9193968242 ],
						[ 76.2813896537, 9.9193289516 ],
						[ 76.2813896537, 9.9193289516 ],
						[ 76.2813896537, 9.9193289516 ],
						[ 76.2813896537, 9.9193289516 ],
						[ 76.2813499604, 9.919261117 ],
						[ 76.2813338832, 9.9192243354 ],
						[ 76.2813326083, 9.9192158445 ],
						[ 76.2813572197, 9.9190554708 ],
						[ 76.2813571975, 9.919055469 ],
						[ 76.2813189513, 9.9190522629 ],
						[ 76.2813016848, 9.9190507925 ],
						[ 76.2812873191, 9.9190491103 ],
						[ 76.2812658346, 9.9190465946 ],
						[ 76.2812571095, 9.9190455729 ],
						[ 76.2812570886, 9.9190455636 ],
						[ 76.2812291447, 9.9190330493 ],
						[ 76.2811999094, 9.9190199567 ],
						[ 76.2811918318, 9.9190163178 ],
						[ 76.2812048826, 9.918947139 ],
						[ 76.2812048089, 9.9189471737 ],
						[ 76.2812103913, 9.9188755195 ],
						[ 76.2812103631, 9.9188753299 ],
						[ 76.2812018494, 9.9188179975 ],
						[ 76.2811925298, 9.9187552388 ],
						[ 76.2811876461, 9.9187223516 ],
						[ 76.2811876183, 9.9187221644 ],
						[ 76.2811875603, 9.9187217738 ],
						[ 76.281168313, 9.9186750385 ],
						[ 76.2811475413, 9.9186246015 ],
						[ 76.2811273517, 9.9185755781 ],
						[ 76.2811138265, 9.9185427368 ],
						[ 76.2811138103, 9.9185426975 ],
						[ 76.2810451734, 9.9185558936 ],
						[ 76.2810451731, 9.9185558936 ],
						[ 76.2809287667, 9.9185782738 ],
						[ 76.2809149864, 9.9185739895 ],
						[ 76.2809139667, 9.918573384 ],
						[ 76.2809025387, 9.9185638844 ],
						[ 76.2808930872, 9.9185560277 ],
						[ 76.2808583005, 9.9184869722 ],
						[ 76.2808513153, 9.9184660895 ],
						[ 76.2808510671, 9.9184653473 ],
						[ 76.2808500818, 9.9184624017 ],
						[ 76.2808238661, 9.9184282438 ],
						[ 76.2808222287, 9.9184263681 ],
						[ 76.2807915649, 9.9183912435 ],
						[ 76.280785739, 9.9183859069 ],
						[ 76.2807676552, 9.9183693421 ],
						[ 76.2807666558, 9.9183684267 ],
						[ 76.2807473082, 9.9183652639 ],
						[ 76.2807413495, 9.9183657112 ],
						[ 76.2807096785, 9.9183680884 ],
						[ 76.2807095951, 9.9183680947 ],
						[ 76.2806608457, 9.9183881361 ],
						[ 76.2806370447, 9.9183983125 ],
						[ 76.280570513, 9.9184254959 ],
						[ 76.280462254, 9.9184672227 ],
						[ 76.2803576128, 9.918507555 ],
						[ 76.2802463435, 9.9185503408 ],
						[ 76.2801271841, 9.9185961443 ],
						[ 76.280127184, 9.9185961443 ],
						[ 76.2801000945, 9.9186065572 ],
						[ 76.2800558123, 9.918615955 ],
						[ 76.2800401349, 9.9186130112 ],
						[ 76.2800197232, 9.9186034927 ],
						[ 76.2800119255, 9.9185960227 ],
						[ 76.279997369, 9.9185793515 ],
						[ 76.2799777301, 9.9185496387 ],
						[ 76.2799651851, 9.9185124418 ],
						[ 76.2799553326, 9.9184651849 ],
						[ 76.2799381692, 9.9183578258 ],
						[ 76.2799381688, 9.9183578232 ],
						[ 76.2799277895, 9.9182928995 ],
						[ 76.2799217295, 9.9182558361 ],
						[ 76.2799035998, 9.9181449533 ],
						[ 76.2799035997, 9.9181449527 ],
						[ 76.2798974144, 9.9181071225 ],
						[ 76.2798843011, 9.918029729 ],
						[ 76.2798805753, 9.9180077397 ],
						[ 76.2798804966, 9.9180072752 ],
						[ 76.2798798947, 9.9180065648 ],
						[ 76.279826764, 9.9179438575 ],
						[ 76.279800828, 9.9179058733 ],
						[ 76.2798034214, 9.9178697059 ],
						[ 76.2798434068, 9.917817435 ],
						[ 76.2799286167, 9.9177615234 ],
						[ 76.2799685186, 9.9177307404 ],
						[ 76.2800022687, 9.9176463067 ],
						[ 76.2800296686, 9.9175618939 ],
						[ 76.2800437373, 9.9175160582 ],
						[ 76.2800436011, 9.9175123928 ],
						[ 76.2800419198, 9.9174671472 ],
						[ 76.2800376563, 9.9174333171 ],
						[ 76.2800368292, 9.9174267543 ],
						[ 76.2800214227, 9.9173780133 ],
						[ 76.2800214227, 9.9173780133 ],
						[ 76.2798974511, 9.9174110756 ],
						[ 76.2798355106, 9.917430557 ],
						[ 76.2797465014, 9.9174581725 ],
						[ 76.279746501, 9.9174581726 ],
						[ 76.2796896329, 9.9174755899 ],
						[ 76.2795614082, 9.9175052173 ],
						[ 76.2795614074, 9.9175052175 ],
						[ 76.2794301087, 9.9175338476 ],
						[ 76.2794142146, 9.917537821 ],
						[ 76.2792667101, 9.9175746207 ],
						[ 76.27926671, 9.9175746207 ],
						[ 76.2791640035, 9.917599907 ],
						[ 76.2790643915, 9.9176148764 ],
						[ 76.2789799118, 9.9176261049 ],
						[ 76.2788669974, 9.9176321827 ],
						[ 76.2787794446, 9.9176347701 ],
						[ 76.2786487641, 9.9176327918 ],
						[ 76.2785193795, 9.9176308331 ],
						[ 76.2783856784, 9.9176288091 ],
						[ 76.2783856782, 9.9176288091 ],
						[ 76.2783761111, 9.9176286642 ],
						[ 76.2782524971, 9.9176303609 ],
						[ 76.278252497, 9.9176303609 ],
						[ 76.2782524967, 9.9176303609 ],
						[ 76.2782481139, 9.9176304211 ],
						[ 76.2781195228, 9.9176630843 ],
						[ 76.2779811749, 9.9176962631 ],
						[ 76.2779811741, 9.9176962633 ],
						[ 76.2777665241, 9.917742371 ],
						[ 76.2777555427, 9.9177446568 ],
						[ 76.2776393822, 9.9177681947 ],
						[ 76.2775344453, 9.9177751601 ],
						[ 76.2774834949, 9.9177784289 ],
						[ 76.277369072, 9.9177808918 ],
						[ 76.2772521051, 9.9177834095 ],
						[ 76.2772521011, 9.9177834096 ],
						[ 76.2771748354, 9.9177850727 ],
						[ 76.2771357216, 9.9177866859 ],
						[ 76.2770119889, 9.9177917891 ],
						[ 76.2770119883, 9.9177917892 ],
						[ 76.2769260964, 9.9177953317 ],
						[ 76.2770251982, 9.917359473 ],
						[ 76.2770397608, 9.9172991699 ],
						[ 76.2770511807, 9.9172451996 ],
						[ 76.2771424834, 9.9168173497 ],
						[ 76.2771424834, 9.9168173496 ],
						[ 76.2771424834, 9.9168173496 ],
						[ 76.2771424834, 9.9168173496 ],
						[ 76.2771402306, 9.9167319202 ],
						[ 76.2771402306, 9.9167319201 ],
						[ 76.2771402306, 9.9167319201 ],
						[ 76.2771733888, 9.9165798066 ],
						[ 76.2772138108, 9.9164090443 ],
						[ 76.277262561, 9.916226513 ],
						[ 76.2772946993, 9.9161123303 ],
						[ 76.2773260934, 9.9159785357 ],
						[ 76.2774050147, 9.9158641116 ],
						[ 76.2774050166, 9.9158641088 ],
						[ 76.2774886559, 9.9157458797 ],
						[ 76.2775477485, 9.9156643691 ],
						[ 76.277682431, 9.9153898329 ],
						[ 76.2777540634, 9.915225199 ],
						[ 76.2778246183, 9.9149991961 ],
						[ 76.2778734276, 9.914861046 ],
						[ 76.2780033866, 9.9145411611 ],
						[ 76.2781098587, 9.9142630474 ],
						[ 76.2781649896, 9.914131145 ],
						[ 76.2781827691, 9.9140894102 ],
						[ 76.2782435838, 9.9138378617 ],
						[ 76.2783271683, 9.9138487763 ],
						[ 76.2783453761, 9.9138511538 ],
						[ 76.2784897166, 9.9138700018 ],
						[ 76.2785103421, 9.9138726951 ],
						[ 76.2785526039, 9.9138782136 ],
						[ 76.2786427415, 9.9138899838 ],
						[ 76.2786992601, 9.913897364 ],
						[ 76.278778798, 9.91390775 ],
						[ 76.2787885897, 9.9139070319 ],
						[ 76.2787912505, 9.9139068367 ],
						[ 76.2788437293, 9.9139029878 ],
						[ 76.2788450172, 9.9139028933 ],
						[ 76.278845069, 9.9139026845 ],
						[ 76.2788919733, 9.913713442 ],
						[ 76.2789074692, 9.9136509217 ],
						[ 76.2789074696, 9.91365092 ],
						[ 76.2789074696, 9.91365092 ],
						[ 76.2789378982, 9.9135281514 ],
						[ 76.2789539772, 9.9134632779 ],
						[ 76.2789870437, 9.9133280657 ],
						[ 76.2790355005, 9.9131299209 ],
						[ 76.2790355007, 9.9131299203 ],
						[ 76.2790638902, 9.9130138324 ],
						[ 76.2790982566, 9.9128862732 ],
						[ 76.2791524715, 9.9126850414 ],
						[ 76.2791524717, 9.9126850406 ],
						[ 76.2791659342, 9.9126350714 ],
						[ 76.2791659346, 9.9126350699 ],
						[ 76.2791659346, 9.9126350699 ],
						[ 76.2791952803, 9.9125261462 ],
						[ 76.279216467, 9.9124513787 ],
						[ 76.2792849541, 9.9122096887 ],
						[ 76.2793403045, 9.9120143579 ],
						[ 76.2793403046, 9.9120143578 ],
						[ 76.2793492421, 9.9119828175 ],
						[ 76.2793502148, 9.9119798929 ],
						[ 76.279376504, 9.9119008518 ],
						[ 76.2794580384, 9.9116557108 ],
						[ 76.2794580479, 9.9116556825 ],
						[ 76.2795220625, 9.9114632161 ],
						[ 76.2796027802, 9.911484962 ],
						[ 76.2796028078, 9.9114849695 ],
						[ 76.2797041982, 9.9115122848 ],
						[ 76.2797742745, 9.9115311639 ],
						[ 76.2797886548, 9.9115344629 ],
						[ 76.2798821581, 9.9115559137 ],
						[ 76.2798821586, 9.9115559139 ],
						[ 76.2799242559, 9.9115655715 ],
						[ 76.2799677624, 9.9115767805 ],
						[ 76.280036866, 9.9115945843 ],
						[ 76.2800368666, 9.9115945845 ],
						[ 76.2801207455, 9.911616195 ],
						[ 76.2801528446, 9.9116225796 ],
						[ 76.280183514, 9.9116286798 ],
						[ 76.2801985628, 9.9116316731 ],
						[ 76.2802130888, 9.9116345624 ],
						[ 76.2802279875, 9.9116375258 ],
						[ 76.2802429692, 9.9116405057 ],
						[ 76.2802574147, 9.9116433789 ],
						[ 76.2802682742, 9.9116455389 ],
						[ 76.2802706478, 9.9116458984 ],
						[ 76.2802830026, 9.9116477695 ],
						[ 76.2802930031, 9.9116492841 ],
						[ 76.2803035958, 9.9116508883 ],
						[ 76.280314304, 9.9116525101 ],
						[ 76.280326506, 9.9116543581 ],
						[ 76.2803352559, 9.9116556832 ],
						[ 76.2803471673, 9.9116574872 ],
						[ 76.280348296, 9.9116576581 ],
						[ 76.2803495582, 9.9116574553 ],
						[ 76.280360338, 9.9116557232 ],
						[ 76.2804000328, 9.9116493449 ],
						[ 76.2804017829, 9.9116490637 ],
						[ 76.2804355537, 9.9116368799 ],
						[ 76.280435554, 9.9116368798 ],
						[ 76.2804429434, 9.9116342139 ],
						[ 76.280466075, 9.9116258685 ],
						[ 76.2804675838, 9.9116255494 ],
						[ 76.2804985877, 9.911618993 ],
						[ 76.2805252412, 9.9116208887 ],
						[ 76.2805278814, 9.9116210765 ],
						[ 76.280591995, 9.9116077347 ],
						[ 76.2805919973, 9.9116077342 ],
						[ 76.2805919973, 9.9116077342 ],
						[ 76.2806092254, 9.9116041491 ],
						[ 76.2806820209, 9.9115890005 ],
						[ 76.2807654786, 9.9115771139 ],
						[ 76.2807654833, 9.9115771132 ],
						[ 76.2807654833, 9.9115771132 ],
						[ 76.2808583614, 9.9115638849 ],
						[ 76.2808781187, 9.9115610709 ],
						[ 76.2809025969, 9.9115558275 ],
						[ 76.2809259505, 9.911550825 ],
						[ 76.2809292078, 9.9115508964 ],
						[ 76.2810039424, 9.911552534 ],
						[ 76.2810083466, 9.9115526305 ],
						[ 76.2810827393, 9.9115329278 ],
						[ 76.2810827418, 9.9115329272 ],
						[ 76.281187257, 9.9115052466 ],
						[ 76.2812668275, 9.911489126 ],
						[ 76.2812668296, 9.9114891255 ],
						[ 76.2812668296, 9.9114891255 ],
						[ 76.2813741973, 9.9114673733 ],
						[ 76.2813788573, 9.9114664292 ],
						[ 76.2813810118, 9.9114661423 ],
						[ 76.2814572907, 9.9114559855 ],
						[ 76.2815400443, 9.9114449665 ],
						[ 76.281543301, 9.9114427799 ],
						[ 76.2816110007, 9.9113973239 ],
						[ 76.281718029, 9.9113254614 ],
						[ 76.281718029, 9.9113254614 ],
						[ 76.2817209415, 9.9113235058 ],
						[ 76.2817498768, 9.9113201006 ],
						[ 76.2817916844, 9.9113151805 ],
						[ 76.2819086452, 9.9113014161 ],
						[ 76.2820065435, 9.9113370578 ],
						[ 76.2821120987, 9.9113754871 ],
						[ 76.2821175287, 9.9113759351 ],
						[ 76.2822023963, 9.9113829372 ],
						[ 76.2822155421, 9.9113840218 ],
						[ 76.2822991622, 9.9113886301 ],
						[ 76.2822991632, 9.9113886302 ],
						[ 76.2823987309, 9.9113941174 ],
						[ 76.2824399512, 9.9113921265 ],
						[ 76.2825558703, 9.9113865279 ],
						[ 76.2825558715, 9.9113865279 ],
						[ 76.2826485432, 9.911382052 ],
						[ 76.282652234, 9.9113818738 ],
						[ 76.2826953442, 9.9113432598 ],
						[ 76.2826953442, 9.9113432598 ],
						[ 76.2826969426, 9.9113418282 ],
						[ 76.2827671163, 9.9113658792 ],
						[ 76.2827696084, 9.9113667333 ],
						[ 76.2828770613, 9.9113765958 ],
						[ 76.2828951779, 9.9113782586 ],
						[ 76.2829001451, 9.9113748906 ],
						[ 76.2829961621, 9.9113097865 ],
						[ 76.2829961621, 9.9113097865 ],
						[ 76.2832160938, 9.9113032073 ],
						[ 76.2832169799, 9.9113031808 ],
						[ 76.2832173144, 9.9112957096 ],
						[ 76.2832182767, 9.9112742125 ],
						[ 76.2832404231, 9.9107795245 ],
						[ 76.283242315, 9.9107729756 ],
						[ 76.2832492196, 9.9107490747 ],
						[ 76.2832492196, 9.9107490747 ],
						[ 76.2832739527, 9.910725182 ],
						[ 76.2832773143, 9.9107219346 ],
						[ 76.2832773218, 9.9107219301 ],
						[ 76.2832773306, 9.9107219247 ],
						[ 76.283330144, 9.910689791 ],
						[ 76.283331941, 9.910687256 ],
						[ 76.2833492534, 9.9106628348 ],
						[ 76.2833496877, 9.9106598604 ],
						[ 76.2833547222, 9.9106253833 ],
						[ 76.2833566941, 9.9106118796 ],
						[ 76.2833724023, 9.9104374938 ],
						[ 76.283378542, 9.9103125227 ],
						[ 76.2834166454, 9.9103170013 ],
						[ 76.2834166468, 9.9103170015 ],
						[ 76.283683051, 9.910348314 ],
						[ 76.2837074007, 9.9103545777 ],
						[ 76.2837053803, 9.9103948067 ],
						[ 76.2837015016, 9.9104076778 ],
						[ 76.2836673299, 9.9105210715 ],
						[ 76.2836657883, 9.9105287587 ],
						[ 76.2836353417, 9.9106805844 ],
						[ 76.2836346122, 9.9106842221 ],
						[ 76.2836342997, 9.9107046727 ],
						[ 76.2836338716, 9.910732691 ],
						[ 76.2836337104, 9.9107432446 ],
						[ 76.2836389772, 9.9107571363 ],
						[ 76.2836513553, 9.9107897847 ],
						[ 76.2837099526, 9.9108174604 ],
						[ 76.2837179606, 9.9108212426 ],
						[ 76.2837252722, 9.9108222358 ],
						[ 76.2838272031, 9.9108360829 ],
						[ 76.2838569659, 9.9108401261 ],
						[ 76.2839605626, 9.9108510958 ],
						[ 76.2840169923, 9.910857071 ],
						[ 76.2841899743, 9.9108715927 ],
						[ 76.2844296618, 9.9108917142 ],
						[ 76.284451348, 9.9108935347 ],
						[ 76.2847298489, 9.9108949769 ],
						[ 76.2847298563, 9.9108949771 ],
						[ 76.2849125136, 9.9108959229 ],
						[ 76.2850018699, 9.9108991805 ],
						[ 76.2850018745, 9.9108991807 ],
						[ 76.2850018745, 9.9108991807 ],
						[ 76.2853979315, 9.9109136194 ],
						[ 76.2857367061, 9.9109718613 ],
						[ 76.2857541186, 9.9109750782 ],
						[ 76.2857541204, 9.9109748551 ],
						[ 76.2857557927, 9.9109751426 ],
						[ 76.2857557927, 9.9109751426 ],
						[ 76.2857492184, 9.9111144465 ],
						[ 76.2857492184, 9.9111144466 ],
						[ 76.2857492184, 9.9111144467 ],
						[ 76.285732102, 9.9111758799 ],
						[ 76.2856071706, 9.9113891076 ],
						[ 76.2854662834, 9.9115842782 ],
						[ 76.2854662833, 9.9115842784 ],
						[ 76.2854437899, 9.9116154384 ],
						[ 76.2853573758, 9.9117408215 ],
						[ 76.2853453347, 9.9117805935 ],
						[ 76.2853453347, 9.9117805935 ],
						[ 76.285276971, 9.9120064003 ],
						[ 76.285276971, 9.9120064004 ],
						[ 76.2852558827, 9.9120760554 ],
						[ 76.285214233, 9.9122534644 ],
						[ 76.2852142328, 9.9122534652 ],
						[ 76.2851538986, 9.9125104613 ],
						[ 76.2851538978, 9.9125104651 ],
						[ 76.2850992441, 9.9127432645 ],
						[ 76.2850993225, 9.9127475898 ],
						[ 76.2851021396, 9.9129203296 ],
						[ 76.2850821727, 9.9131674507 ],
						[ 76.2850651473, 9.9134341944 ],
						[ 76.2851811506, 9.913804817 ],
						[ 76.2851811512, 9.913804819 ],
						[ 76.2852347127, 9.9140091784 ],
						[ 76.2852347127, 9.9140091787 ],
						[ 76.2852588098, 9.9144162329 ],
						[ 76.2852588098, 9.9144162329 ],
						[ 76.2852161543, 9.9147453452 ],
						[ 76.2852348584, 9.9150138708 ],
						[ 76.2852175587, 9.9153679068 ],
						[ 76.2852152959, 9.9154129991 ],
						[ 76.2852142654, 9.915434486 ],
						[ 76.2851941029, 9.9158421011 ],
						[ 76.2851781642, 9.9161234804 ],
						[ 76.2851793276, 9.9163904351 ],
						[ 76.285212886, 9.9167087504 ],
						[ 76.2852237188, 9.9169824061 ],
						[ 76.2851724471, 9.9172940898 ],
						[ 76.285121664, 9.9175567452 ],
						[ 76.2851210154, 9.9175601001 ],
						[ 76.2851209583, 9.9175603954 ],
						[ 76.2851132961, 9.9178309529 ],
						[ 76.2851174094, 9.9179044087 ],
						[ 76.2851147904, 9.918273453 ],
						[ 76.2851130793, 9.9183235333 ],
						[ 76.2849188283, 9.9183296481 ],
						[ 76.2848236199, 9.9183283607 ],
						[ 76.2847746699, 9.9183276989 ],
						[ 76.2846766777, 9.9183548841 ],
						[ 76.284492784, 9.918372703 ],
						[ 76.284484229, 9.9183735319 ],
						[ 76.2842643192, 9.9183070932 ],
						[ 76.2842178262, 9.9183042918 ],
						[ 76.2841107171, 9.9182978378 ],
						[ 76.2840814726, 9.9182960756 ],
						[ 76.2840202709, 9.9181802076 ],
						[ 76.2838080826, 9.9182028911 ],
						[ 76.2837314499, 9.918216577 ],
						[ 76.2835203006, 9.918254286 ],
						[ 76.2832304012, 9.918284667 ],
						[ 76.2831647858, 9.9182990389 ],
						[ 76.2828419249, 9.9183697559 ],
						[ 76.2828485692, 9.9184190352 ],
						[ 76.2828827917, 9.9188089065 ],
						[ 76.2829749322, 9.9195460853 ],
						[ 76.2830189236, 9.9200839589 ]
					]
				]
			},
			"properties" : {
				"gml_id" : "Ernakulam_editor.fid-f0aec0d_192a2341ec3_5b13",
				"geom" : null,
				"District" : "Ernakulam",
				"LSGD" : "Cochin",
				"Ward_Name" : "THAZHUPPU",
				"Ward_No" : 57,
				"Lsgd_Type" : "Corporation",
				"Created_Da" : "2024-10-22T08:54:12.139Z",
				"Surveyor" : "Jibin K",
				"Mob_No" : "9946674644",
				"Remarks" : null,
				"Q__result" : "ErnakulamLocked.Cochin57",
				"Q__timesta" : "20250528",
				"_result" : "Ernakulam_Cochin",
				"OBJECTID" : 1131,
				"gml_parent_id" : null,
				"gml_parent_property" : "featureMembers",
				"Created_Date" : "2024-10-22T08:33:36.003Z",
				"_ulid" : "01JBBD7151DY27T8X2GJ2ZD40P"
			}
		},
		{
			"type" : "Feature",
			"geometry" : {
				"type" : "Polygon",
				"coordinates" : [
					[
						[ 76.2588824823, 9.947234413 ],
						[ 76.2589075704, 9.9472374075 ],
						[ 76.2590200649, 9.9472508347 ],
						[ 76.2590473011, 9.9472540855 ],
						[ 76.2590593068, 9.9472598987 ],
						[ 76.2591113647, 9.947285105 ],
						[ 76.259111385, 9.9472851803 ],
						[ 76.2591352357, 9.9473737548 ],
						[ 76.259159751, 9.9473902245 ],
						[ 76.2591782903, 9.9474026795 ],
						[ 76.2591783571, 9.9474027243 ],
						[ 76.2592956865, 9.9473944517 ],
						[ 76.2593441538, 9.9473910343 ],
						[ 76.2595711574, 9.9474048684 ],
						[ 76.2595713212, 9.9474049106 ],
						[ 76.2595822072, 9.9474077175 ],
						[ 76.2597472015, 9.9474502605 ],
						[ 76.2597520843, 9.9474515195 ],
						[ 76.2599658776, 9.9474871725 ],
						[ 76.2600858559, 9.9475379989 ],
						[ 76.2601580825, 9.9475685962 ],
						[ 76.2601624376, 9.9475704411 ],
						[ 76.2601668022, 9.9475722901 ],
						[ 76.2601803773, 9.9475829329 ],
						[ 76.2602153105, 9.9476103202 ],
						[ 76.2602790815, 9.9476603162 ],
						[ 76.2602925739, 9.9476708941 ],
						[ 76.2603306114, 9.9477007151 ],
						[ 76.260520352, 9.9478587789 ],
						[ 76.2607006476, 9.9479794443 ],
						[ 76.2607157987, 9.9479895845 ],
						[ 76.2608132073, 9.9480127167 ],
						[ 76.2609465626, 9.9480443854 ],
						[ 76.261018776, 9.9480734822 ],
						[ 76.2612036192, 9.9481479604 ],
						[ 76.2613740028, 9.9482166124 ],
						[ 76.2617253254, 9.9483350555 ],
						[ 76.2618305007, 9.9483705137 ],
						[ 76.2618520555, 9.9483751071 ],
						[ 76.261973371, 9.9484009601 ],
						[ 76.2622082969, 9.9484510239 ],
						[ 76.2633892814, 9.9487026945 ],
						[ 76.2634650575, 9.9487188425 ],
						[ 76.2633701831, 9.9511978175 ],
						[ 76.2635606902, 9.9524561135 ],
						[ 76.2634468026, 9.9548346611 ],
						[ 76.2633182696, 9.9571025998 ],
						[ 76.2630967755, 9.9584968315 ],
						[ 76.2628593339, 9.9599914392 ],
						[ 76.2617128416, 9.9622082958 ],
						[ 76.2597479283, 9.9653495442 ],
						[ 76.2574018528, 9.9670232002 ],
						[ 76.2570575406, 9.9673013765 ],
						[ 76.2566306281, 9.9667721239 ],
						[ 76.2558918937, 9.9658459302 ],
						[ 76.2557991034, 9.9657274673 ],
						[ 76.2557222893, 9.9656319075 ],
						[ 76.2556635804, 9.9655590505 ],
						[ 76.2556287328, 9.9655159885 ],
						[ 76.2556273055, 9.9655141956 ],
						[ 76.2556159793, 9.9655229386 ],
						[ 76.2555860849, 9.9653799281 ],
						[ 76.2555842543, 9.9653706594 ],
						[ 76.255584982, 9.9653688754 ],
						[ 76.2555837187, 9.9653686084 ],
						[ 76.2555800629, 9.9653511197 ],
						[ 76.2555791614, 9.9653468067 ],
						[ 76.2555791384, 9.9653467844 ],
						[ 76.2554502077, 9.9652220048 ],
						[ 76.2554502037, 9.9652220012 ],
						[ 76.2549420992, 9.9647302553 ],
						[ 76.2547855312, 9.9645638663 ],
						[ 76.2547100884, 9.964416194 ],
						[ 76.2547366476, 9.9639529015 ],
						[ 76.2547941871, 9.9634597094 ],
						[ 76.2548124281, 9.9633286643 ],
						[ 76.2548276147, 9.9630444699 ],
						[ 76.2548190397, 9.9629155762 ],
						[ 76.2548190334, 9.9629154815 ],
						[ 76.254816579, 9.9628785878 ],
						[ 76.254816579, 9.9628785878 ],
						[ 76.2548197751, 9.9628419039 ],
						[ 76.2548231684, 9.9628054956 ],
						[ 76.2548268641, 9.9627658427 ],
						[ 76.2548311934, 9.9627193914 ],
						[ 76.2548363244, 9.9626643386 ],
						[ 76.2548411889, 9.9626121448 ],
						[ 76.2548559824, 9.9624534181 ],
						[ 76.2548669738, 9.9623354852 ],
						[ 76.2548780138, 9.9622170318 ],
						[ 76.2548796577, 9.9621993933 ],
						[ 76.2548808572, 9.9621865241 ],
						[ 76.2548835129, 9.9621580297 ],
						[ 76.2548966135, 9.9620174661 ],
						[ 76.2549112437, 9.9618604919 ],
						[ 76.2549226052, 9.9617385876 ],
						[ 76.2549331869, 9.9616250513 ],
						[ 76.2549383392, 9.9615697697 ],
						[ 76.2549709007, 9.9615735334 ],
						[ 76.2553813637, 9.9616271937 ],
						[ 76.2554272704, 9.9616342961 ],
						[ 76.2556976291, 9.9616968744 ],
						[ 76.2559437606, 9.9617348313 ],
						[ 76.256190368, 9.9617690441 ],
						[ 76.2562689982, 9.9617757792 ],
						[ 76.2563242202, 9.9617396056 ],
						[ 76.2563614112, 9.9616255582 ],
						[ 76.2563867863, 9.9615083343 ],
						[ 76.2563981042, 9.9614470938 ],
						[ 76.2564067548, 9.9614145868 ],
						[ 76.256430755, 9.96139224 ],
						[ 76.2566206599, 9.9614261062 ],
						[ 76.2566208303, 9.9614247325 ],
						[ 76.2566363923, 9.9612992661 ],
						[ 76.2566537243, 9.9609419191 ],
						[ 76.2567105331, 9.9601543862 ],
						[ 76.256720925, 9.9600696542 ],
						[ 76.2567463176, 9.960068575 ],
						[ 76.2570263339, 9.9600582958 ],
						[ 76.2572116806, 9.9600674649 ],
						[ 76.2574279912, 9.9600937555 ],
						[ 76.2576464006, 9.9601234485 ],
						[ 76.2578562157, 9.9597043577 ],
						[ 76.2578571366, 9.9597025733 ],
						[ 76.2580119416, 9.9594026273 ],
						[ 76.2580119165, 9.9593942258 ],
						[ 76.2580119139, 9.9593933608 ],
						[ 76.2580073782, 9.9578769043 ],
						[ 76.2580076728, 9.9578147836 ],
						[ 76.2580125239, 9.956791965 ],
						[ 76.2580137745, 9.9565282861 ],
						[ 76.2579909065, 9.9563503949 ],
						[ 76.2579408179, 9.9559607538 ],
						[ 76.2578785942, 9.9552670675 ],
						[ 76.2578322127, 9.9547055376 ],
						[ 76.257782284, 9.954017417 ],
						[ 76.2577746258, 9.9539118701 ],
						[ 76.2576332019, 9.9529669186 ],
						[ 76.2576323617, 9.9529613046 ],
						[ 76.2576547096, 9.9522280372 ],
						[ 76.2576604391, 9.9520400407 ],
						[ 76.2576603422, 9.9520345305 ],
						[ 76.2576643383, 9.952011589 ],
						[ 76.257659937, 9.9520114844 ],
						[ 76.2576518212, 9.9515499662 ],
						[ 76.2576427649, 9.9510349624 ],
						[ 76.2576300948, 9.9507422682 ],
						[ 76.2576300947, 9.9507422653 ],
						[ 76.2576300947, 9.9507422642 ],
						[ 76.2576300947, 9.9507422642 ],
						[ 76.2576062291, 9.9501909367 ],
						[ 76.2575822202, 9.9500614222 ],
						[ 76.2574285315, 9.9492323541 ],
						[ 76.2573444835, 9.9484132471 ],
						[ 76.2573615386, 9.9481776475 ],
						[ 76.2580912357, 9.9483730667 ],
						[ 76.2580912362, 9.9483730669 ],
						[ 76.2581243229, 9.9483819277 ],
						[ 76.2582487756, 9.9484250452 ],
						[ 76.2586047059, 9.9485483592 ],
						[ 76.2586047582, 9.948548377 ],
						[ 76.258604761, 9.9485483783 ],
						[ 76.2589191697, 9.9486573065 ],
						[ 76.2588798519, 9.9475735431 ],
						[ 76.2588824823, 9.947234413 ]
					]
				]
			},
			"properties" : {
				"gml_id" : "Ernakulam_editor.fid-f0aec0d_192a2341ec3_-11e",
				"geom" : null,
				"District" : "Ernakulam",
				"LSGD" : "Cochin",
				"Ward_Name" : "mattanchery",
				"Ward_No" : 6,
				"Lsgd_Type" : "Corporation",
				"Created_Da" : "2024-10-20T14:28:53.874Z",
				"Surveyor" : "Bijumon B",
				"Mob_No" : "9946674644",
				"Remarks" : null,
				"Q__result" : "ErnakulamLocked.Cochin6",
				"Q__timesta" : "20250528",
				"_result" : "Ernakulam_Cochin",
				"OBJECTID" : 1131,
				"gml_parent_id" : null,
				"gml_parent_property" : "featureMembers",
				"Created_Date" : "2024-10-22T08:33:36.003Z",
				"_ulid" : "01JBBD7151DY27T8X2GJ2ZD40P"
			}
		},
		{
			"type" : "Feature",
			"geometry" : {
				"type" : "Polygon",
				"coordinates" : [
					[
						[ 76.2601624376, 9.9475704411 ],
						[ 76.2601584301, 9.9475670398 ],
						[ 76.2601580825, 9.9475685962 ],
						[ 76.2600858559, 9.9475379989 ],
						[ 76.259973836, 9.9474859113 ],
						[ 76.2597472015, 9.9474502605 ],
						[ 76.2595822072, 9.9474077175 ],
						[ 76.25957144, 9.9474049177 ],
						[ 76.2595713212, 9.9474049106 ],
						[ 76.2595711574, 9.9474048684 ],
						[ 76.2593441538, 9.9473910343 ],
						[ 76.2592956865, 9.9473944517 ],
						[ 76.2591782903, 9.9474026795 ],
						[ 76.259159751, 9.9473902245 ],
						[ 76.2591352636, 9.9473730418 ],
						[ 76.2591119302, 9.9472854341 ],
						[ 76.259111385, 9.9472851803 ],
						[ 76.2591113647, 9.947285105 ],
						[ 76.2590593068, 9.9472598987 ],
						[ 76.2590459111, 9.9472522036 ],
						[ 76.259045952, 9.9472536906 ],
						[ 76.2590200649, 9.9472508347 ],
						[ 76.2589075704, 9.9472374075 ],
						[ 76.2588824981, 9.9472323701 ],
						[ 76.2588824823, 9.947234413 ],
						[ 76.2588798519, 9.9475735431 ],
						[ 76.2589191697, 9.9486573065 ],
						[ 76.258604761, 9.9485483783 ],
						[ 76.2586047582, 9.948548377 ],
						[ 76.2586047059, 9.9485483592 ],
						[ 76.2582487756, 9.9484250452 ],
						[ 76.2581243229, 9.9483819277 ],
						[ 76.2580912362, 9.9483730669 ],
						[ 76.2580912357, 9.9483730667 ],
						[ 76.2573615386, 9.9481776475 ],
						[ 76.2573444835, 9.9484132471 ],
						[ 76.2574285315, 9.9492323541 ],
						[ 76.2575822202, 9.9500614222 ],
						[ 76.2576300947, 9.9507422642 ],
						[ 76.2576300947, 9.9507422659 ],
						[ 76.2576300948, 9.9507422682 ],
						[ 76.2576518212, 9.9515499662 ],
						[ 76.257659937, 9.9520114844 ],
						[ 76.2575996649, 9.9520100517 ],
						[ 76.257448246, 9.9519864404 ],
						[ 76.2573264706, 9.9519674516 ],
						[ 76.2573264706, 9.9519674516 ],
						[ 76.256112416, 9.9519905563 ],
						[ 76.2561077158, 9.9519906575 ],
						[ 76.2556710629, 9.952000063 ],
						[ 76.2556710529, 9.9520000631 ],
						[ 76.2556710002, 9.9520000644 ],
						[ 76.2556120695, 9.9520013337 ],
						[ 76.2554638305, 9.9520045266 ],
						[ 76.2549442834, 9.9520144551 ],
						[ 76.2543551722, 9.9520316085 ],
						[ 76.2543133739, 9.9520328255 ],
						[ 76.2543133208, 9.9520328268 ],
						[ 76.2540813733, 9.9520381137 ],
						[ 76.254056235, 9.9520403124 ],
						[ 76.2540323535, 9.9520410078 ],
						[ 76.2539820654, 9.9520427593 ],
						[ 76.2539820679, 9.9520427383 ],
						[ 76.2539823494, 9.9520403707 ],
						[ 76.2539839227, 9.9520271365 ],
						[ 76.2539839275, 9.9520270959 ],
						[ 76.2540603547, 9.9513842061 ],
						[ 76.2540935916, 9.9511777297 ],
						[ 76.2541236872, 9.9509907683 ],
						[ 76.2541256262, 9.9509044375 ],
						[ 76.2541299329, 9.9507126923 ],
						[ 76.2541932667, 9.9502420241 ],
						[ 76.2542128287, 9.9500966472 ],
						[ 76.2542333221, 9.9497456118 ],
						[ 76.2542333221, 9.9497456116 ],
						[ 76.2542333221, 9.9497456116 ],
						[ 76.2542406984, 9.9496192604 ],
						[ 76.2542143569, 9.9492947499 ],
						[ 76.2542094207, 9.9492339389 ],
						[ 76.2542145985, 9.9490443416 ],
						[ 76.254220004, 9.9488464057 ],
						[ 76.2542141959, 9.9486807145 ],
						[ 76.2542071192, 9.9484788363 ],
						[ 76.2544784396, 9.9484225675 ],
						[ 76.2544784396, 9.9484225675 ],
						[ 76.2544796927, 9.9484223076 ],
						[ 76.2545449318, 9.9484403455 ],
						[ 76.2546550101, 9.9484707808 ],
						[ 76.2547614414, 9.9484982335 ],
						[ 76.2547755178, 9.9485018644 ],
						[ 76.254814239, 9.9484887207 ],
						[ 76.2548299588, 9.9484833848 ],
						[ 76.2548356791, 9.9484733655 ],
						[ 76.2548356791, 9.9484733655 ],
						[ 76.2548574145, 9.9484352957 ],
						[ 76.2548639462, 9.9484238553 ],
						[ 76.2548613402, 9.9482832793 ],
						[ 76.254859857, 9.9482032771 ],
						[ 76.2548598689, 9.9482031791 ],
						[ 76.2549613349, 9.9473626851 ],
						[ 76.2549789043, 9.9472171483 ],
						[ 76.2549796132, 9.9471454434 ],
						[ 76.2549847237, 9.9466284937 ],
						[ 76.2549847261, 9.9466282547 ],
						[ 76.2549847494, 9.9466279878 ],
						[ 76.2550584623, 9.9457850685 ],
						[ 76.2550769393, 9.9455737811 ],
						[ 76.255122601, 9.9455746666 ],
						[ 76.2551226283, 9.9455746672 ],
						[ 76.2552097117, 9.945576356 ],
						[ 76.2553673841, 9.9455794136 ],
						[ 76.2555592982, 9.9455848368 ],
						[ 76.2555764532, 9.9455853216 ],
						[ 76.2556202298, 9.9455865586 ],
						[ 76.255655251, 9.9455875482 ],
						[ 76.2556552747, 9.9455875488 ],
						[ 76.2558744777, 9.945593743 ],
						[ 76.2558744901, 9.9455937433 ],
						[ 76.2558744905, 9.9455937434 ],
						[ 76.255983222, 9.9455968158 ],
						[ 76.255983222, 9.9455968158 ],
						[ 76.2559832221, 9.9455968159 ],
						[ 76.2559989643, 9.9455972607 ],
						[ 76.2562110516, 9.9456280995 ],
						[ 76.2564382943, 9.9456611418 ],
						[ 76.2565822618, 9.9456820753 ],
						[ 76.2565822869, 9.9456820789 ],
						[ 76.256582294, 9.9456820799 ],
						[ 76.2566913308, 9.9456979344 ],
						[ 76.2569138497, 9.9457284022 ],
						[ 76.2569139283, 9.9457284128 ],
						[ 76.2570083253, 9.9457413379 ],
						[ 76.257218594, 9.9457701281 ],
						[ 76.2572187, 9.9457701428 ],
						[ 76.2572187878, 9.9457701551 ],
						[ 76.2576276674, 9.9458261391 ],
						[ 76.257739783, 9.9458414901 ],
						[ 76.2577427528, 9.9458418967 ],
						[ 76.257743153, 9.9458390461 ],
						[ 76.2578502138, 9.9450765905 ],
						[ 76.257851131, 9.9450749703 ],
						[ 76.2578515146, 9.9450742926 ],
						[ 76.2578770763, 9.9450291374 ],
						[ 76.2579293198, 9.9449368478 ],
						[ 76.2579293198, 9.9449368478 ],
						[ 76.25793087, 9.9449341094 ],
						[ 76.257931131, 9.9449336482 ],
						[ 76.2579318113, 9.9449324464 ],
						[ 76.2583984594, 9.9449485456 ],
						[ 76.2585221277, 9.9449528121 ],
						[ 76.2585221614, 9.944952813 ],
						[ 76.258806268, 9.9449626144 ],
						[ 76.2588305269, 9.9449574344 ],
						[ 76.2589457433, 9.9449591611 ],
						[ 76.2589899222, 9.9449580035 ],
						[ 76.2591113633, 9.9449584369 ],
						[ 76.2598802664, 9.9449611806 ],
						[ 76.2603127069, 9.9449627237 ],
						[ 76.2603127102, 9.9449627238 ],
						[ 76.2603519842, 9.9449628639 ],
						[ 76.2603519882, 9.944962864 ],
						[ 76.260660784, 9.9449722179 ],
						[ 76.2606608884, 9.9449722208 ],
						[ 76.2606609206, 9.9449722221 ],
						[ 76.2613396653, 9.9449927814 ],
						[ 76.2613622599, 9.9449962689 ],
						[ 76.261553915, 9.9450258508 ],
						[ 76.2615539214, 9.9450258516 ],
						[ 76.2615991011, 9.9450328251 ],
						[ 76.261676688, 9.9450448006 ],
						[ 76.2616766984, 9.9450448021 ],
						[ 76.2616766989, 9.9450448022 ],
						[ 76.2618497576, 9.9450715137 ],
						[ 76.2619222396, 9.9450827012 ],
						[ 76.261937491, 9.9450850552 ],
						[ 76.2619380606, 9.9450850224 ],
						[ 76.2619606663, 9.9450886323 ],
						[ 76.2619606663, 9.9450886323 ],
						[ 76.2637322706, 9.9452650316 ],
						[ 76.2636207581, 9.9462436846 ],
						[ 76.2635313257, 9.9470285561 ],
						[ 76.2635313257, 9.9470285561 ],
						[ 76.2635289501, 9.9470494049 ],
						[ 76.2634650575, 9.9487188425 ],
						[ 76.2633892814, 9.9487026945 ],
						[ 76.2622082969, 9.9484510239 ],
						[ 76.261973371, 9.9484009601 ],
						[ 76.2618520555, 9.9483751071 ],
						[ 76.2617253254, 9.9483350555 ],
						[ 76.2617253254, 9.9483350555 ],
						[ 76.2613740028, 9.9482166124 ],
						[ 76.2612036192, 9.9481479604 ],
						[ 76.2610580614, 9.9480850948 ],
						[ 76.261018776, 9.9480734822 ],
						[ 76.2609465626, 9.9480443854 ],
						[ 76.2608132073, 9.9480127167 ],
						[ 76.2607006476, 9.9479794443 ],
						[ 76.260520352, 9.9478587789 ],
						[ 76.2603306114, 9.9477007151 ],
						[ 76.2602925739, 9.9476708941 ],
						[ 76.2602805451, 9.9476606735 ],
						[ 76.2602800249, 9.94766104 ],
						[ 76.2602790815, 9.9476603162 ],
						[ 76.2602153105, 9.9476103202 ],
						[ 76.2601891663, 9.9475890339 ],
						[ 76.2601803773, 9.9475829329 ],
						[ 76.2601668022, 9.9475722901 ],
						[ 76.2601624376, 9.9475704411 ]
					]
				]
			},
			"properties" : {
				"gml_id" : "Ernakulam_editor.fid-f0aec0d_192a2341ec3_17b1",
				"geom" : null,
				"District" : "Ernakulam",
				"LSGD" : "Cochin",
				"Ward_Name" : "CHAKKAMADOM",
				"Ward_No" : 7,
				"Lsgd_Type" : "Corporation",
				"Created_Da" : "2024-10-21T07:10:52.330Z",
				"Surveyor" : "Bijumon",
				"Mob_No" : "9946674644",
				"Remarks" : null,
				"Q__result" : "ErnakulamLocked.Cochin7",
				"Q__timesta" : "20250528",
				"_result" : "Ernakulam_Cochin",
				"OBJECTID" : 1131,
				"gml_parent_id" : null,
				"gml_parent_property" : "featureMembers",
				"Created_Date" : "2024-10-22T08:33:36.003Z",
				"_ulid" : "01JBBD7151DY27T8X2GJ2ZD40P"
			}
		},
		{
			"type" : "Feature",
			"geometry" : {
				"type" : "Polygon",
				"coordinates" : [
					[
						[ 76.2968157449, 9.9118639297 ],
						[ 76.2979370225, 9.9119558081 ],
						[ 76.2979396841, 9.9119560261 ],
						[ 76.2979385665, 9.911954435 ],
						[ 76.2979495189, 9.9119556647 ],
						[ 76.2979862183, 9.9119593784 ],
						[ 76.3018566433, 9.9123510135 ],
						[ 76.3018566433, 9.9123510135 ],
						[ 76.3019712551, 9.9147978523 ],
						[ 76.3018213757, 9.9186093228 ],
						[ 76.3018463736, 9.9186105538 ],
						[ 76.3015923013, 9.9204920938 ],
						[ 76.3013343097, 9.9222742876 ],
						[ 76.3013341678, 9.9222752676 ],
						[ 76.3013340927, 9.9222757861 ],
						[ 76.3013340767, 9.9222758972 ],
						[ 76.3013340726, 9.922275925 ],
						[ 76.2988875329, 9.9207391505 ],
						[ 76.2987219159, 9.9207656073 ],
						[ 76.2971672977, 9.9210139479 ],
						[ 76.2955905368, 9.9214821642 ],
						[ 76.2949017752, 9.9220965797 ],
						[ 76.2945672454, 9.9224398923 ],
						[ 76.2945577508, 9.92243573 ],
						[ 76.2901748634, 9.9239778815 ],
						[ 76.286455731, 9.9252079254 ],
						[ 76.2863300349, 9.9248541064 ],
						[ 76.2855954336, 9.9227886568 ],
						[ 76.2855672007, 9.9227604794 ],
						[ 76.2855479682, 9.9227416492 ],
						[ 76.2855252809, 9.9227181991 ],
						[ 76.2855136925, 9.9227007207 ],
						[ 76.2855104517, 9.9226802061 ],
						[ 76.2854486419, 9.9222889414 ],
						[ 76.2853682487, 9.9216014518 ],
						[ 76.2853653413, 9.9215765888 ],
						[ 76.2852955454, 9.9210604689 ],
						[ 76.2852928412, 9.921040472 ],
						[ 76.2852236218, 9.920528613 ],
						[ 76.2852063108, 9.9203067887 ],
						[ 76.2851871833, 9.9201327898 ],
						[ 76.285187183, 9.9201327869 ],
						[ 76.2851871829, 9.9201327867 ],
						[ 76.2851596872, 9.9198826632 ],
						[ 76.2851382845, 9.9197143582 ],
						[ 76.2851227398, 9.9195921198 ],
						[ 76.2851192667, 9.9193689556 ],
						[ 76.2851184629, 9.9193173066 ],
						[ 76.2851179739, 9.919285888 ],
						[ 76.2851162853, 9.9192476999 ],
						[ 76.2851049199, 9.9189906811 ],
						[ 76.2851017667, 9.9187067125 ],
						[ 76.285104436, 9.9186149558 ],
						[ 76.2851119643, 9.9183561655 ],
						[ 76.2851124487, 9.9183419894 ],
						[ 76.2851130793, 9.9183235333 ],
						[ 76.2851147904, 9.918273453 ],
						[ 76.2851236141, 9.9180152128 ],
						[ 76.2851174094, 9.9179044087 ],
						[ 76.2851132961, 9.9178309529 ],
						[ 76.2851209583, 9.9175603954 ],
						[ 76.2851210154, 9.9175601001 ],
						[ 76.285121664, 9.9175567452 ],
						[ 76.2851724471, 9.9172940898 ],
						[ 76.2851754926, 9.9172783382 ],
						[ 76.2852237188, 9.9169824061 ],
						[ 76.2852252933, 9.9169727444 ],
						[ 76.2852156251, 9.9167347325 ],
						[ 76.285212886, 9.9167087504 ],
						[ 76.2851793276, 9.9163904351 ],
						[ 76.2851781642, 9.9161234804 ],
						[ 76.2851941029, 9.9158421011 ],
						[ 76.285198102, 9.9157715001 ],
						[ 76.2852142654, 9.915434486 ],
						[ 76.2852152959, 9.9154129991 ],
						[ 76.2852175587, 9.9153679068 ],
						[ 76.2852351295, 9.9150177623 ],
						[ 76.2852348584, 9.9150138708 ],
						[ 76.2852161543, 9.9147453452 ],
						[ 76.2852588098, 9.9144162329 ],
						[ 76.2852618149, 9.9143930473 ],
						[ 76.2852347127, 9.9140091787 ],
						[ 76.2852347127, 9.9140091784 ],
						[ 76.2852347127, 9.9140091784 ],
						[ 76.285232626, 9.9139796233 ],
						[ 76.2851811512, 9.913804819 ],
						[ 76.2851241668, 9.9136113042 ],
						[ 76.2850651473, 9.9134341944 ],
						[ 76.2850651473, 9.9134341944 ],
						[ 76.2850821727, 9.9131674507 ],
						[ 76.2851021396, 9.9129203296 ],
						[ 76.2851022184, 9.9129193533 ],
						[ 76.2851017177, 9.9128798218 ],
						[ 76.2850993225, 9.9127475898 ],
						[ 76.2850992441, 9.9127432645 ],
						[ 76.2851538978, 9.9125104651 ],
						[ 76.2852142328, 9.9122534652 ],
						[ 76.285214233, 9.9122534644 ],
						[ 76.2852558827, 9.9120760554 ],
						[ 76.285276971, 9.9120064004 ],
						[ 76.2853453347, 9.9117805935 ],
						[ 76.2853453347, 9.9117805935 ],
						[ 76.2853573758, 9.9117408215 ],
						[ 76.2854437899, 9.9116154384 ],
						[ 76.2854662833, 9.9115842784 ],
						[ 76.2856071706, 9.9113891076 ],
						[ 76.2856522919, 9.9113266013 ],
						[ 76.285732102, 9.9111758799 ],
						[ 76.2857475658, 9.9111466766 ],
						[ 76.2857492184, 9.9111144467 ],
						[ 76.2857557716, 9.9109866381 ],
						[ 76.2857557927, 9.9109751426 ],
						[ 76.2857557927, 9.9109751426 ],
						[ 76.2857563064, 9.9106953858 ],
						[ 76.2857563439, 9.9106749638 ],
						[ 76.2857563762, 9.9106573472 ],
						[ 76.2858024152, 9.9103604258 ],
						[ 76.28586623, 9.9100708725 ],
						[ 76.2858830543, 9.9099945341 ],
						[ 76.2859740341, 9.9096910117 ],
						[ 76.2860608788, 9.9094843123 ],
						[ 76.2861369412, 9.9093032758 ],
						[ 76.2861431384, 9.9092364284 ],
						[ 76.2861735527, 9.9089083555 ],
						[ 76.2863800269, 9.9089662248 ],
						[ 76.286380552, 9.9089663712 ],
						[ 76.2866076998, 9.909030034 ],
						[ 76.2868516789, 9.9090984141 ],
						[ 76.2868750826, 9.9091049753 ],
						[ 76.2874526338, 9.9092668458 ],
						[ 76.2874528161, 9.9092668949 ],
						[ 76.2876444947, 9.9093206167 ],
						[ 76.2878680386, 9.9093832693 ],
						[ 76.288031031, 9.9094289512 ],
						[ 76.2882042649, 9.9094775035 ],
						[ 76.2883811267, 9.9095270725 ],
						[ 76.2883939431, 9.9095306646 ],
						[ 76.2886546093, 9.9095790273 ],
						[ 76.288698814, 9.9095872289 ],
						[ 76.2888088775, 9.9096032786 ],
						[ 76.2889869076, 9.9096292395 ],
						[ 76.2890504063, 9.9096384991 ],
						[ 76.2891456737, 9.9096546316 ],
						[ 76.289283117, 9.9096779061 ],
						[ 76.2893207713, 9.9096842825 ],
						[ 76.2894447881, 9.9097064889 ],
						[ 76.2894447978, 9.9097064906 ],
						[ 76.2895567939, 9.9097265445 ],
						[ 76.2895964323, 9.9097351371 ],
						[ 76.2897850848, 9.909776032 ],
						[ 76.2897895315, 9.9097769959 ],
						[ 76.2899269448, 9.9097758926 ],
						[ 76.2899556972, 9.9097756617 ],
						[ 76.2899572161, 9.9097756495 ],
						[ 76.2899577892, 9.9097756449 ],
						[ 76.2899870152, 9.9097537074 ],
						[ 76.2899877425, 9.909750223 ],
						[ 76.2900130384, 9.9096290391 ],
						[ 76.290031283, 9.9095224837 ],
						[ 76.2900317677, 9.9095196531 ],
						[ 76.2900471313, 9.9094975627 ],
						[ 76.290048215, 9.9094960046 ],
						[ 76.290206788, 9.9095181195 ],
						[ 76.2902635929, 9.9095301586 ],
						[ 76.2903740356, 9.9095535655 ],
						[ 76.2904981986, 9.9095798803 ],
						[ 76.2904980784, 9.9095835706 ],
						[ 76.2904902872, 9.909822857 ],
						[ 76.2904896516, 9.9098423773 ],
						[ 76.2904804643, 9.9100405711 ],
						[ 76.2904702561, 9.9102607874 ],
						[ 76.2904702026, 9.9102619416 ],
						[ 76.2904075823, 9.9106085004 ],
						[ 76.290291848, 9.9109860206 ],
						[ 76.290281803, 9.9110187872 ],
						[ 76.2902009533, 9.9112995806 ],
						[ 76.2901996906, 9.9113114163 ],
						[ 76.2901929205, 9.9113748731 ],
						[ 76.2901934654, 9.911381246 ],
						[ 76.2901995799, 9.9114527505 ],
						[ 76.2902033795, 9.9114971836 ],
						[ 76.2902265376, 9.9116426309 ],
						[ 76.2902301648, 9.9116654117 ],
						[ 76.290238542, 9.9117271852 ],
						[ 76.2902654727, 9.9119257723 ],
						[ 76.290276813, 9.9121012306 ],
						[ 76.2902749539, 9.9121115272 ],
						[ 76.2902323909, 9.9123472672 ],
						[ 76.2902168414, 9.9124851001 ],
						[ 76.2902080173, 9.9125815272 ],
						[ 76.2901939753, 9.91262588 ],
						[ 76.2901503765, 9.9126673315 ],
						[ 76.2901112607, 9.9126983238 ],
						[ 76.2900544941, 9.9127433012 ],
						[ 76.28994995, 9.9128304989 ],
						[ 76.2899431584, 9.9128445888 ],
						[ 76.289914526, 9.9129039899 ],
						[ 76.2899079646, 9.9129530413 ],
						[ 76.2898978749, 9.91302847 ],
						[ 76.2898808412, 9.913277944 ],
						[ 76.2898805932, 9.9132763582 ],
						[ 76.2898798871, 9.9133230821 ],
						[ 76.2898850541, 9.9133228353 ],
						[ 76.2899986819, 9.9133174091 ],
						[ 76.2903334629, 9.9132914019 ],
						[ 76.2903492244, 9.9132891715 ],
						[ 76.2904798198, 9.9132706917 ],
						[ 76.2905526339, 9.9132603882 ],
						[ 76.290693444, 9.91322724 ],
						[ 76.2907434921, 9.9132154581 ],
						[ 76.2908952127, 9.9131718515 ],
						[ 76.2909652605, 9.9131416012 ],
						[ 76.291026208, 9.9131152809 ],
						[ 76.2912277153, 9.9130084625 ],
						[ 76.2913032646, 9.912968414 ],
						[ 76.2914986315, 9.9128618989 ],
						[ 76.2916337138, 9.9128192468 ],
						[ 76.2916454142, 9.9128182775 ],
						[ 76.2916454299, 9.9128182762 ],
						[ 76.2916975305, 9.9128139598 ],
						[ 76.2917345939, 9.9128108893 ],
						[ 76.2919447526, 9.9127858144 ],
						[ 76.2919833497, 9.9127812092 ],
						[ 76.2921707171, 9.9127404984 ],
						[ 76.2921745243, 9.9127390099 ],
						[ 76.2924512563, 9.9126308121 ],
						[ 76.29245424, 9.9126296455 ],
						[ 76.2927356886, 9.9125296619 ],
						[ 76.2927504936, 9.9125248353 ],
						[ 76.2931192374, 9.9124046216 ],
						[ 76.2931227403, 9.9124032718 ],
						[ 76.2933439264, 9.9123180344 ],
						[ 76.2933618423, 9.9123079177 ],
						[ 76.2934175329, 9.9122764705 ],
						[ 76.2934854077, 9.912238143 ],
						[ 76.2936117532, 9.9121435044 ],
						[ 76.2936325581, 9.9121279206 ],
						[ 76.2936885014, 9.9120744602 ],
						[ 76.2937129135, 9.9120511315 ],
						[ 76.2937952417, 9.9119555446 ],
						[ 76.2938693563, 9.9118586845 ],
						[ 76.2938772438, 9.9118483763 ],
						[ 76.2938838163, 9.9118352049 ],
						[ 76.2939519783, 9.911698606 ],
						[ 76.2940574878, 9.911387437 ],
						[ 76.2941987938, 9.9114360306 ],
						[ 76.2944470348, 9.9115279139 ],
						[ 76.2944491866, 9.9115287104 ],
						[ 76.2944931133, 9.9115363594 ],
						[ 76.2946106804, 9.9115568315 ],
						[ 76.2948508291, 9.9115927374 ],
						[ 76.2948570979, 9.9115936747 ],
						[ 76.2951403348, 9.9116370936 ],
						[ 76.2954236856, 9.9116866914 ],
						[ 76.2955044293, 9.9117008247 ],
						[ 76.2960722304, 9.9118030055 ],
						[ 76.2961101296, 9.911806111 ],
						[ 76.2968157123, 9.9118639282 ],
						[ 76.2968157449, 9.9118639297 ]
					]
				]
			},
			"properties" : {
				"gml_id" : "Ernakulam_editor.fid-f0aec0d_192a2341ec3_-1e33",
				"geom" : null,
				"District" : "Ernakulam",
				"LSGD" : "Cochin",
				"Ward_Name" : "EDAKOCHI NORTH",
				"Ward_No" : 58,
				"Lsgd_Type" : "Corporation",
				"Created_Da" : "2024-10-20T08:53:59.954Z",
				"Surveyor" : "Jibin K",
				"Mob_No" : "9946674644",
				"Remarks" : null,
				"Q__result" : "ErnakulamLocked.Cochin58",
				"Q__timesta" : "20250528",
				"_result" : "Ernakulam_Cochin",
				"OBJECTID" : 1131,
				"gml_parent_id" : null,
				"gml_parent_property" : "featureMembers",
				"Created_Date" : "2024-10-22T08:33:36.003Z",
				"_ulid" : "01JBBD7151DY27T8X2GJ2ZD40P"
			}
		},
		{
			"type" : "Feature",
			"geometry" : {
				"type" : "Polygon",
				"coordinates" : [
					[
						[ 76.3109900649, 9.9868154214 ],
						[ 76.3111022109, 9.9868530921 ],
						[ 76.3111806279, 9.986881327 ],
						[ 76.3111954344, 9.9868873196 ],
						[ 76.3113779416, 9.9869561136 ],
						[ 76.3115004667, 9.986987823 ],
						[ 76.3116772177, 9.9870059579 ],
						[ 76.3117233804, 9.9870106942 ],
						[ 76.3118545448, 9.9870282509 ],
						[ 76.3123432364, 9.9870926435 ],
						[ 76.3124389775, 9.987119461 ],
						[ 76.3124399519, 9.9871199918 ],
						[ 76.3124405664, 9.9871203266 ],
						[ 76.3124735939, 9.9871383177 ],
						[ 76.3126052734, 9.9872100478 ],
						[ 76.3128772835, 9.9874843375 ],
						[ 76.3129598697, 9.9875637742 ],
						[ 76.3129747061, 9.9875720054 ],
						[ 76.3129915394, 9.987589366 ],
						[ 76.3129977787, 9.9875958007 ],
						[ 76.3130276202, 9.9876113405 ],
						[ 76.3130732396, 9.9876350963 ],
						[ 76.313188598, 9.9876951682 ],
						[ 76.3132966921, 9.9877344013 ],
						[ 76.3133391768, 9.9877498212 ],
						[ 76.3133561495, 9.9877559815 ],
						[ 76.3133823442, 9.987765489 ],
						[ 76.3134414742, 9.9877869503 ],
						[ 76.3134450852, 9.9877887177 ],
						[ 76.3134488926, 9.9877907778 ],
						[ 76.3137271712, 9.9879413525 ],
						[ 76.3138886926, 9.9880287505 ],
						[ 76.3138920937, 9.9880325707 ],
						[ 76.3139803424, 9.9881956402 ],
						[ 76.3139865177, 9.9882070513 ],
						[ 76.3140322252, 9.988238131 ],
						[ 76.3140417837, 9.9882446305 ],
						[ 76.3141355035, 9.9883083572 ],
						[ 76.3141842769, 9.9883249463 ],
						[ 76.3142338691, 9.9883418139 ],
						[ 76.3142375568, 9.9883445476 ],
						[ 76.3144142679, 9.9884002575 ],
						[ 76.3144279514, 9.9884052323 ],
						[ 76.3144603771, 9.9884223798 ],
						[ 76.3145049151, 9.9884459325 ],
						[ 76.3145202545, 9.9884594644 ],
						[ 76.3145684903, 9.9885431503 ],
						[ 76.3146025689, 9.9886285771 ],
						[ 76.3146315596, 9.9887056322 ],
						[ 76.3146582753, 9.9887858664 ],
						[ 76.3146744, 9.9888414399 ],
						[ 76.3146813271, 9.9888554904 ],
						[ 76.3146857289, 9.988872137 ],
						[ 76.3147059185, 9.9889484905 ],
						[ 76.314749763, 9.9889735962 ],
						[ 76.3148441449, 9.98902764 ],
						[ 76.3148822496, 9.9890494591 ],
						[ 76.3149433416, 9.9890731356 ],
						[ 76.3150074625, 9.9890979859 ],
						[ 76.3151057556, 9.9891398506 ],
						[ 76.3152674583, 9.9892071415 ],
						[ 76.3153050773, 9.989226641 ],
						[ 76.3154268269, 9.9892897489 ],
						[ 76.3155891594, 9.9893738926 ],
						[ 76.3155916111, 9.9893751633 ],
						[ 76.315624654, 9.9893957179 ],
						[ 76.3155598186, 9.9898043352 ],
						[ 76.3155187354, 9.990052536 ],
						[ 76.3153283278, 9.9912632727 ],
						[ 76.3152693074, 9.9916352392 ],
						[ 76.3152693071, 9.991635241 ],
						[ 76.3151237973, 9.9924881201 ],
						[ 76.3150972195, 9.992643901 ],
						[ 76.3150619095, 9.9928574555 ],
						[ 76.3150494304, 9.9929329291 ],
						[ 76.3150484146, 9.9929390725 ],
						[ 76.315032502, 9.9930353122 ],
						[ 76.3150314223, 9.9930418421 ],
						[ 76.3150314219, 9.9930418442 ],
						[ 76.3149674004, 9.9934067507 ],
						[ 76.3147862191, 9.9944394365 ],
						[ 76.3147862185, 9.9944394398 ],
						[ 76.3147263192, 9.9947746225 ],
						[ 76.3146987817, 9.9949529873 ],
						[ 76.3146987817, 9.9949529875 ],
						[ 76.3146102757, 9.9955230688 ],
						[ 76.3146102757, 9.9955230689 ],
						[ 76.3145306844, 9.9959530791 ],
						[ 76.3144517665, 9.996379451 ],
						[ 76.3142658293, 9.9974465328 ],
						[ 76.3141611598, 9.9980694815 ],
						[ 76.3141611597, 9.998069482 ],
						[ 76.3141611597, 9.9980694822 ],
						[ 76.3141439403, 9.9981719644 ],
						[ 76.3141015185, 9.9984643867 ],
						[ 76.3140506201, 9.9988014013 ],
						[ 76.3140506201, 9.9988014014 ],
						[ 76.3140439828, 9.998836091 ],
						[ 76.3140151807, 9.9989866235 ],
						[ 76.314004796, 9.9990560216 ],
						[ 76.3139891753, 9.9991428174 ],
						[ 76.3139884576, 9.9991428058 ],
						[ 76.3139372181, 9.9994223189 ],
						[ 76.3139321762, 9.9994595303 ],
						[ 76.3139321762, 9.9994595303 ],
						[ 76.3138688822, 9.999890518 ],
						[ 76.3138200237, 10.00018967 ],
						[ 76.313786692, 10.0004123859 ],
						[ 76.3137859692, 10.0004172153 ],
						[ 76.3137798652, 10.0004594798 ],
						[ 76.3137435407, 10.0007109905 ],
						[ 76.3137419188, 10.0007215877 ],
						[ 76.3137404644, 10.0007210555 ],
						[ 76.3137403181, 10.0007210019 ],
						[ 76.3137270388, 10.0007161423 ],
						[ 76.3137043964, 10.0007078562 ],
						[ 76.3136321849, 10.00068143 ],
						[ 76.3135973609, 10.000668686 ],
						[ 76.3135799801, 10.0006623254 ],
						[ 76.3135434646, 10.0006489624 ],
						[ 76.3134054224, 10.0005970554 ],
						[ 76.3132187581, 10.0005268654 ],
						[ 76.3131389152, 10.0004968426 ],
						[ 76.3131267888, 10.0004922828 ],
						[ 76.3130209545, 10.0004570019 ],
						[ 76.3130067516, 10.0004522673 ],
						[ 76.3129528843, 10.0004329598 ],
						[ 76.3129008065, 10.0004142937 ],
						[ 76.3128777618, 10.0004063747 ],
						[ 76.312872311, 10.0004045015 ],
						[ 76.3128434913, 10.000394598 ],
						[ 76.3127693796, 10.0003846858 ],
						[ 76.3127089752, 10.0003766069 ],
						[ 76.3126507167, 10.000368815 ],
						[ 76.312566164, 10.0003565631 ],
						[ 76.3125233606, 10.0003474982 ],
						[ 76.3125222592, 10.0003472649 ],
						[ 76.3125167648, 10.0003461013 ],
						[ 76.3123444167, 10.0003096015 ],
						[ 76.3123188367, 10.0003041841 ],
						[ 76.3123031352, 10.0003008589 ],
						[ 76.312193361, 10.0002776109 ],
						[ 76.3121669093, 10.0002738267 ],
						[ 76.3120753276, 10.0002607251 ],
						[ 76.3119671226, 10.0002452452 ],
						[ 76.3118476154, 10.0002281485 ],
						[ 76.3118434071, 10.0002266222 ],
						[ 76.3118360595, 10.0002239573 ],
						[ 76.3117397678, 10.000189033 ],
						[ 76.311734634, 10.000187171 ],
						[ 76.3117283841, 10.0001849042 ],
						[ 76.3116594289, 10.0001577164 ],
						[ 76.3115191699, 10.0001024148 ],
						[ 76.3115039145, 10.0000942775 ],
						[ 76.3113562572, 10.0000155161 ],
						[ 76.311304095, 9.9999876924 ],
						[ 76.3112182619, 9.9999151403 ],
						[ 76.3111797854, 9.9998826173 ],
						[ 76.3110617434, 9.9997886462 ],
						[ 76.3110582944, 9.999787703 ],
						[ 76.3110569167, 9.9997873262 ],
						[ 76.3109991027, 9.9997715157 ],
						[ 76.3109661812, 9.9997668553 ],
						[ 76.310890052, 9.9997560782 ],
						[ 76.3108528822, 9.9997508164 ],
						[ 76.3108237162, 9.9997466876 ],
						[ 76.3107460648, 9.9997481355 ],
						[ 76.3107319047, 9.9997483995 ],
						[ 76.310696527, 9.9997490592 ],
						[ 76.3106598569, 9.9997575335 ],
						[ 76.3106439266, 9.9997629963 ],
						[ 76.3106373298, 9.9997652585 ],
						[ 76.310604357, 9.9997765654 ],
						[ 76.3105950839, 9.9997911036 ],
						[ 76.3105948905, 9.9997914068 ],
						[ 76.3105730138, 9.9998257048 ],
						[ 76.3105698105, 9.9998357262 ],
						[ 76.3105667237, 9.9998453831 ],
						[ 76.3105666845, 9.9998455057 ],
						[ 76.3105481047, 9.9999036312 ],
						[ 76.3105311347, 9.9999567206 ],
						[ 76.3105279715, 9.9999666165 ],
						[ 76.3105239837, 9.9999790919 ],
						[ 76.3105081533, 10.0000376092 ],
						[ 76.3104802686, 10.0001406851 ],
						[ 76.3104784594, 10.0001473727 ],
						[ 76.3104231998, 10.0003559279 ],
						[ 76.310408484, 10.0004114671 ],
						[ 76.310399035, 10.0004471282 ],
						[ 76.3103700486, 10.0005351784 ],
						[ 76.3103655271, 10.000548913 ],
						[ 76.3103531591, 10.0005864827 ],
						[ 76.3103500817, 10.0005983326 ],
						[ 76.3103186952, 10.0007191924 ],
						[ 76.3103150014, 10.000733416 ],
						[ 76.3102664375, 10.0008881111 ],
						[ 76.3102659943, 10.0008894293 ],
						[ 76.3102074904, 10.0010634308 ],
						[ 76.3101681927, 10.0011803091 ],
						[ 76.3101674801, 10.0011824287 ],
						[ 76.3100724729, 10.0014524002 ],
						[ 76.3100492953, 10.0014071656 ],
						[ 76.3100245607, 10.0013588925 ],
						[ 76.3100245182, 10.0013588095 ],
						[ 76.3100240707, 10.0013579361 ],
						[ 76.3100232526, 10.0013567804 ],
						[ 76.3099932847, 10.0013144433 ],
						[ 76.3099919925, 10.0013126177 ],
						[ 76.3099811772, 10.0012973385 ],
						[ 76.3099803945, 10.0012962327 ],
						[ 76.3099801822, 10.0012960568 ],
						[ 76.3099677154, 10.0012857253 ],
						[ 76.3099612894, 10.0012803999 ],
						[ 76.3099611716, 10.0012803672 ],
						[ 76.3099609992, 10.0012803194 ],
						[ 76.3099608618, 10.0012802813 ],
						[ 76.3099599851, 10.0012800382 ],
						[ 76.3099587177, 10.0012796867 ],
						[ 76.309951258, 10.0012776177 ],
						[ 76.309948884, 10.0012769593 ],
						[ 76.3099415923, 10.0012749369 ],
						[ 76.3099263727, 10.0012707158 ],
						[ 76.3099188567, 10.0012686312 ],
						[ 76.3099085854, 10.0012667407 ],
						[ 76.3099038801, 10.0012658747 ],
						[ 76.3099038667, 10.0012658722 ],
						[ 76.3098804654, 10.0012615652 ],
						[ 76.3098432463, 10.0012547149 ],
						[ 76.3098299747, 10.0012522722 ],
						[ 76.3098198075, 10.0012504009 ],
						[ 76.30980774, 10.0012474046 ],
						[ 76.3096973554, 10.0012199964 ],
						[ 76.3096944048, 10.0012192638 ],
						[ 76.3096862936, 10.0012172498 ],
						[ 76.3095584523, 10.0011784029 ],
						[ 76.309548621, 10.0011754155 ],
						[ 76.3095481446, 10.0011751299 ],
						[ 76.3095147331, 10.0011551023 ],
						[ 76.3095081055, 10.0011477497 ],
						[ 76.3094624121, 10.0010970572 ],
						[ 76.3093849863, 10.0010111607 ],
						[ 76.309358102, 10.0009813352 ],
						[ 76.3092635252, 10.0008841705 ],
						[ 76.3092545635, 10.0008749635 ],
						[ 76.3092516994, 10.0008734585 ],
						[ 76.3092307253, 10.0008624366 ],
						[ 76.3092133386, 10.0008533 ],
						[ 76.3091660664, 10.000826495 ],
						[ 76.3091543995, 10.0008198795 ],
						[ 76.3090968029, 10.0007855099 ],
						[ 76.3090701543, 10.0007696078 ],
						[ 76.3090600639, 10.0007644065 ],
						[ 76.3090433799, 10.0007558063 ],
						[ 76.3090376102, 10.0007528321 ],
						[ 76.3090246041, 10.0007497559 ],
						[ 76.3090161544, 10.0007477573 ],
						[ 76.3089657641, 10.0007358388 ],
						[ 76.308953008, 10.0007321674 ],
						[ 76.3089265069, 10.00072454 ],
						[ 76.3088567717, 10.000704469 ],
						[ 76.3088339839, 10.0006990481 ],
						[ 76.3088081401, 10.0006929003 ],
						[ 76.308740243, 10.0006750955 ],
						[ 76.3087063417, 10.0006662055 ],
						[ 76.3086423169, 10.0006539433 ],
						[ 76.3086216575, 10.0006499865 ],
						[ 76.3085521287, 10.0006366702 ],
						[ 76.3085136598, 10.0006314929 ],
						[ 76.3084509673, 10.0006230555 ],
						[ 76.3084195931, 10.0006188331 ],
						[ 76.3084006404, 10.0006152481 ],
						[ 76.3083892324, 10.0006130902 ],
						[ 76.3083870604, 10.0006126794 ],
						[ 76.3083491605, 10.0006055105 ],
						[ 76.3082630931, 10.0005892305 ],
						[ 76.308174988, 10.0005725651 ],
						[ 76.308151661, 10.0005681527 ],
						[ 76.3081182572, 10.0005618342 ],
						[ 76.3081105289, 10.0005603724 ],
						[ 76.3080226129, 10.0005575912 ],
						[ 76.3080107791, 10.0005570028 ],
						[ 76.3079492682, 10.0005539448 ],
						[ 76.3079402671, 10.0005514223 ],
						[ 76.3078550309, 10.0005275354 ],
						[ 76.3078526997, 10.000526568 ],
						[ 76.3077202969, 10.0004716205 ],
						[ 76.3077099774, 10.0004673379 ],
						[ 76.3077014861, 10.0004649876 ],
						[ 76.3075995543, 10.0004367751 ],
						[ 76.3075953874, 10.0004356218 ],
						[ 76.3075909665, 10.0004343982 ],
						[ 76.3074813731, 10.0003985973 ],
						[ 76.3074468317, 10.0003873137 ],
						[ 76.307432325, 10.0003825748 ],
						[ 76.3074323145, 10.0003825713 ],
						[ 76.3073540141, 10.0003569929 ],
						[ 76.3072623573, 10.0003270513 ],
						[ 76.307177139, 10.0002992131 ],
						[ 76.3071771161, 10.0002992056 ],
						[ 76.3071680234, 10.0002962353 ],
						[ 76.3071600001, 10.0002936143 ],
						[ 76.3071599903, 10.0002936111 ],
						[ 76.307148284, 10.000289787 ],
						[ 76.3070106381, 10.0002448221 ],
						[ 76.3070756455, 10.0000990403 ],
						[ 76.3071249128, 9.9999885562 ],
						[ 76.3071454657, 9.9999424655 ],
						[ 76.3071542379, 9.9999227935 ],
						[ 76.3071715537, 9.9998839619 ],
						[ 76.3072029269, 9.9998136061 ],
						[ 76.307250424, 9.9997070917 ],
						[ 76.3072562278, 9.9996940765 ],
						[ 76.307262111, 9.9996808832 ],
						[ 76.3072921052, 9.9996136198 ],
						[ 76.307321715, 9.9995447923 ],
						[ 76.3073910356, 9.9993836577 ],
						[ 76.3073973696, 9.9993689344 ],
						[ 76.3073999302, 9.9993554418 ],
						[ 76.3074136814, 9.9992829815 ],
						[ 76.3074166944, 9.999267105 ],
						[ 76.307425704, 9.9992196295 ],
						[ 76.3074561289, 9.9990593092 ],
						[ 76.3074632049, 9.9990220229 ],
						[ 76.3074632748, 9.9990216544 ],
						[ 76.3074665497, 9.999004398 ],
						[ 76.3074731596, 9.9989695676 ],
						[ 76.3074860694, 9.9989015406 ],
						[ 76.3075067139, 9.9987927568 ],
						[ 76.3075239209, 9.998755118 ],
						[ 76.3075266293, 9.9987491937 ],
						[ 76.3075336323, 9.9987338753 ],
						[ 76.3075632348, 9.9986691225 ],
						[ 76.3075778777, 9.9986370925 ],
						[ 76.307582664, 9.9986266229 ],
						[ 76.3075842819, 9.99862127 ],
						[ 76.3076075171, 9.9985443947 ],
						[ 76.3076335832, 9.9984581531 ],
						[ 76.3076353619, 9.9984522681 ],
						[ 76.3076383252, 9.9984372639 ],
						[ 76.307638863, 9.9984345411 ],
						[ 76.3076576331, 9.9983395017 ],
						[ 76.3076802817, 9.998224824 ],
						[ 76.3076848493, 9.9982016971 ],
						[ 76.3076885265, 9.998183078 ],
						[ 76.3076986625, 9.9981317563 ],
						[ 76.3077081693, 9.99808362 ],
						[ 76.3077119671, 9.9980643903 ],
						[ 76.3077172296, 9.9980377449 ],
						[ 76.3077194037, 9.9980236107 ],
						[ 76.3077515408, 9.9978146868 ],
						[ 76.3078022467, 9.997485047 ],
						[ 76.3078764681, 9.9970025316 ],
						[ 76.3078778831, 9.996980689 ],
						[ 76.3079065435, 9.9965382733 ],
						[ 76.3079093157, 9.9961250315 ],
						[ 76.3079093764, 9.9961159818 ],
						[ 76.3079220375, 9.9960148662 ],
						[ 76.3080263075, 9.9956712695 ],
						[ 76.3080270904, 9.9956698761 ],
						[ 76.3080812768, 9.995573439 ],
						[ 76.3080828602, 9.9955706209 ],
						[ 76.3081406612, 9.9953667127 ],
						[ 76.3082522979, 9.9949728842 ],
						[ 76.3082524548, 9.9949723959 ],
						[ 76.3083182287, 9.9947675964 ],
						[ 76.3084093938, 9.9944837371 ],
						[ 76.3084161546, 9.9944626861 ],
						[ 76.3084165919, 9.9944578636 ],
						[ 76.308437181, 9.9942308294 ],
						[ 76.3084421578, 9.994176899 ],
						[ 76.3084424251, 9.9941740027 ],
						[ 76.3084213458, 9.9939894791 ],
						[ 76.3084207132, 9.993987273 ],
						[ 76.3084055759, 9.9939344872 ],
						[ 76.3083990935, 9.9939118821 ],
						[ 76.3083603516, 9.993757887 ],
						[ 76.3083598806, 9.9937541648 ],
						[ 76.3083433434, 9.9936234631 ],
						[ 76.3083506833, 9.9935516217 ],
						[ 76.3083560946, 9.9934882099 ],
						[ 76.308356431, 9.9934872507 ],
						[ 76.3084005147, 9.9933615495 ],
						[ 76.3084039625, 9.9933517182 ],
						[ 76.3084742843, 9.9931744424 ],
						[ 76.3086253145, 9.992947714 ],
						[ 76.3086867541, 9.992792016 ],
						[ 76.3087044326, 9.9927458804 ],
						[ 76.3087053636, 9.9927434508 ],
						[ 76.3088806325, 9.9925242327 ],
						[ 76.3088814731, 9.9925231812 ],
						[ 76.3088875814, 9.9925093495 ],
						[ 76.3090475015, 9.9921472261 ],
						[ 76.3090504184, 9.9921353989 ],
						[ 76.3090854687, 9.9919932843 ],
						[ 76.3091297543, 9.9918137244 ],
						[ 76.309138177, 9.9917881541 ],
						[ 76.3091541448, 9.9917396779 ],
						[ 76.3091588369, 9.9917310167 ],
						[ 76.3091779417, 9.9916957509 ],
						[ 76.3093338345, 9.9914079865 ],
						[ 76.3095112737, 9.9911463095 ],
						[ 76.3095271601, 9.9911228812 ],
						[ 76.3096118945, 9.9909893823 ],
						[ 76.3096135347, 9.9909867982 ],
						[ 76.3096501168, 9.9909477123 ],
						[ 76.3096503193, 9.9909467032 ],
						[ 76.3096578212, 9.9909093216 ],
						[ 76.309659262, 9.9909021422 ],
						[ 76.3096659005, 9.9908496691 ],
						[ 76.3096930624, 9.9906349706 ],
						[ 76.3097019833, 9.9905644559 ],
						[ 76.3097108959, 9.9904940071 ],
						[ 76.3097250786, 9.9904405955 ],
						[ 76.3097551657, 9.9903272889 ],
						[ 76.3097580381, 9.9903136942 ],
						[ 76.3097938062, 9.9901444071 ],
						[ 76.3098480118, 9.9898878565 ],
						[ 76.3098534243, 9.9898649383 ],
						[ 76.3099368143, 9.9895118336 ],
						[ 76.3100094738, 9.9892041658 ],
						[ 76.3100094895, 9.9892040996 ],
						[ 76.3100213106, 9.9891737202 ],
						[ 76.3101557396, 9.9888282484 ],
						[ 76.3102148992, 9.9886762129 ],
						[ 76.310270386, 9.988533616 ],
						[ 76.3102762071, 9.9885186562 ],
						[ 76.3103432835, 9.9883548629 ],
						[ 76.3103464802, 9.9883491285 ],
						[ 76.3105077999, 9.9880597442 ],
						[ 76.3105083856, 9.9880578944 ],
						[ 76.3105573141, 9.9879033572 ],
						[ 76.3106083825, 9.9877420612 ],
						[ 76.310658182, 9.9875847728 ],
						[ 76.310705179, 9.987436336 ],
						[ 76.310747261, 9.9873034226 ],
						[ 76.3107703346, 9.9872305461 ],
						[ 76.3107874691, 9.9871697992 ],
						[ 76.3108442488, 9.9869684985 ],
						[ 76.3108445866, 9.9869666468 ],
						[ 76.310876792, 9.9867901051 ],
						[ 76.3108773279, 9.9867871678 ],
						[ 76.3108773671, 9.9867873803 ],
						[ 76.3109900649, 9.9868154214 ]
					]
				]
			},
			"properties" : {
				"gml_id" : "Ernakulam_editor.fid-f0aec0d_192a2341ec3_29e7",
				"geom" : null,
				"District" : "Ernakulam",
				"LSGD" : "Cochin",
				"Ward_Name" : "PALARIVATTAM",
				"Ward_No" : 36,
				"Lsgd_Type" : "Corporation",
				"Created_Da" : "2024-10-21T10:07:43.391Z",
				"Surveyor" : "Smitha T P",
				"Mob_No" : "9946674644",
				"Remarks" : "PUTHIYA ROAD",
				"Q__result" : "ErnakulamLocked.Cochin36",
				"Q__timesta" : "20250528",
				"_result" : "Ernakulam_Cochin",
				"OBJECTID" : 1131,
				"gml_parent_id" : null,
				"gml_parent_property" : "featureMembers",
				"Created_Date" : "2024-10-22T08:33:36.003Z",
				"_ulid" : "01JBBD7151DY27T8X2GJ2ZD40P"
			}
		},
		{
			"type" : "Feature",
			"geometry" : {
				"type" : "Polygon",
				"coordinates" : [
					[
						[ 76.2859215683, 9.9938473824 ],
						[ 76.2859866814, 9.9939239075 ],
						[ 76.2860679963, 9.9940204736 ],
						[ 76.2860675951, 9.9940209721 ],
						[ 76.2860748213, 9.994028855 ],
						[ 76.286077679, 9.9940319725 ],
						[ 76.2860909594, 9.9940464598 ],
						[ 76.2860965643, 9.9940525741 ],
						[ 76.2860975162, 9.9940536125 ],
						[ 76.2860996222, 9.9940559099 ],
						[ 76.2861332792, 9.9940926257 ],
						[ 76.2862250454, 9.9941927318 ],
						[ 76.2862272304, 9.9941951154 ],
						[ 76.2862375428, 9.9942075807 ],
						[ 76.2862963485, 9.9942786634 ],
						[ 76.2863215579, 9.9943091358 ],
						[ 76.2863218194, 9.9943094519 ],
						[ 76.2863816772, 9.9943510959 ],
						[ 76.2864152824, 9.9943744755 ],
						[ 76.2864589959, 9.9944051016 ],
						[ 76.2864865744, 9.9944244234 ],
						[ 76.2865493884, 9.994465846 ],
						[ 76.2865656292, 9.9944765559 ],
						[ 76.2865656623, 9.9944765796 ],
						[ 76.2865657168, 9.9944766185 ],
						[ 76.2865661062, 9.9944768966 ],
						[ 76.286566657, 9.9944772899 ],
						[ 76.2865677194, 9.9944751199 ],
						[ 76.2868681349, 9.9946925827 ],
						[ 76.2869559776, 9.9947553133 ],
						[ 76.2870111129, 9.9947946867 ],
						[ 76.2870119019, 9.9947952501 ],
						[ 76.2869884651, 9.9948543612 ],
						[ 76.2869871365, 9.9948584564 ],
						[ 76.2869738603, 9.9948993813 ],
						[ 76.2869651985, 9.9949260817 ],
						[ 76.2869647076, 9.9949275949 ],
						[ 76.2869658179, 9.9949280951 ],
						[ 76.2869837751, 9.9949361843 ],
						[ 76.2870230785, 9.9949538895 ],
						[ 76.2870533526, 9.9949669822 ],
						[ 76.2870715928, 9.9949748706 ],
						[ 76.2870741382, 9.9949759714 ],
						[ 76.2871023559, 9.9949881748 ],
						[ 76.2871811399, 9.9950222466 ],
						[ 76.2872684946, 9.9950605805 ],
						[ 76.287298889, 9.9950739184 ],
						[ 76.2873534637, 9.9950978674 ],
						[ 76.287403481, 9.9951162355 ],
						[ 76.2874100954, 9.9951186645 ],
						[ 76.2874957849, 9.9951501325 ],
						[ 76.2874960633, 9.9951502348 ],
						[ 76.2875146864, 9.9951570738 ],
						[ 76.2875359879, 9.9951648965 ],
						[ 76.2875474128, 9.995168226 ],
						[ 76.2875548809, 9.9951704025 ],
						[ 76.2877202139, 9.9952271115 ],
						[ 76.2877202702, 9.9952271307 ],
						[ 76.2881520436, 9.9953752281 ],
						[ 76.2884072719, 9.9955136201 ],
						[ 76.288932415, 9.9957983673 ],
						[ 76.2890244417, 9.9958482667 ],
						[ 76.2890245664, 9.9958483344 ],
						[ 76.2890249331, 9.9958604452 ],
						[ 76.2890249438, 9.995860798 ],
						[ 76.2890362211, 9.9958677579 ],
						[ 76.2892274443, 9.9959857746 ],
						[ 76.2892650768, 9.9960090001 ],
						[ 76.2894140922, 9.9960894801 ],
						[ 76.2894358823, 9.9961012485 ],
						[ 76.2895297418, 9.9961578568 ],
						[ 76.289584594, 9.9961909392 ],
						[ 76.2896032651, 9.9962005329 ],
						[ 76.2897686, 9.9962854866 ],
						[ 76.2897941612, 9.9962980695 ],
						[ 76.2898231849, 9.9963123569 ],
						[ 76.2898233508, 9.9963124386 ],
						[ 76.2898229801, 9.996313657 ],
						[ 76.2898366524, 9.9963210583 ],
						[ 76.2898366669, 9.9963210661 ],
						[ 76.2896294762, 9.9965421159 ],
						[ 76.2894732763, 9.9966668522 ],
						[ 76.2892900526, 9.9967789246 ],
						[ 76.2892778329, 9.9967870404 ],
						[ 76.2892044428, 9.9968688588 ],
						[ 76.2891709965, 9.9969069846 ],
						[ 76.289093328, 9.997058696 ],
						[ 76.2889868401, 9.9971754812 ],
						[ 76.2889220825, 9.9972171374 ],
						[ 76.2888615732, 9.997210661 ],
						[ 76.288782243, 9.997166611 ],
						[ 76.2887635156, 9.9971569069 ],
						[ 76.2886488295, 9.9971378458 ],
						[ 76.2885234452, 9.9971117128 ],
						[ 76.2884891733, 9.9971055888 ],
						[ 76.2884891732, 9.9971055888 ],
						[ 76.2884891731, 9.9971055888 ],
						[ 76.2884444704, 9.9970988776 ],
						[ 76.288418347, 9.9971382841 ],
						[ 76.2884106249, 9.9971499328 ],
						[ 76.2884071571, 9.9971557989 ],
						[ 76.2884080447, 9.9971666506 ],
						[ 76.2884097421, 9.9971874029 ],
						[ 76.2884097421, 9.997187403 ],
						[ 76.2884119109, 9.997213919 ],
						[ 76.2884135747, 9.9972342602 ],
						[ 76.2884152784, 9.9972550894 ],
						[ 76.2884168978, 9.9972748885 ],
						[ 76.2884184989, 9.9972944632 ],
						[ 76.2884197258, 9.9973094637 ],
						[ 76.2884381778, 9.9975261904 ],
						[ 76.2884678321, 9.9975956473 ],
						[ 76.2885211316, 9.9976752177 ],
						[ 76.2885913963, 9.9977758087 ],
						[ 76.2886445918, 9.9978516823 ],
						[ 76.2886445923, 9.997851683 ],
						[ 76.2886499182, 9.9978592794 ],
						[ 76.2886865352, 9.9979584024 ],
						[ 76.2886865352, 9.9979584026 ],
						[ 76.2887034671, 9.9980042374 ],
						[ 76.2886953913, 9.998022341 ],
						[ 76.2886388605, 9.998149066 ],
						[ 76.2885794281, 9.998167867 ],
						[ 76.2883341052, 9.9980690472 ],
						[ 76.2882600572, 9.9981027298 ],
						[ 76.288260057, 9.9981027299 ],
						[ 76.2882263328, 9.9981213756 ],
						[ 76.2881029601, 9.9982530688 ],
						[ 76.2881029507, 9.9982530787 ],
						[ 76.288102462, 9.998255034 ],
						[ 76.2880485681, 9.9984706366 ],
						[ 76.288035105, 9.9986894929 ],
						[ 76.2879577326, 9.9989116678 ],
						[ 76.287932791, 9.9991133165 ],
						[ 76.2879309428, 9.9991283743 ],
						[ 76.2878383853, 9.9994372948 ],
						[ 76.2877436757, 9.9995784252 ],
						[ 76.2877432497, 9.99957906 ],
						[ 76.2877413939, 9.9995818255 ],
						[ 76.2877354864, 9.9995906284 ],
						[ 76.2877521503, 9.9996211988 ],
						[ 76.2877071938, 10.0007074182 ],
						[ 76.2875541761, 10.0010247758 ],
						[ 76.2875145818, 10.0011335669 ],
						[ 76.2874224778, 10.0011156529 ],
						[ 76.2871483559, 10.0010249956 ],
						[ 76.2870340101, 10.0010227798 ],
						[ 76.2868371062, 10.001047716 ],
						[ 76.2867281579, 10.0010934469 ],
						[ 76.2866890464, 10.0011429028 ],
						[ 76.2866119751, 10.0012371183 ],
						[ 76.2865649358, 10.0013242161 ],
						[ 76.2865377017, 10.0014624839 ],
						[ 76.2865578778, 10.0014794013 ],
						[ 76.2866267036, 10.0015371109 ],
						[ 76.2866863608, 10.0015769135 ],
						[ 76.2867598427, 10.0016203451 ],
						[ 76.286863304, 10.0016711357 ],
						[ 76.286966042, 10.0017519873 ],
						[ 76.287055517, 10.0018516076 ],
						[ 76.2870582313, 10.001874465 ],
						[ 76.2862968381, 10.0017507572 ],
						[ 76.2862474061, 10.0017421497 ],
						[ 76.2860641653, 10.0016308676 ],
						[ 76.2859945315, 10.0015859071 ],
						[ 76.2858784593, 10.0015118294 ],
						[ 76.2857055595, 10.0014058757 ],
						[ 76.2854887344, 10.0012759913 ],
						[ 76.2853935362, 10.0012022919 ],
						[ 76.2851973932, 10.0010830643 ],
						[ 76.2849447587, 10.0009139733 ],
						[ 76.2847566836, 10.0007820394 ],
						[ 76.2845968782, 10.0006737523 ],
						[ 76.2844757315, 10.0005918709 ],
						[ 76.284336464, 10.0005019496 ],
						[ 76.2841947313, 10.000404272 ],
						[ 76.2841096821, 10.0003461794 ],
						[ 76.2839035822, 10.000201066 ],
						[ 76.2840305405, 9.9999720227 ],
						[ 76.2841409786, 9.9997889487 ],
						[ 76.2842678408, 9.9995650443 ],
						[ 76.2841850646, 9.9995249862 ],
						[ 76.2839650058, 9.999428459 ],
						[ 76.283755096, 9.9993475388 ],
						[ 76.2834673884, 9.9992395032 ],
						[ 76.2831795847, 9.9991366068 ],
						[ 76.2830865636, 9.9990860809 ],
						[ 76.28293473, 9.9989702263 ],
						[ 76.2827852656, 9.9988672671 ],
						[ 76.282718001, 9.9988352017 ],
						[ 76.2825446689, 9.9987523738 ],
						[ 76.2822856152, 9.998647428 ],
						[ 76.282089232, 9.9985410476 ],
						[ 76.2818796583, 9.9984421397 ],
						[ 76.2816963214, 9.9983359958 ],
						[ 76.2815520755, 9.998233131 ],
						[ 76.2813643846, 9.9980806388 ],
						[ 76.2812207151, 9.9979469382 ],
						[ 76.2810745324, 9.997808051 ],
						[ 76.2809844087, 9.9977421543 ],
						[ 76.2807505832, 9.9976839348 ],
						[ 76.2805083535, 9.9976564091 ],
						[ 76.2803389431, 9.997643056 ],
						[ 76.2800602317, 9.9976122984 ],
						[ 76.2801178924, 9.9973203046 ],
						[ 76.2801993727, 9.9970107486 ],
						[ 76.2803108038, 9.9966349017 ],
						[ 76.2803824871, 9.996430559 ],
						[ 76.28049427, 9.9961755327 ],
						[ 76.2805871637, 9.9959535805 ],
						[ 76.2806493225, 9.9957002247 ],
						[ 76.2807068871, 9.9954133685 ],
						[ 76.2807745526, 9.9951446889 ],
						[ 76.2808708084, 9.9947428593 ],
						[ 76.2809493432, 9.9944512412 ],
						[ 76.2810222753, 9.9941800857 ],
						[ 76.2810953034, 9.9939037907 ],
						[ 76.28115703, 9.9936735604 ],
						[ 76.2811958975, 9.9934094984 ],
						[ 76.2812600412, 9.9931895937 ],
						[ 76.2812906486, 9.9929485166 ],
						[ 76.2813167579, 9.9926687994 ],
						[ 76.2813522957, 9.9924432345 ],
						[ 76.2814166315, 9.9922130505 ],
						[ 76.2814793824, 9.9920676661 ],
						[ 76.2815208204, 9.9919668011 ],
						[ 76.2815248289, 9.9919671894 ],
						[ 76.2816991803, 9.9919840772 ],
						[ 76.2818488582, 9.9920013532 ],
						[ 76.2821527545, 9.9920355119 ],
						[ 76.2821527682, 9.9920355133 ],
						[ 76.2824319999, 9.9920668995 ],
						[ 76.2826294126, 9.9921036734 ],
						[ 76.28268753, 9.9921144994 ],
						[ 76.2829638809, 9.99220322 ],
						[ 76.2830618904, 9.9922497629 ],
						[ 76.2831685613, 9.9923004189 ],
						[ 76.2834105133, 9.9924181136 ],
						[ 76.2834908354, 9.9924487812 ],
						[ 76.283715536, 9.9925345735 ],
						[ 76.2839291904, 9.9926275975 ],
						[ 76.2839417074, 9.9926330083 ],
						[ 76.2841327479, 9.9927155898 ],
						[ 76.2843950154, 9.9928184286 ],
						[ 76.2845526584, 9.9928769376 ],
						[ 76.2846367148, 9.992908135 ],
						[ 76.2848527367, 9.9929946527 ],
						[ 76.2850769617, 9.9930898028 ],
						[ 76.2850994237, 9.9930993346 ],
						[ 76.2852480141, 9.9932031683 ],
						[ 76.285479504, 9.9933905887 ],
						[ 76.2855044577, 9.9934128264 ],
						[ 76.2856922973, 9.9935802208 ],
						[ 76.2857699252, 9.9936664966 ],
						[ 76.2857699256, 9.9936664969 ],
						[ 76.2858239408, 9.9937265295 ],
						[ 76.2858641586, 9.9937782804 ],
						[ 76.2858654084, 9.9937798887 ],
						[ 76.2859218441, 9.9938469094 ],
						[ 76.2859215683, 9.9938473824 ]
					]
				]
			},
			"properties" : {
				"gml_id" : "Ernakulam_editor.fid-f0aec0d_192a2341ec3_2aaa",
				"geom" : null,
				"District" : "Ernakulam",
				"LSGD" : "Cochin",
				"Ward_Name" : "THRIKKANARVATTOM",
				"Ward_No" : 18,
				"Lsgd_Type" : "Corporation",
				"Created_Da" : "2024-10-21T10:14:04.727Z",
				"Surveyor" : "Jayamol K N",
				"Mob_No" : "9946674644",
				"Remarks" : null,
				"Q__result" : "ErnakulamLocked.Cochin18",
				"Q__timesta" : "20250528",
				"_result" : "Ernakulam_Cochin",
				"OBJECTID" : 1131,
				"gml_parent_id" : null,
				"gml_parent_property" : "featureMembers",
				"Created_Date" : "2024-10-22T08:33:36.003Z",
				"_ulid" : "01JBBD7151DY27T8X2GJ2ZD40P"
			}
		},
		{
			"type" : "Feature",
			"geometry" : {
				"type" : "Polygon",
				"coordinates" : [
					[
						[ 76.2689245695, 9.9831129804 ],
						[ 76.2688185164, 9.9830728436 ],
						[ 76.2688134695, 9.9830683014 ],
						[ 76.2688136688, 9.9830682287 ],
						[ 76.268756102, 9.9830465973 ],
						[ 76.2687561019, 9.9830465975 ],
						[ 76.2667328212, 9.9821369367 ],
						[ 76.2647348798, 9.981180886 ],
						[ 76.2647657068, 9.9811438397 ],
						[ 76.2648538765, 9.9810378821 ],
						[ 76.2650221434, 9.9808356676 ],
						[ 76.2652864704, 9.9805180129 ],
						[ 76.2656038255, 9.9801366313 ],
						[ 76.2659886445, 9.9796741745 ],
						[ 76.2661037574, 9.979535837 ],
						[ 76.266416649, 9.9791598184 ],
						[ 76.2667457741, 9.9787642905 ],
						[ 76.2670349452, 9.9784167772 ],
						[ 76.2674396907, 9.9779303709 ],
						[ 76.2680640765, 9.9771800087 ],
						[ 76.2683627319, 9.9768210958 ],
						[ 76.2683910617, 9.9767816749 ],
						[ 76.2686708852, 9.9763923005 ],
						[ 76.2690436463, 9.9758736026 ],
						[ 76.2693593525, 9.9754342962 ],
						[ 76.2701384337, 9.9751923355 ],
						[ 76.2709076171, 9.9749534485 ],
						[ 76.2739810384, 9.9737628935 ],
						[ 76.2745403931, 9.9735462151 ],
						[ 76.2745687226, 9.973535241 ],
						[ 76.274626168, 9.9734767376 ],
						[ 76.2750037556, 9.9730921954 ],
						[ 76.275020343, 9.9730753024 ],
						[ 76.2750441462, 9.9730892505 ],
						[ 76.2754100333, 9.9733036519 ],
						[ 76.2754156769, 9.9733069606 ],
						[ 76.2769405804, 9.9742005175 ],
						[ 76.2769424507, 9.9742016115 ],
						[ 76.2771615903, 9.9743300218 ],
						[ 76.27730278, 9.9744127554 ],
						[ 76.2774012013, 9.9744704278 ],
						[ 76.277401482, 9.9744705923 ],
						[ 76.2774160747, 9.9744726609 ],
						[ 76.2775069282, 9.9744855403 ],
						[ 76.2779470093, 9.9746409461 ],
						[ 76.2782247392, 9.9747218725 ],
						[ 76.2784963802, 9.9748133757 ],
						[ 76.2787430797, 9.9749097925 ],
						[ 76.2791003481, 9.9749985248 ],
						[ 76.2793092175, 9.9750573638 ],
						[ 76.2797189501, 9.9751900181 ],
						[ 76.2799722544, 9.9752718334 ],
						[ 76.2800753612, 9.9753204279 ],
						[ 76.2800753616, 9.9753204281 ],
						[ 76.280075362, 9.9753204284 ],
						[ 76.2803573119, 9.9754851018 ],
						[ 76.2803643092, 9.9754896033 ],
						[ 76.2804652793, 9.9755288166 ],
						[ 76.2805037709, 9.9754558226 ],
						[ 76.2805649554, 9.9752742876 ],
						[ 76.2806105616, 9.9750781154 ],
						[ 76.2806377855, 9.9749274105 ],
						[ 76.2806538027, 9.9748585723 ],
						[ 76.2807011708, 9.9748172426 ],
						[ 76.2807813299, 9.974783026 ],
						[ 76.2808543185, 9.9747823969 ],
						[ 76.2810461431, 9.974789239 ],
						[ 76.2810461436, 9.974789239 ],
						[ 76.2812658687, 9.9748192404 ],
						[ 76.2813455346, 9.9748717371 ],
						[ 76.281363547, 9.9748772022 ],
						[ 76.2814844951, 9.9749184052 ],
						[ 76.2815310045, 9.9749888979 ],
						[ 76.2815566124, 9.9750277109 ],
						[ 76.2815573176, 9.9750287797 ],
						[ 76.2816675523, 9.9750347547 ],
						[ 76.2818918393, 9.9750450565 ],
						[ 76.2819407738, 9.975054021 ],
						[ 76.2821132884, 9.9750956949 ],
						[ 76.2822331731, 9.9751430008 ],
						[ 76.2822440915, 9.9751906319 ],
						[ 76.2822216941, 9.9752590729 ],
						[ 76.2822216941, 9.975259073 ],
						[ 76.282221694, 9.9752590732 ],
						[ 76.2821523009, 9.9754711218 ],
						[ 76.2821002889, 9.9755747059 ],
						[ 76.2820063008, 9.9757554537 ],
						[ 76.2819615367, 9.9758303752 ],
						[ 76.2819667236, 9.9758315641 ],
						[ 76.2819663567, 9.9758322697 ],
						[ 76.2819663566, 9.9758322697 ],
						[ 76.2819450523, 9.9758265965 ],
						[ 76.2819450519, 9.9758265964 ],
						[ 76.2819445992, 9.9758285372 ],
						[ 76.2818397043, 9.9762715615 ],
						[ 76.2817694934, 9.976526242 ],
						[ 76.2817652738, 9.9765415478 ],
						[ 76.281728782, 9.9768345549 ],
						[ 76.2817544728, 9.9770193454 ],
						[ 76.2817532877, 9.9771334573 ],
						[ 76.2817532877, 9.9771334575 ],
						[ 76.2817532877, 9.9771334577 ],
						[ 76.2817260943, 9.9774989748 ],
						[ 76.2817260943, 9.9774989748 ],
						[ 76.2816701316, 9.9778451365 ],
						[ 76.2816675021, 9.9778579588 ],
						[ 76.281624166, 9.9783518936 ],
						[ 76.2816111732, 9.9786743185 ],
						[ 76.281559543, 9.9789245134 ],
						[ 76.2815362594, 9.9790259048 ],
						[ 76.2815289107, 9.9790729547 ],
						[ 76.2815289107, 9.9790729547 ],
						[ 76.2815289107, 9.9790729548 ],
						[ 76.2814800631, 9.9793857015 ],
						[ 76.281473938, 9.9794851695 ],
						[ 76.2814097544, 9.9796896235 ],
						[ 76.2814097544, 9.9796896235 ],
						[ 76.2813836506, 9.9797560043 ],
						[ 76.2813399045, 9.9799590107 ],
						[ 76.2813285136, 9.9800254879 ],
						[ 76.2813285136, 9.9800254879 ],
						[ 76.2813285136, 9.980025488 ],
						[ 76.2812993734, 9.9801955509 ],
						[ 76.2812596665, 9.9804550207 ],
						[ 76.2812133055, 9.9807584573 ],
						[ 76.2811792409, 9.9809414625 ],
						[ 76.2811012535, 9.981224903 ],
						[ 76.2810732065, 9.981511111 ],
						[ 76.2809030739, 9.9823255811 ],
						[ 76.2809011872, 9.9823342781 ],
						[ 76.2808971021, 9.9823608771 ],
						[ 76.28076568, 9.9831376447 ],
						[ 76.2807656798, 9.9831376455 ],
						[ 76.2807070585, 9.9834493637 ],
						[ 76.2805987264, 9.984096039 ],
						[ 76.2805987258, 9.9840960421 ],
						[ 76.2805987255, 9.984096044 ],
						[ 76.2805169765, 9.9845840332 ],
						[ 76.2804833675, 9.9848345044 ],
						[ 76.2804833675, 9.9848345045 ],
						[ 76.2804833674, 9.9848345047 ],
						[ 76.2803985303, 9.9854667527 ],
						[ 76.2803946675, 9.9855463577 ],
						[ 76.2808378033, 9.9856523199 ],
						[ 76.2816111404, 9.9857979144 ],
						[ 76.2822050019, 9.985965842 ],
						[ 76.2822050474, 9.9859658572 ],
						[ 76.2826948223, 9.9861318487 ],
						[ 76.2828710054, 9.9861943418 ],
						[ 76.2832618752, 9.9863329851 ],
						[ 76.2836237913, 9.9864679432 ],
						[ 76.2842781831, 9.9867845723 ],
						[ 76.2843251946, 9.9868073189 ],
						[ 76.2843263132, 9.9868081082 ],
						[ 76.2843489927, 9.9868188336 ],
						[ 76.2843489928, 9.9868188336 ],
						[ 76.2843657467, 9.9868272774 ],
						[ 76.2847743666, 9.9871242562 ],
						[ 76.2847743741, 9.9871242616 ],
						[ 76.2847818605, 9.9871297026 ],
						[ 76.2849071686, 9.9872207744 ],
						[ 76.2849120588, 9.9872243286 ],
						[ 76.2849151075, 9.98722742 ],
						[ 76.2849786772, 9.9872923673 ],
						[ 76.285203294, 9.9875218518 ],
						[ 76.2852240671, 9.987543075 ],
						[ 76.2857586412, 9.9880892313 ],
						[ 76.2860588718, 9.9884682725 ],
						[ 76.2860588919, 9.9884682991 ],
						[ 76.2863145387, 9.9888094456 ],
						[ 76.2865155814, 9.9891240592 ],
						[ 76.2867188319, 9.989442127 ],
						[ 76.2869676342, 9.9898343277 ],
						[ 76.2869676905, 9.9898344167 ],
						[ 76.2869677805, 9.9898345588 ],
						[ 76.2869619027, 9.9898675208 ],
						[ 76.2869616073, 9.9898691776 ],
						[ 76.2869363954, 9.9900105636 ],
						[ 76.2867934651, 9.9907495314 ],
						[ 76.2867461559, 9.9909486829 ],
						[ 76.2865849012, 9.9916274934 ],
						[ 76.2865134837, 9.9920436589 ],
						[ 76.2864866435, 9.9921634874 ],
						[ 76.2864318188, 9.9925131254 ],
						[ 76.2864201659, 9.9925874407 ],
						[ 76.2862367658, 9.9934640886 ],
						[ 76.2861851694, 9.9936460241 ],
						[ 76.2861840421, 9.993649999 ],
						[ 76.286087702, 9.9939897062 ],
						[ 76.2860775326, 9.9940235595 ],
						[ 76.2860763134, 9.9940273763 ],
						[ 76.2860762758, 9.9940274938 ],
						[ 76.2860749802, 9.9940287675 ],
						[ 76.2860749745, 9.9940287606 ],
						[ 76.2860679963, 9.9940204736 ],
						[ 76.2859866814, 9.9939239075 ],
						[ 76.2859218441, 9.9938469094 ],
						[ 76.2858654084, 9.9937798887 ],
						[ 76.2858641586, 9.9937782804 ],
						[ 76.2858239408, 9.9937265295 ],
						[ 76.2857699256, 9.9936664969 ],
						[ 76.2857699253, 9.9936664967 ],
						[ 76.2857699252, 9.9936664966 ],
						[ 76.2856922973, 9.9935802208 ],
						[ 76.285504458, 9.9934128267 ],
						[ 76.2855044578, 9.9934128265 ],
						[ 76.2855044577, 9.9934128264 ],
						[ 76.285479504, 9.9933905887 ],
						[ 76.2852480141, 9.9932031683 ],
						[ 76.2850994237, 9.9930993346 ],
						[ 76.2850769622, 9.993089803 ],
						[ 76.2850769622, 9.993089803 ],
						[ 76.2850769617, 9.9930898028 ],
						[ 76.2848527367, 9.9929946527 ],
						[ 76.2846367148, 9.992908135 ],
						[ 76.2845526584, 9.9928769376 ],
						[ 76.2839417076, 9.9926330084 ],
						[ 76.2839417074, 9.9926330083 ],
						[ 76.2839291904, 9.9926275975 ],
						[ 76.283715536, 9.9925345735 ],
						[ 76.2834908354, 9.9924487812 ],
						[ 76.2830618905, 9.9922497629 ],
						[ 76.2830618904, 9.9922497629 ],
						[ 76.2829638809, 9.99220322 ],
						[ 76.28268753, 9.9921144994 ],
						[ 76.2826294131, 9.9921036735 ],
						[ 76.282629413, 9.9921036734 ],
						[ 76.2826294126, 9.9921036734 ],
						[ 76.2824319999, 9.9920668995 ],
						[ 76.2821527682, 9.9920355133 ],
						[ 76.2821527545, 9.9920355119 ],
						[ 76.2818488582, 9.9920013532 ],
						[ 76.2816991803, 9.9919840772 ],
						[ 76.2815248289, 9.9919671894 ],
						[ 76.2815392033, 9.9919220551 ],
						[ 76.2815422773, 9.9919145726 ],
						[ 76.2816100389, 9.9916407507 ],
						[ 76.2816802176, 9.9913772546 ],
						[ 76.2817036701, 9.9911866867 ],
						[ 76.2817230282, 9.9911212451 ],
						[ 76.2818211514, 9.9908194255 ],
						[ 76.2819001703, 9.9905224007 ],
						[ 76.2819625746, 9.9903589633 ],
						[ 76.2819956695, 9.9902801982 ],
						[ 76.2820756699, 9.9900627652 ],
						[ 76.2821610762, 9.9898556994 ],
						[ 76.2822255585, 9.9897111269 ],
						[ 76.2823461299, 9.9894048429 ],
						[ 76.2823677729, 9.9893211908 ],
						[ 76.2825326612, 9.9887859295 ],
						[ 76.2825462446, 9.9887529715 ],
						[ 76.2825496453, 9.9887512051 ],
						[ 76.2825438825, 9.9887495027 ],
						[ 76.2825438824, 9.9887495027 ],
						[ 76.2821033332, 9.9886193616 ],
						[ 76.2817859661, 9.988551732 ],
						[ 76.2815892321, 9.9885128077 ],
						[ 76.2814998297, 9.988498005 ],
						[ 76.2810263467, 9.9883839482 ],
						[ 76.2809770942, 9.9883691185 ],
						[ 76.2805932946, 9.9882901448 ],
						[ 76.2805094896, 9.9882759627 ],
						[ 76.2801323543, 9.988201119 ],
						[ 76.2799630524, 9.9881610293 ],
						[ 76.2796304928, 9.9880892324 ],
						[ 76.27940335, 9.9880467418 ],
						[ 76.2789525335, 9.9879371033 ],
						[ 76.2789525329, 9.9879371031 ],
						[ 76.2788920415, 9.9879200789 ],
						[ 76.2786402292, 9.9878532073 ],
						[ 76.2783497677, 9.987785635 ],
						[ 76.278020851, 9.9877069811 ],
						[ 76.2777197842, 9.987642678 ],
						[ 76.2776628774, 9.9876296245 ],
						[ 76.2776628743, 9.9876296237 ],
						[ 76.2776628702, 9.9876296228 ],
						[ 76.2773593101, 9.9875599905 ],
						[ 76.2769847818, 9.9874770483 ],
						[ 76.2769546386, 9.9874720146 ],
						[ 76.2769523235, 9.9874714994 ],
						[ 76.2769290565, 9.9874677425 ],
						[ 76.2768961296, 9.987462244 ],
						[ 76.2768644714, 9.9874569573 ],
						[ 76.2768373339, 9.9874524255 ],
						[ 76.2768138478, 9.9874485035 ],
						[ 76.2767995657, 9.9874461185 ],
						[ 76.2767724875, 9.9874415966 ],
						[ 76.2767611137, 9.9874396973 ],
						[ 76.2767446236, 9.9874369436 ],
						[ 76.2767298764, 9.9874344809 ],
						[ 76.276717514, 9.9874311666 ],
						[ 76.2766846191, 9.9874220949 ],
						[ 76.2766712473, 9.9874184072 ],
						[ 76.2766592856, 9.9874151084 ],
						[ 76.2766492925, 9.9874123525 ],
						[ 76.2766454982, 9.9874113061 ],
						[ 76.2766352054, 9.9874084676 ],
						[ 76.2766351943, 9.9874084645 ],
						[ 76.2766163691, 9.9874032729 ],
						[ 76.2766163567, 9.9874032695 ],
						[ 76.2766163508, 9.9874032679 ],
						[ 76.27659207, 9.9873965718 ],
						[ 76.2765920595, 9.9873965688 ],
						[ 76.2765872784, 9.9873952503 ],
						[ 76.2765826994, 9.9873939875 ],
						[ 76.2765674311, 9.9873897768 ],
						[ 76.2765592479, 9.9873875201 ],
						[ 76.2765543498, 9.9873861693 ],
						[ 76.2765491413, 9.9873847329 ],
						[ 76.2765443281, 9.9873834055 ],
						[ 76.2765389498, 9.9873819223 ],
						[ 76.276533794, 9.9873805004 ],
						[ 76.2765337849, 9.9873804979 ],
						[ 76.2765238601, 9.9873777609 ],
						[ 76.2765188302, 9.9873763737 ],
						[ 76.2765131971, 9.9873748202 ],
						[ 76.2765082609, 9.9873734589 ],
						[ 76.2765036204, 9.9873721792 ],
						[ 76.2764938912, 9.98736948 ],
						[ 76.2764934043, 9.9873693449 ],
						[ 76.2764743014, 9.9873640883 ],
						[ 76.2764742223, 9.9873640718 ],
						[ 76.2764742223, 9.9873640718 ],
						[ 76.276473742, 9.9873639393 ],
						[ 76.2764460126, 9.9873581751 ],
						[ 76.2764089812, 9.9873504345 ],
						[ 76.2764010796, 9.9873488011 ],
						[ 76.2763719353, 9.9873427764 ],
						[ 76.2763359792, 9.9873353021 ],
						[ 76.2763067895, 9.9873292343 ],
						[ 76.2762303892, 9.9873133527 ],
						[ 76.2761889408, 9.9873047367 ],
						[ 76.2761586212, 9.9872984341 ],
						[ 76.2761356093, 9.9872936505 ],
						[ 76.2761251365, 9.987291327 ],
						[ 76.2760897004, 9.9872813541 ],
						[ 76.2760615198, 9.9872734231 ],
						[ 76.2760337323, 9.9872656028 ],
						[ 76.2760060309, 9.9872578067 ],
						[ 76.2759750595, 9.9872490903 ],
						[ 76.2759439556, 9.9872403367 ],
						[ 76.2758837325, 9.9872233879 ],
						[ 76.2758548316, 9.9872152542 ],
						[ 76.2758272494, 9.9872074917 ],
						[ 76.2757937283, 9.9871979721 ],
						[ 76.2757680788, 9.9871902906 ],
						[ 76.2757241634, 9.9871771388 ],
						[ 76.2756924001, 9.9871676263 ],
						[ 76.2756597285, 9.9871578419 ],
						[ 76.2756298716, 9.9871489003 ],
						[ 76.2756036801, 9.9871410333 ],
						[ 76.2755873779, 9.9871359998 ],
						[ 76.2755870119, 9.9871355123 ],
						[ 76.2755722716, 9.9871316503 ],
						[ 76.2754908936, 9.9871072791 ],
						[ 76.2752152139, 9.987038099 ],
						[ 76.2751015619, 9.9870083214 ],
						[ 76.2734041544, 9.9865133813 ],
						[ 76.2734001961, 9.9865120775 ],
						[ 76.2732697696, 9.9866812266 ],
						[ 76.2732697695, 9.9866812266 ],
						[ 76.2732394035, 9.9866813995 ],
						[ 76.2730613915, 9.9866204009 ],
						[ 76.2725169127, 9.9863818356 ],
						[ 76.2720753597, 9.9873177434 ],
						[ 76.2720753593, 9.9873177443 ],
						[ 76.2718631499, 9.9876991976 ],
						[ 76.2718155436, 9.9877993724 ],
						[ 76.2715953844, 9.988207487 ],
						[ 76.2715390602, 9.9883025435 ],
						[ 76.271532425, 9.9883241961 ],
						[ 76.271532425, 9.9883241961 ],
						[ 76.271532425, 9.9883241964 ],
						[ 76.2714230255, 9.9886812026 ],
						[ 76.2713620616, 9.9888966585 ],
						[ 76.2713620614, 9.9888966591 ],
						[ 76.2711148521, 9.9897565284 ],
						[ 76.2710624406, 9.9899207949 ],
						[ 76.2708932063, 9.9905130981 ],
						[ 76.2708360571, 9.9907262577 ],
						[ 76.2708360568, 9.9907262587 ],
						[ 76.2702691545, 9.9928090152 ],
						[ 76.2701752067, 9.9931090353 ],
						[ 76.2698577172, 9.9930123197 ],
						[ 76.2698575341, 9.9930122582 ],
						[ 76.2695655646, 9.992913892 ],
						[ 76.2690235511, 9.9927278268 ],
						[ 76.2686160223, 9.9925685457 ],
						[ 76.2685177795, 9.9925340448 ],
						[ 76.2685189238, 9.9925311918 ],
						[ 76.2682980874, 9.9924568931 ],
						[ 76.2681050082, 9.9923820922 ],
						[ 76.2681049867, 9.9923820837 ],
						[ 76.2680146303, 9.9923461003 ],
						[ 76.2679037005, 9.9923021554 ],
						[ 76.2679036624, 9.9923021403 ],
						[ 76.2677281087, 9.9922325945 ],
						[ 76.2677159001, 9.9922271056 ],
						[ 76.267724409, 9.9921951961 ],
						[ 76.2677334256, 9.9921638194 ],
						[ 76.2680721277, 9.9909629622 ],
						[ 76.2683020226, 9.9901044694 ],
						[ 76.2695358531, 9.9856301513 ],
						[ 76.2698052409, 9.9844436491 ],
						[ 76.2695840109, 9.9839355154 ],
						[ 76.2695838602, 9.9839358471 ],
						[ 76.2695810432, 9.9839308667 ],
						[ 76.2694705913, 9.9836618769 ],
						[ 76.2693525151, 9.983559999 ],
						[ 76.2691326557, 9.983254302 ],
						[ 76.2689245695, 9.9831129804 ]
					]
				]
			},
			"properties" : {
				"gml_id" : "Ernakulam_editor.fid-f0aec0d_192a2341ec3_2ddc",
				"geom" : null,
				"District" : "Ernakulam",
				"LSGD" : "Cochin",
				"Ward_Name" : "ERNAKULAM NORTH",
				"Ward_No" : 15,
				"Lsgd_Type" : "Corporation",
				"Created_Da" : "2024-10-21T10:39:53.918Z",
				"Surveyor" : "Vipin K C",
				"Mob_No" : "9946674644",
				"Remarks" : null,
				"Q__result" : "ErnakulamLocked.Cochin15",
				"Q__timesta" : "20250528",
				"_result" : "Ernakulam_Cochin",
				"OBJECTID" : 1131,
				"gml_parent_id" : null,
				"gml_parent_property" : "featureMembers",
				"Created_Date" : "2024-10-22T08:33:36.003Z",
				"_ulid" : "01JBBD7151DY27T8X2GJ2ZD40P"
			}
		},
		{
			"type" : "Feature",
			"geometry" : {
				"type" : "Polygon",
				"coordinates" : [
					[
						[ 76.3129863224, 10.0050184948 ],
						[ 76.3129858434, 10.0050204701 ],
						[ 76.3129747099, 10.0050184031 ],
						[ 76.3129750322, 10.0050166413 ],
						[ 76.312975053, 10.0050165274 ],
						[ 76.3127730431, 10.0049788928 ],
						[ 76.312668739, 10.0049594609 ],
						[ 76.3126538409, 10.0049571088 ],
						[ 76.3125918434, 10.0049473204 ],
						[ 76.3125918433, 10.0049473204 ],
						[ 76.3125918428, 10.0049473203 ],
						[ 76.3125459949, 10.0049400818 ],
						[ 76.3125290395, 10.0049374048 ],
						[ 76.3124292099, 10.0049216435 ],
						[ 76.3123780282, 10.0049135628 ],
						[ 76.3123205222, 10.0049044836 ],
						[ 76.312250086, 10.0048933629 ],
						[ 76.3122406256, 10.004892078 ],
						[ 76.3122159045, 10.0048887201 ],
						[ 76.3120195095, 10.0048620441 ],
						[ 76.3119985158, 10.0048591926 ],
						[ 76.3117355743, 10.0048201371 ],
						[ 76.3117329537, 10.004819583 ],
						[ 76.3117329404, 10.0048195802 ],
						[ 76.3117120477, 10.0048151621 ],
						[ 76.3116557091, 10.0048032486 ],
						[ 76.3116546402, 10.0048030226 ],
						[ 76.3116535905, 10.0048028006 ],
						[ 76.311541384, 10.0047786683 ],
						[ 76.311541384, 10.0047786683 ],
						[ 76.311421506, 10.0047416098 ],
						[ 76.311279493, 10.0046977085 ],
						[ 76.3112640298, 10.0046929283 ],
						[ 76.3111907672, 10.0046732955 ],
						[ 76.3111907669, 10.0046732954 ],
						[ 76.3111907665, 10.0046732953 ],
						[ 76.3111294804, 10.004656872 ],
						[ 76.3110451145, 10.0046342638 ],
						[ 76.3109651347, 10.0046152847 ],
						[ 76.3108609918, 10.0045905717 ],
						[ 76.3108609917, 10.0045905716 ],
						[ 76.3108609914, 10.0045905716 ],
						[ 76.3108475135, 10.0045873733 ],
						[ 76.3108461657, 10.0045870534 ],
						[ 76.3108316582, 10.0045836108 ],
						[ 76.3107643015, 10.0045684732 ],
						[ 76.3105997438, 10.0045308636 ],
						[ 76.3104055787, 10.0044675997 ],
						[ 76.3104055787, 10.0044675997 ],
						[ 76.3103194741, 10.0044320785 ],
						[ 76.3102509825, 10.0044038233 ],
						[ 76.3101927454, 10.0043820668 ],
						[ 76.3099772476, 10.00430156 ],
						[ 76.3099537427, 10.0042924484 ],
						[ 76.3099537423, 10.0042924483 ],
						[ 76.3099145845, 10.0042759897 ],
						[ 76.3096742321, 10.0041749659 ],
						[ 76.3096359452, 10.0041590011 ],
						[ 76.3095758943, 10.0041339611 ],
						[ 76.3095260676, 10.0041131844 ],
						[ 76.3094932366, 10.0040994945 ],
						[ 76.3093727113, 10.0040489938 ],
						[ 76.309271597, 10.0040052736 ],
						[ 76.3090507941, 10.003909802 ],
						[ 76.3090484575, 10.0039087917 ],
						[ 76.3089833827, 10.003885565 ],
						[ 76.3089785905, 10.0038838546 ],
						[ 76.3089785905, 10.0038838546 ],
						[ 76.3089768417, 10.0038832304 ],
						[ 76.3088810915, 10.003849055 ],
						[ 76.3087133959, 10.0037892007 ],
						[ 76.308713381, 10.0037891954 ],
						[ 76.3086196856, 10.0037557534 ],
						[ 76.3081718515, 10.0035843277 ],
						[ 76.3077407351, 10.0033900583 ],
						[ 76.3076667846, 10.00335218 ],
						[ 76.3075921292, 10.0033139407 ],
						[ 76.307502383, 10.0032679717 ],
						[ 76.307499402, 10.0032663394 ],
						[ 76.3074982926, 10.0032655551 ],
						[ 76.307488683, 10.0032587612 ],
						[ 76.3074735457, 10.0032480593 ],
						[ 76.307223903, 10.003071565 ],
						[ 76.3072164621, 10.0030663044 ],
						[ 76.3072153775, 10.0030655376 ],
						[ 76.3071688186, 10.0030364962 ],
						[ 76.3070901651, 10.0029874357 ],
						[ 76.3070901648, 10.0029874355 ],
						[ 76.3070901483, 10.0029874252 ],
						[ 76.3069862407, 10.0029226122 ],
						[ 76.306946657, 10.0028961437 ],
						[ 76.306866272, 10.0028423923 ],
						[ 76.3068306677, 10.0028185846 ],
						[ 76.3068056287, 10.0028018417 ],
						[ 76.3067881043, 10.0027925147 ],
						[ 76.3067123562, 10.0027521992 ],
						[ 76.3067123559, 10.0027521991 ],
						[ 76.3066816878, 10.0027358766 ],
						[ 76.3066816844, 10.0027358747 ],
						[ 76.3065483755, 10.0026649236 ],
						[ 76.3064959124, 10.0026370011 ],
						[ 76.3062594281, 10.0025111367 ],
						[ 76.3062506524, 10.002506466 ],
						[ 76.3062256542, 10.0024931612 ],
						[ 76.3062192845, 10.002489771 ],
						[ 76.306219284, 10.0024897708 ],
						[ 76.3061016738, 10.0024271749 ],
						[ 76.3059800896, 10.002362464 ],
						[ 76.3059590519, 10.0023512671 ],
						[ 76.3057504541, 10.0022402446 ],
						[ 76.3057480084, 10.0022395181 ],
						[ 76.305713083, 10.0022291436 ],
						[ 76.305713083, 10.0022291436 ],
						[ 76.3057130827, 10.0022291435 ],
						[ 76.3055498105, 10.0021806435 ],
						[ 76.3055482906, 10.002180192 ],
						[ 76.305494747, 10.0021676469 ],
						[ 76.3053798068, 10.0021407167 ],
						[ 76.3053636732, 10.0021369366 ],
						[ 76.3053636731, 10.0021369366 ],
						[ 76.3053636731, 10.0021369366 ],
						[ 76.3053189745, 10.0021264639 ],
						[ 76.3053168204, 10.0021261421 ],
						[ 76.3051738101, 10.0021047784 ],
						[ 76.3050584558, 10.0020875461 ],
						[ 76.3050248587, 10.0020836907 ],
						[ 76.304962529, 10.0020765381 ],
						[ 76.3048686873, 10.0020657693 ],
						[ 76.3047121876, 10.0020432682 ],
						[ 76.3040707362, 10.001938936 ],
						[ 76.303969062, 10.0019127386 ],
						[ 76.303899926, 10.0018902065 ],
						[ 76.3038907595, 10.001887219 ],
						[ 76.3038906075, 10.0018871927 ],
						[ 76.3038714366, 10.0018838658 ],
						[ 76.303827232, 10.0018761945 ],
						[ 76.303827232, 10.0018761945 ],
						[ 76.3034057862, 10.0017923309 ],
						[ 76.3034057851, 10.0017923307 ],
						[ 76.3033694999, 10.0017839407 ],
						[ 76.3033654596, 10.0017830064 ],
						[ 76.3033156308, 10.0017714847 ],
						[ 76.3032314416, 10.001752018 ],
						[ 76.3032261592, 10.0017507966 ],
						[ 76.3031742788, 10.0016875543 ],
						[ 76.3031732695, 10.0016873034 ],
						[ 76.3031730034, 10.0016872373 ],
						[ 76.3031699668, 10.0016864823 ],
						[ 76.3029921607, 10.0016422769 ],
						[ 76.3029921577, 10.0016422762 ],
						[ 76.3029218355, 10.001624793 ],
						[ 76.3028750009, 10.0016131491 ],
						[ 76.3028419908, 10.0016060123 ],
						[ 76.3028419905, 10.0016060122 ],
						[ 76.3027380599, 10.0015835421 ],
						[ 76.3027380595, 10.001583542 ],
						[ 76.3027191033, 10.0015794436 ],
						[ 76.3026769572, 10.0015703315 ],
						[ 76.3026674496, 10.0015682759 ],
						[ 76.3026536164, 10.0015661025 ],
						[ 76.302652489, 10.0015659254 ],
						[ 76.3026416322, 10.0015642196 ],
						[ 76.3026251725, 10.0015616335 ],
						[ 76.3026251706, 10.0015616332 ],
						[ 76.3025079617, 10.0015432179 ],
						[ 76.3024225933, 10.0015298052 ],
						[ 76.3024221351, 10.0015297332 ],
						[ 76.3024215072, 10.0015296345 ],
						[ 76.302420992, 10.0015295536 ],
						[ 76.3024209566, 10.001529548 ],
						[ 76.3024208093, 10.0015295249 ],
						[ 76.3023957063, 10.0016088106 ],
						[ 76.3023671808, 10.0016989059 ],
						[ 76.3023634087, 10.0017108197 ],
						[ 76.3023634086, 10.0017108202 ],
						[ 76.3023634086, 10.0017108203 ],
						[ 76.3023294775, 10.0018179885 ],
						[ 76.3023076005, 10.0018870851 ],
						[ 76.302306758, 10.0018897461 ],
						[ 76.3023036844, 10.0019030633 ],
						[ 76.3023034486, 10.0019040853 ],
						[ 76.3022997189, 10.0019202453 ],
						[ 76.3022739663, 10.0020318257 ],
						[ 76.3022680454, 10.00205748 ],
						[ 76.30226539, 10.0020689854 ],
						[ 76.3022463994, 10.0021490104 ],
						[ 76.30224538, 10.0021524288 ],
						[ 76.3022453566, 10.0021525073 ],
						[ 76.3022209861, 10.0022342311 ],
						[ 76.3021837352, 10.0023591473 ],
						[ 76.3021741723, 10.0023912153 ],
						[ 76.3021674007, 10.0024139231 ],
						[ 76.3021657716, 10.002419386 ],
						[ 76.3021262616, 10.0025442897 ],
						[ 76.3020943585, 10.0026198586 ],
						[ 76.3020737018, 10.0026591376 ],
						[ 76.3020615804, 10.0026821868 ],
						[ 76.3020118556, 10.0027407233 ],
						[ 76.3020118555, 10.0027407233 ],
						[ 76.3020095251, 10.0027434026 ],
						[ 76.3020055604, 10.0027479608 ],
						[ 76.302005367, 10.0027483698 ],
						[ 76.3019728524, 10.0028171328 ],
						[ 76.3019646923, 10.0028343899 ],
						[ 76.3019644967, 10.0028348035 ],
						[ 76.3019631059, 10.0028377447 ],
						[ 76.3019583501, 10.0028478025 ],
						[ 76.3019582671, 10.002847978 ],
						[ 76.3019570636, 10.0028505232 ],
						[ 76.3019541833, 10.002856304 ],
						[ 76.301935752, 10.0028877136 ],
						[ 76.3019231945, 10.0029091134 ],
						[ 76.301907908, 10.0029351637 ],
						[ 76.3018860723, 10.0029982896 ],
						[ 76.3018810649, 10.0030127659 ],
						[ 76.3018794468, 10.0030177239 ],
						[ 76.301864594, 10.003063236 ],
						[ 76.301864594, 10.0030632361 ],
						[ 76.3018610568, 10.0030740748 ],
						[ 76.3018604826, 10.003077428 ],
						[ 76.3018600427, 10.0030799973 ],
						[ 76.3018597827, 10.0030815155 ],
						[ 76.3018597602, 10.0030816468 ],
						[ 76.3018595362, 10.0030829549 ],
						[ 76.3018495291, 10.0031413958 ],
						[ 76.3018470671, 10.0031557742 ],
						[ 76.3018432452, 10.0031780935 ],
						[ 76.3018388351, 10.0032046084 ],
						[ 76.3018351414, 10.0032268154 ],
						[ 76.3018351414, 10.0032268154 ],
						[ 76.301833532, 10.0032364917 ],
						[ 76.3018328577, 10.003240546 ],
						[ 76.301831463, 10.0032489313 ],
						[ 76.301826514, 10.0032786855 ],
						[ 76.3018261196, 10.0032810569 ],
						[ 76.3018232871, 10.0032980866 ],
						[ 76.3018091318, 10.0033707569 ],
						[ 76.3017981071, 10.0034267295 ],
						[ 76.3017971836, 10.0034300532 ],
						[ 76.3017863834, 10.0034689227 ],
						[ 76.3017826282, 10.0034824376 ],
						[ 76.3017813163, 10.0034871593 ],
						[ 76.3017606646, 10.0035575563 ],
						[ 76.301745184, 10.0036052623 ],
						[ 76.3017110765, 10.0036826347 ],
						[ 76.3016959565, 10.0037168072 ],
						[ 76.3016797887, 10.0037533482 ],
						[ 76.301677027, 10.0037595899 ],
						[ 76.3016700883, 10.0037790374 ],
						[ 76.3016649703, 10.0037933819 ],
						[ 76.3016626906, 10.0037997714 ],
						[ 76.3016591609, 10.0038096644 ],
						[ 76.3016518942, 10.0038300314 ],
						[ 76.301646424, 10.003845363 ],
						[ 76.3016462882, 10.0038457436 ],
						[ 76.3016462844, 10.0038457544 ],
						[ 76.3016412333, 10.0038962007 ],
						[ 76.3016412333, 10.0038962007 ],
						[ 76.3016340701, 10.0039640097 ],
						[ 76.3016260178, 10.0040359194 ],
						[ 76.3016238285, 10.0040554705 ],
						[ 76.3016174479, 10.0041151675 ],
						[ 76.3016135235, 10.0041432103 ],
						[ 76.3015946166, 10.0042134046 ],
						[ 76.3015599353, 10.0042846665 ],
						[ 76.3015591914, 10.0042861952 ],
						[ 76.3015591914, 10.0042861952 ],
						[ 76.3015383063, 10.0043291091 ],
						[ 76.3015374319, 10.0043313692 ],
						[ 76.3015367102, 10.0043332349 ],
						[ 76.3015365373, 10.0043336817 ],
						[ 76.3015204915, 10.0043751589 ],
						[ 76.3015075751, 10.0044085468 ],
						[ 76.3015039204, 10.0044179939 ],
						[ 76.3015037088, 10.004418541 ],
						[ 76.301469454, 10.0045033535 ],
						[ 76.3014665567, 10.0045105261 ],
						[ 76.3014657435, 10.0045125394 ],
						[ 76.3014354057, 10.0045876453 ],
						[ 76.3014354057, 10.0045876453 ],
						[ 76.3014261338, 10.0046105994 ],
						[ 76.3014188218, 10.0046313537 ],
						[ 76.3014129695, 10.0046479648 ],
						[ 76.3014025949, 10.0046774123 ],
						[ 76.301391407, 10.0047000391 ],
						[ 76.3013850574, 10.0047101338 ],
						[ 76.3013821683, 10.0047099791 ],
						[ 76.3013396896, 10.0047077056 ],
						[ 76.3013001964, 10.0047055918 ],
						[ 76.3012971067, 10.0047054265 ],
						[ 76.3012948529, 10.0047053059 ],
						[ 76.3012940867, 10.0047052648 ],
						[ 76.3012811536, 10.0047045726 ],
						[ 76.3012712722, 10.0047026874 ],
						[ 76.3012487301, 10.0046971528 ],
						[ 76.3012394315, 10.0046948698 ],
						[ 76.3012393178, 10.0046948419 ],
						[ 76.301239025, 10.004695493 ],
						[ 76.3012231695, 10.0047307552 ],
						[ 76.3012231694, 10.0047307556 ],
						[ 76.3012056747, 10.0047696633 ],
						[ 76.3011995442, 10.0047832975 ],
						[ 76.3011948631, 10.0047937082 ],
						[ 76.3011890912, 10.0048065448 ],
						[ 76.3011869551, 10.0048112955 ],
						[ 76.3011745928, 10.0048387888 ],
						[ 76.3011661461, 10.0048575742 ],
						[ 76.3011648342, 10.0048604918 ],
						[ 76.3011615601, 10.0048677733 ],
						[ 76.3011460713, 10.0049038616 ],
						[ 76.3011460713, 10.0049038618 ],
						[ 76.3011375857, 10.004923633 ],
						[ 76.3011375563, 10.0049237014 ],
						[ 76.3011316623, 10.0049374341 ],
						[ 76.3011287438, 10.0049442342 ],
						[ 76.3011278582, 10.0049462975 ],
						[ 76.3011252824, 10.0049522992 ],
						[ 76.3011252365, 10.004952406 ],
						[ 76.3011152487, 10.0049756773 ],
						[ 76.3011050976, 10.0049993291 ],
						[ 76.3010968352, 10.0050185801 ],
						[ 76.3010944899, 10.0050240448 ],
						[ 76.3010944898, 10.005024045 ],
						[ 76.3010774183, 10.0050638209 ],
						[ 76.3010773771, 10.0050639661 ],
						[ 76.3010722617, 10.0050819672 ],
						[ 76.3010670418, 10.0051003364 ],
						[ 76.3010657252, 10.0051049696 ],
						[ 76.3010657191, 10.0051049912 ],
						[ 76.3010654787, 10.005105837 ],
						[ 76.301039327, 10.0051576089 ],
						[ 76.3010388443, 10.0051585455 ],
						[ 76.3010388095, 10.005158613 ],
						[ 76.301037364, 10.0051614179 ],
						[ 76.3010344922, 10.0051669904 ],
						[ 76.3010335066, 10.0051689027 ],
						[ 76.3009769829, 10.005215624 ],
						[ 76.3009642366, 10.0052250169 ],
						[ 76.3009640218, 10.0052251215 ],
						[ 76.3009621172, 10.0052260495 ],
						[ 76.3009535408, 10.0052302281 ],
						[ 76.3009219163, 10.0052456362 ],
						[ 76.3009216745, 10.005245754 ],
						[ 76.3009215775, 10.0052458013 ],
						[ 76.300921567, 10.0052458064 ],
						[ 76.3009096589, 10.0053119911 ],
						[ 76.3009096589, 10.0053119911 ],
						[ 76.3009096588, 10.0053119912 ],
						[ 76.3008973676, 10.0053798514 ],
						[ 76.3008894667, 10.0054041301 ],
						[ 76.3008860816, 10.0054145323 ],
						[ 76.3008781595, 10.0054388762 ],
						[ 76.3008781595, 10.0054388762 ],
						[ 76.3008629815, 10.0054855166 ],
						[ 76.3008571179, 10.0055077475 ],
						[ 76.3008552403, 10.005514866 ],
						[ 76.3008539166, 10.0055198844 ],
						[ 76.3008378841, 10.0055806688 ],
						[ 76.3008321403, 10.0056024452 ],
						[ 76.3008296615, 10.0056174628 ],
						[ 76.3008273069, 10.0056317277 ],
						[ 76.3008256328, 10.00564187 ],
						[ 76.300815703, 10.0057020279 ],
						[ 76.3008119398, 10.0057248264 ],
						[ 76.3008115676, 10.0057270813 ],
						[ 76.3008114499, 10.0057277941 ],
						[ 76.3008140554, 10.0057460584 ],
						[ 76.3008156369, 10.0057571449 ],
						[ 76.3008409648, 10.0057631937 ],
						[ 76.300820447, 10.005822156 ],
						[ 76.3008055452, 10.0058649454 ],
						[ 76.3007763022, 10.0059478164 ],
						[ 76.3007763018, 10.0059478176 ],
						[ 76.3007666088, 10.0059752862 ],
						[ 76.3007569721, 10.0060025955 ],
						[ 76.3007558237, 10.0060059747 ],
						[ 76.3007550515, 10.006008247 ],
						[ 76.3007409863, 10.0060496355 ],
						[ 76.3007214824, 10.0061070275 ],
						[ 76.3007212514, 10.0061077073 ],
						[ 76.3007209989, 10.0061084504 ],
						[ 76.3007216299, 10.0061098193 ],
						[ 76.3007282452, 10.0061241705 ],
						[ 76.3007303262, 10.0061286851 ],
						[ 76.3007315246, 10.0061312848 ],
						[ 76.3007319842, 10.0061322819 ],
						[ 76.3007322991, 10.006134021 ],
						[ 76.3007144852, 10.0061774911 ],
						[ 76.3007095613, 10.0061895067 ],
						[ 76.3007094158, 10.0061905737 ],
						[ 76.3007089646, 10.0061938825 ],
						[ 76.3007083009, 10.0061987502 ],
						[ 76.3006975915, 10.0062772954 ],
						[ 76.3006970638, 10.0062811659 ],
						[ 76.3006955797, 10.0062920504 ],
						[ 76.3006955407, 10.0062923368 ],
						[ 76.3006944172, 10.0063092935 ],
						[ 76.3006896958, 10.0063805527 ],
						[ 76.3006880888, 10.006404807 ],
						[ 76.3006878185, 10.0064174886 ],
						[ 76.300683962, 10.0065357037 ],
						[ 76.300658741, 10.0067909262 ],
						[ 76.3006544457, 10.0068171531 ],
						[ 76.3006511912, 10.0068370247 ],
						[ 76.3006474819, 10.0068596733 ],
						[ 76.3006425545, 10.0069052651 ],
						[ 76.3006392014, 10.0069362901 ],
						[ 76.3006381504, 10.0069514928 ],
						[ 76.3006381504, 10.0069514928 ],
						[ 76.3006250487, 10.0071376541 ],
						[ 76.3006250487, 10.0071376541 ],
						[ 76.3006222858, 10.0071746378 ],
						[ 76.3006205772, 10.0071975084 ],
						[ 76.3006205203, 10.0071982703 ],
						[ 76.300617184, 10.0072429294 ],
						[ 76.3006235587, 10.007325789 ],
						[ 76.300625444, 10.0073502943 ],
						[ 76.3006296496, 10.007404958 ],
						[ 76.3006307382, 10.0074191077 ],
						[ 76.3006321778, 10.0074378195 ],
						[ 76.3006322565, 10.0074388431 ],
						[ 76.300635457, 10.0074804427 ],
						[ 76.3006372821, 10.0075041649 ],
						[ 76.3006373087, 10.0075045109 ],
						[ 76.3006376798, 10.0075093349 ],
						[ 76.3006348637, 10.0076246496 ],
						[ 76.3006217578, 10.007739774 ],
						[ 76.3005924229, 10.0078686295 ],
						[ 76.3005886266, 10.0078846796 ],
						[ 76.300588349, 10.0078859422 ],
						[ 76.3005845864, 10.0079030518 ],
						[ 76.3005845864, 10.0079030518 ],
						[ 76.3005828832, 10.0079107967 ],
						[ 76.3005828757, 10.0079108307 ],
						[ 76.3005730521, 10.0079555013 ],
						[ 76.3005653102, 10.0079907057 ],
						[ 76.3005569379, 10.0080287769 ],
						[ 76.3005508878, 10.0080562883 ],
						[ 76.3005488421, 10.0080655909 ],
						[ 76.3005146415, 10.008210234 ],
						[ 76.3005145412, 10.0082106183 ],
						[ 76.3005091554, 10.0082312563 ],
						[ 76.3004893365, 10.0083072002 ],
						[ 76.300477452, 10.0083527405 ],
						[ 76.3004727002, 10.0083749449 ],
						[ 76.3004720351, 10.0083780527 ],
						[ 76.300471788, 10.0083792072 ],
						[ 76.3004599567, 10.0084344927 ],
						[ 76.300455563, 10.0084550238 ],
						[ 76.3004462608, 10.0085081483 ],
						[ 76.3004454623, 10.0085127088 ],
						[ 76.3004432726, 10.0085252137 ],
						[ 76.3004325712, 10.0085734367 ],
						[ 76.3004325259, 10.008573641 ],
						[ 76.300432327, 10.0085738045 ],
						[ 76.3004079409, 10.0085938436 ],
						[ 76.3003722348, 10.0086231848 ],
						[ 76.3003381879, 10.0086511626 ],
						[ 76.3003367818, 10.008652318 ],
						[ 76.3003357347, 10.0086531785 ],
						[ 76.3003356961, 10.0086532102 ],
						[ 76.3003342391, 10.0086544075 ],
						[ 76.3003015926, 10.0086812345 ],
						[ 76.3002900464, 10.0086907225 ],
						[ 76.3002900235, 10.0086907413 ],
						[ 76.3002888848, 10.008691677 ],
						[ 76.3002856593, 10.0086943276 ],
						[ 76.3002446984, 10.0086851583 ],
						[ 76.3002148188, 10.0086784696 ],
						[ 76.3002148186, 10.0086784695 ],
						[ 76.3002148186, 10.0086784695 ],
						[ 76.300209467, 10.0086772715 ],
						[ 76.3002077878, 10.0086768956 ],
						[ 76.3001959252, 10.0086742401 ],
						[ 76.3001786583, 10.00867123 ],
						[ 76.3001577289, 10.0086675815 ],
						[ 76.3001537276, 10.008666884 ],
						[ 76.3001420055, 10.0086648405 ],
						[ 76.3001402207, 10.0086645294 ],
						[ 76.3001213927, 10.0086612472 ],
						[ 76.3001196858, 10.0086611375 ],
						[ 76.3001193609, 10.0086611166 ],
						[ 76.3001193044, 10.008661113 ],
						[ 76.3001177994, 10.0086610163 ],
						[ 76.3001150494, 10.0086608396 ],
						[ 76.3001137158, 10.0086607539 ],
						[ 76.3001136914, 10.0086607523 ],
						[ 76.3001008283, 10.0086599257 ],
						[ 76.3000529703, 10.0086568502 ],
						[ 76.3000457565, 10.0086563866 ],
						[ 76.300043921, 10.0086565034 ],
						[ 76.3000060479, 10.0086589139 ],
						[ 76.3000060478, 10.0086589139 ],
						[ 76.3000060477, 10.0086589139 ],
						[ 76.299979682, 10.0086605919 ],
						[ 76.2999740136, 10.0086609527 ],
						[ 76.2999715143, 10.0086615213 ],
						[ 76.299969464, 10.0086619869 ],
						[ 76.2998753223, 10.0086833658 ],
						[ 76.2998729229, 10.0086835845 ],
						[ 76.2998697531, 10.0086838734 ],
						[ 76.299869723, 10.0086838761 ],
						[ 76.2998508673, 10.0086855947 ],
						[ 76.2998383267, 10.0086867377 ],
						[ 76.2998114925, 10.0086845033 ],
						[ 76.2997811885, 10.00868198 ],
						[ 76.2997760562, 10.0086815527 ],
						[ 76.2997760558, 10.0086815527 ],
						[ 76.2997548953, 10.0086778582 ],
						[ 76.299734132, 10.0086735511 ],
						[ 76.2997214269, 10.0086709157 ],
						[ 76.2996968979, 10.0086658274 ],
						[ 76.2996654875, 10.0086613605 ],
						[ 76.2996508662, 10.0086592811 ],
						[ 76.2996380667, 10.0086574608 ],
						[ 76.299521876, 10.0086371748 ],
						[ 76.2995038855, 10.0086340338 ],
						[ 76.2995038855, 10.0086340338 ],
						[ 76.2995007187, 10.0086334461 ],
						[ 76.2994969093, 10.0086328137 ],
						[ 76.2994881475, 10.0086313592 ],
						[ 76.2993448417, 10.0086070046 ],
						[ 76.2993448209, 10.0086070011 ],
						[ 76.2993015138, 10.0085996411 ],
						[ 76.2992908247, 10.0085977833 ],
						[ 76.299274231, 10.0085950044 ],
						[ 76.2992742309, 10.0085950044 ],
						[ 76.2992687716, 10.0085940902 ],
						[ 76.2992628605, 10.0085931003 ],
						[ 76.2992507026, 10.0085910643 ],
						[ 76.2992506505, 10.0085910555 ],
						[ 76.299245474, 10.0085901887 ],
						[ 76.2992404924, 10.0085893544 ],
						[ 76.2992386339, 10.0085893974 ],
						[ 76.2992328219, 10.0085895317 ],
						[ 76.2991995189, 10.0085903015 ],
						[ 76.2991910714, 10.0085904967 ],
						[ 76.2991910158, 10.008590498 ],
						[ 76.2991889897, 10.0085905448 ],
						[ 76.2991789946, 10.0085907758 ],
						[ 76.299147605, 10.008591869 ],
						[ 76.2991476049, 10.008591869 ],
						[ 76.2991339467, 10.0085923447 ],
						[ 76.2991325147, 10.0085923946 ],
						[ 76.2991320518, 10.0085924107 ],
						[ 76.2991135903, 10.0085930537 ],
						[ 76.2990848499, 10.0085940546 ],
						[ 76.2990810613, 10.0085941865 ],
						[ 76.2990764183, 10.0085943482 ],
						[ 76.2990672332, 10.0085946681 ],
						[ 76.2990667837, 10.0085946838 ],
						[ 76.2990354203, 10.0085950828 ],
						[ 76.2990176892, 10.0085953083 ],
						[ 76.299017689, 10.0085953083 ],
						[ 76.2989906304, 10.0085956121 ],
						[ 76.2989872865, 10.0085956496 ],
						[ 76.2989844188, 10.0085956818 ],
						[ 76.2989833892, 10.0085957874 ],
						[ 76.2989829124, 10.0085958363 ],
						[ 76.2989806004, 10.0085960734 ],
						[ 76.298980378, 10.0085961358 ],
						[ 76.2989784837, 10.0085960253 ],
						[ 76.2989508162, 10.0085944116 ],
						[ 76.2988982392, 10.0085913451 ],
						[ 76.2988535768, 10.0085887402 ],
						[ 76.2987923312, 10.008559777 ],
						[ 76.2987921147, 10.008559584 ],
						[ 76.2987640227, 10.0085345496 ],
						[ 76.2987458927, 10.0085183929 ],
						[ 76.2987457024, 10.0085178326 ],
						[ 76.2987269545, 10.008462627 ],
						[ 76.2986953136, 10.0083694558 ],
						[ 76.29866996, 10.0082496822 ],
						[ 76.2986687939, 10.0082487609 ],
						[ 76.2985637204, 10.0081657464 ],
						[ 76.2985614043, 10.0081639166 ],
						[ 76.2984066995, 10.0081041179 ],
						[ 76.2983981637, 10.0081008185 ],
						[ 76.2983925787, 10.0080994311 ],
						[ 76.2982797513, 10.008071402 ],
						[ 76.2982781205, 10.0080713819 ],
						[ 76.2982537433, 10.008071081 ],
						[ 76.2980859274, 10.0080690098 ],
						[ 76.2978160712, 10.0080638437 ],
						[ 76.2978033319, 10.0080635998 ],
						[ 76.2972642131, 10.0079857623 ],
						[ 76.2972620511, 10.0079854501 ],
						[ 76.2972556144, 10.0079828214 ],
						[ 76.2972178179, 10.0079673853 ],
						[ 76.2971830437, 10.0079531835 ],
						[ 76.2968866353, 10.0077638397 ],
						[ 76.2968818307, 10.0077607706 ],
						[ 76.2968006239, 10.0077250132 ],
						[ 76.2967815354, 10.007716608 ],
						[ 76.2967171122, 10.0077077844 ],
						[ 76.2966984607, 10.0077052298 ],
						[ 76.2966984203, 10.0077052243 ],
						[ 76.2966984266, 10.0077052032 ],
						[ 76.2966984251, 10.0077051843 ],
						[ 76.2967028073, 10.0076783557 ],
						[ 76.2967199212, 10.0076348036 ],
						[ 76.2967212439, 10.0076314538 ],
						[ 76.2967212846, 10.0076313341 ],
						[ 76.2967338494, 10.0075943787 ],
						[ 76.2967339537, 10.0075940719 ],
						[ 76.2967350081, 10.0075909706 ],
						[ 76.2967482352, 10.0075444898 ],
						[ 76.2967566894, 10.0075118198 ],
						[ 76.2967628942, 10.0074878421 ],
						[ 76.2967684494, 10.007466375 ],
						[ 76.2967702997, 10.0074587231 ],
						[ 76.2967702997, 10.007458723 ],
						[ 76.2967702997, 10.007458723 ],
						[ 76.2967827923, 10.0074072508 ],
						[ 76.2967991869, 10.0073445773 ],
						[ 76.2967997112, 10.007342573 ],
						[ 76.2968107219, 10.0073019434 ],
						[ 76.2968113549, 10.0072996075 ],
						[ 76.2968120128, 10.00729718 ],
						[ 76.2968199502, 10.0072643556 ],
						[ 76.2968250013, 10.0072434668 ],
						[ 76.2968251636, 10.0072427603 ],
						[ 76.2968375122, 10.0071889891 ],
						[ 76.2968385533, 10.0071843591 ],
						[ 76.2968406991, 10.0071748156 ],
						[ 76.2968463282, 10.0071497798 ],
						[ 76.296848551, 10.0071398938 ],
						[ 76.2968485901, 10.0071397201 ],
						[ 76.2968492133, 10.0071369485 ],
						[ 76.2968608627, 10.0070861741 ],
						[ 76.2968608627, 10.0070861741 ],
						[ 76.2968666852, 10.0070613202 ],
						[ 76.2968669577, 10.007060157 ],
						[ 76.2968756421, 10.0070230866 ],
						[ 76.2968771811, 10.0070161549 ],
						[ 76.2968771811, 10.0070161548 ],
						[ 76.2968878515, 10.0069686005 ],
						[ 76.2968878515, 10.0069686004 ],
						[ 76.2968934978, 10.0069437661 ],
						[ 76.2968938985, 10.0069417717 ],
						[ 76.296900718, 10.0069085119 ],
						[ 76.296900718, 10.0069085119 ],
						[ 76.2969235205, 10.0068173985 ],
						[ 76.296966936, 10.0067087239 ],
						[ 76.2969759102, 10.0066868025 ],
						[ 76.2969765067, 10.0066847673 ],
						[ 76.2969783216, 10.0066785746 ],
						[ 76.2969836043, 10.0066605499 ],
						[ 76.2969847599, 10.0066566067 ],
						[ 76.2969860104, 10.0066001687 ],
						[ 76.2969863408, 10.0065582806 ],
						[ 76.296986353, 10.0065567337 ],
						[ 76.2969865311, 10.0065341469 ],
						[ 76.2969867955, 10.0065208845 ],
						[ 76.2969868045, 10.0065206542 ],
						[ 76.2969884244, 10.0064794471 ],
						[ 76.2969883208, 10.006445824 ],
						[ 76.2969882645, 10.0064137966 ],
						[ 76.2969883193, 10.0063957871 ],
						[ 76.2969883202, 10.0063954893 ],
						[ 76.2969884203, 10.0063625592 ],
						[ 76.2969888727, 10.006313849 ],
						[ 76.2969889551, 10.0063049749 ],
						[ 76.2969881367, 10.0062602351 ],
						[ 76.2969879793, 10.0062516286 ],
						[ 76.2969877692, 10.0062401396 ],
						[ 76.29698582, 10.0061919857 ],
						[ 76.2969853508, 10.0061803946 ],
						[ 76.2969831573, 10.0061465815 ],
						[ 76.2969824688, 10.0061359685 ],
						[ 76.2969816773, 10.0060927746 ],
						[ 76.2969833978, 10.0060529684 ],
						[ 76.2969939591, 10.006008866 ],
						[ 76.2970069035, 10.0059683966 ],
						[ 76.2970074848, 10.0059669818 ],
						[ 76.2970138783, 10.0059514197 ],
						[ 76.2970237948, 10.0059272824 ],
						[ 76.2970271088, 10.0059188968 ],
						[ 76.2970391821, 10.0058883469 ],
						[ 76.2970544495, 10.0058479039 ],
						[ 76.2970551941, 10.0058459316 ],
						[ 76.297055802, 10.0058443212 ],
						[ 76.2970638148, 10.0058200815 ],
						[ 76.2970712755, 10.0057977099 ],
						[ 76.2970758676, 10.0057852812 ],
						[ 76.2970836234, 10.0057642895 ],
						[ 76.2970848577, 10.0057597212 ],
						[ 76.2970855851, 10.0057570291 ],
						[ 76.2970913169, 10.0057358152 ],
						[ 76.2970925285, 10.0057313307 ],
						[ 76.2970931912, 10.0057288781 ],
						[ 76.2970934, 10.0057270674 ],
						[ 76.2970972539, 10.0056936412 ],
						[ 76.2970973461, 10.0056923447 ],
						[ 76.2970982873, 10.0056791195 ],
						[ 76.2971026285, 10.0056181197 ],
						[ 76.2971031164, 10.0056050309 ],
						[ 76.2971041646, 10.0055769096 ],
						[ 76.2971040535, 10.0055732492 ],
						[ 76.2971030583, 10.0055404588 ],
						[ 76.2971015436, 10.0055155366 ],
						[ 76.2971010384, 10.0055072249 ],
						[ 76.2971007665, 10.0055027514 ],
						[ 76.2970994846, 10.0054860882 ],
						[ 76.2970978927, 10.0054653965 ],
						[ 76.2970963257, 10.0054561684 ],
						[ 76.2970917513, 10.0054292305 ],
						[ 76.2970881524, 10.0054205133 ],
						[ 76.2970869708, 10.0054176513 ],
						[ 76.2970823604, 10.0054064843 ],
						[ 76.2970724063, 10.0053886328 ],
						[ 76.2970723189, 10.0053884761 ],
						[ 76.297063025, 10.0053819287 ],
						[ 76.297053361, 10.00537382 ],
						[ 76.2970524219, 10.0053729957 ],
						[ 76.2970502154, 10.0053710588 ],
						[ 76.297049908, 10.0053709228 ],
						[ 76.297031376, 10.0053627222 ],
						[ 76.29701982, 10.005357921 ],
						[ 76.2970186122, 10.0053574192 ],
						[ 76.2970167607, 10.0053566499 ],
						[ 76.2970091465, 10.0053534864 ],
						[ 76.2970037446, 10.0053512421 ],
						[ 76.2970037004, 10.0053512237 ],
						[ 76.2970030537, 10.005350955 ],
						[ 76.2969618453, 10.0053290706 ],
						[ 76.2969618453, 10.0053290706 ],
						[ 76.2969516404, 10.0053236078 ],
						[ 76.2969506479, 10.0053230766 ],
						[ 76.2969466879, 10.0053209567 ],
						[ 76.2969436555, 10.0053195757 ],
						[ 76.2969329067, 10.0053146805 ],
						[ 76.2969235163, 10.0053104038 ],
						[ 76.296921395, 10.0053097481 ],
						[ 76.2969091489, 10.0053059627 ],
						[ 76.2969050947, 10.0053047095 ],
						[ 76.2968740129, 10.0052951018 ],
						[ 76.2968685161, 10.0052934026 ],
						[ 76.2968523648, 10.0052891923 ],
						[ 76.2968505876, 10.005288729 ],
						[ 76.2968474145, 10.0052879018 ],
						[ 76.2968009267, 10.0052740862 ],
						[ 76.2967997708, 10.0052737151 ],
						[ 76.2967836324, 10.0052685327 ],
						[ 76.2967698238, 10.0052640985 ],
						[ 76.2967454882, 10.0052576106 ],
						[ 76.2966865156, 10.0052400847 ],
						[ 76.2966724864, 10.0052356231 ],
						[ 76.2966581092, 10.0052316426 ],
						[ 76.2966581092, 10.0052316426 ],
						[ 76.296523985, 10.0051621409 ],
						[ 76.2965190136, 10.0051593016 ],
						[ 76.2965130052, 10.0051558701 ],
						[ 76.2965107055, 10.0051545566 ],
						[ 76.2965038411, 10.0051506362 ],
						[ 76.2965014004, 10.0051492423 ],
						[ 76.2965013373, 10.0051492062 ],
						[ 76.29650133, 10.005149202 ],
						[ 76.296457097, 10.0050948521 ],
						[ 76.2964568137, 10.0050945008 ],
						[ 76.2964627208, 10.005018308 ],
						[ 76.2964769831, 10.0049651357 ],
						[ 76.2964769831, 10.0049651357 ],
						[ 76.2964983127, 10.0048905533 ],
						[ 76.2964997529, 10.0048855171 ],
						[ 76.2965004334, 10.0048831378 ],
						[ 76.2965043244, 10.0048695322 ],
						[ 76.2965145133, 10.0048339048 ],
						[ 76.2965204973, 10.0048129809 ],
						[ 76.296527217, 10.004787343 ],
						[ 76.2965422228, 10.0047300912 ],
						[ 76.2965485353, 10.0047060069 ],
						[ 76.2965589744, 10.0046661782 ],
						[ 76.2965687674, 10.004626866 ],
						[ 76.2965704741, 10.0046200146 ],
						[ 76.2965728752, 10.004610376 ],
						[ 76.2965892542, 10.0045446252 ],
						[ 76.2966014486, 10.0044956729 ],
						[ 76.2966015269, 10.0044953584 ],
						[ 76.296602017, 10.004493391 ],
						[ 76.296602017, 10.0044933909 ],
						[ 76.296602017, 10.0044933909 ],
						[ 76.296602524, 10.0044913556 ],
						[ 76.2966322225, 10.0043727493 ],
						[ 76.296632278, 10.0043725292 ],
						[ 76.2966774292, 10.0041948332 ],
						[ 76.2966774804, 10.0041946351 ],
						[ 76.2966901692, 10.0041454792 ],
						[ 76.296702237, 10.004098729 ],
						[ 76.2967128832, 10.0040551884 ],
						[ 76.2967143297, 10.0040492722 ],
						[ 76.2967185797, 10.0040318908 ],
						[ 76.2967517097, 10.0039322056 ],
						[ 76.296757264, 10.0039167493 ],
						[ 76.2967656788, 10.0038927356 ],
						[ 76.2967783462, 10.0038565858 ],
						[ 76.2967799146, 10.0038520674 ],
						[ 76.2967842912, 10.0038394588 ],
						[ 76.2967979068, 10.0038007005 ],
						[ 76.2967979068, 10.0038007005 ],
						[ 76.2968054663, 10.003779557 ],
						[ 76.296806522, 10.003776646 ],
						[ 76.2968191876, 10.003741722 ],
						[ 76.2968272549, 10.0037137858 ],
						[ 76.2968340465, 10.0036894459 ],
						[ 76.2968365972, 10.0036803048 ],
						[ 76.2968398231, 10.003668744 ],
						[ 76.2968484898, 10.0036376842 ],
						[ 76.296849474, 10.0036341571 ],
						[ 76.2968522943, 10.0036240498 ],
						[ 76.2968522967, 10.0036240411 ],
						[ 76.2968555702, 10.0036123094 ],
						[ 76.2968666525, 10.0035725927 ],
						[ 76.2968847573, 10.0035467466 ],
						[ 76.2968881608, 10.0035423499 ],
						[ 76.2969069469, 10.0035200663 ],
						[ 76.2969086141, 10.0035203832 ],
						[ 76.2969346113, 10.0035253238 ],
						[ 76.2969787589, 10.0035337138 ],
						[ 76.297012417, 10.0035400063 ],
						[ 76.2970124171, 10.0035400063 ],
						[ 76.2970656674, 10.0035506699 ],
						[ 76.2970656674, 10.0035506699 ],
						[ 76.297180035, 10.0035828499 ],
						[ 76.2971800356, 10.0035828501 ],
						[ 76.2971800356, 10.0035828501 ],
						[ 76.2972347853, 10.0035997429 ],
						[ 76.2972407907, 10.0036016498 ],
						[ 76.297260599, 10.0036079396 ],
						[ 76.2972762308, 10.0036125307 ],
						[ 76.2972762311, 10.0036125308 ],
						[ 76.2973625037, 10.003637999 ],
						[ 76.2973625044, 10.0036379992 ],
						[ 76.2973625057, 10.0036379996 ],
						[ 76.2974705124, 10.0036702079 ],
						[ 76.2974709534, 10.0036703405 ],
						[ 76.2975639014, 10.0036982755 ],
						[ 76.297566745, 10.0036991301 ],
						[ 76.2975765624, 10.0037019934 ],
						[ 76.2975765626, 10.0037019934 ],
						[ 76.2976929698, 10.0037363159 ],
						[ 76.2976929701, 10.003736316 ],
						[ 76.2976929703, 10.003736316 ],
						[ 76.2977802208, 10.0037629563 ],
						[ 76.2977802208, 10.0037629563 ],
						[ 76.2977850716, 10.0037645518 ],
						[ 76.2978162615, 10.0037735399 ],
						[ 76.2978333076, 10.0037784522 ],
						[ 76.2978788353, 10.0037910572 ],
						[ 76.2978788353, 10.0037910572 ],
						[ 76.2979588792, 10.0038143487 ],
						[ 76.2979588813, 10.0038143493 ],
						[ 76.2979739083, 10.0038187456 ],
						[ 76.2979937514, 10.0038245509 ],
						[ 76.2980597646, 10.0038438638 ],
						[ 76.2980598407, 10.003843886 ],
						[ 76.29806748, 10.003846121 ],
						[ 76.2981404433, 10.0038763058 ],
						[ 76.2981983121, 10.0038451015 ],
						[ 76.298200706, 10.0038438106 ],
						[ 76.2982010434, 10.0038427247 ],
						[ 76.298220969, 10.0037786005 ],
						[ 76.2982270896, 10.0037589035 ],
						[ 76.2982289006, 10.0037530753 ],
						[ 76.2982322128, 10.003742416 ],
						[ 76.2982387652, 10.0037213291 ],
						[ 76.2982421582, 10.0037104099 ],
						[ 76.2982421582, 10.0037104098 ],
						[ 76.2982540777, 10.0036721788 ],
						[ 76.2982692969, 10.0036275763 ],
						[ 76.298273519, 10.0036152027 ],
						[ 76.2982746061, 10.0036120167 ],
						[ 76.2982939951, 10.0035551942 ],
						[ 76.2982947656, 10.0035525849 ],
						[ 76.298298326, 10.003540529 ],
						[ 76.2983139098, 10.0034877602 ],
						[ 76.2983216328, 10.0034576191 ],
						[ 76.2983329143, 10.0034135902 ],
						[ 76.2983361569, 10.0034009353 ],
						[ 76.2983362152, 10.0034007076 ],
						[ 76.2983372261, 10.0033967623 ],
						[ 76.2983383769, 10.0033922711 ],
						[ 76.2983385375, 10.0033916441 ],
						[ 76.2983417684, 10.0033790351 ],
						[ 76.2983515209, 10.0033409731 ],
						[ 76.2983516025, 10.003340655 ],
						[ 76.2983742637, 10.0033495127 ],
						[ 76.29840715, 10.0033623672 ],
						[ 76.2984095222, 10.0033632945 ],
						[ 76.2984095509, 10.0033633057 ],
						[ 76.2984124106, 10.0033644235 ],
						[ 76.2984510934, 10.0033795437 ],
						[ 76.2984519424, 10.0033798755 ],
						[ 76.2984736218, 10.0033570339 ],
						[ 76.2985005782, 10.0033286324 ],
						[ 76.2985186888, 10.003309551 ],
						[ 76.298518959, 10.0033063661 ],
						[ 76.298521663, 10.0032744932 ],
						[ 76.2985223025, 10.0032669544 ],
						[ 76.2985225528, 10.0032640043 ],
						[ 76.2985261625, 10.0032214557 ],
						[ 76.2985266334, 10.0032185782 ],
						[ 76.2985275573, 10.003217435 ],
						[ 76.2985718983, 10.0031625731 ],
						[ 76.2985886125, 10.003141893 ],
						[ 76.2986031151, 10.0031239493 ],
						[ 76.2986163637, 10.0031075572 ],
						[ 76.2986175445, 10.0031060962 ],
						[ 76.2986201143, 10.0031031309 ],
						[ 76.2986283931, 10.0030996886 ],
						[ 76.2986383525, 10.0030955475 ],
						[ 76.2986929528, 10.0030728445 ],
						[ 76.2987289056, 10.0030578952 ],
						[ 76.2987291049, 10.0030578123 ],
						[ 76.298729955, 10.0030574589 ],
						[ 76.29875249, 10.0030017414 ],
						[ 76.2987786307, 10.0029371088 ],
						[ 76.2988029955, 10.0028768673 ],
						[ 76.2988061884, 10.0028689729 ],
						[ 76.2988062873, 10.0028687284 ],
						[ 76.2988066668, 10.0028677901 ],
						[ 76.2988200326, 10.0027990936 ],
						[ 76.2988370699, 10.0027115266 ],
						[ 76.2988479126, 10.0026557985 ],
						[ 76.2988479126, 10.0026557984 ],
						[ 76.2988614292, 10.0025875694 ],
						[ 76.2988614397, 10.0025875199 ],
						[ 76.2988614951, 10.002587259 ],
						[ 76.2988620445, 10.0025846711 ],
						[ 76.2988766271, 10.0025159778 ],
						[ 76.2988823335, 10.0024890971 ],
						[ 76.2988845199, 10.0024787979 ],
						[ 76.2988860761, 10.0024714673 ],
						[ 76.2988899156, 10.0024533809 ],
						[ 76.2989045925, 10.0023842435 ],
						[ 76.2989102648, 10.0023575232 ],
						[ 76.2989178723, 10.0023144359 ],
						[ 76.2989264789, 10.0022656894 ],
						[ 76.2989269185, 10.0022631995 ],
						[ 76.2989269493, 10.0022630254 ],
						[ 76.2989284295, 10.0022546415 ],
						[ 76.2989293148, 10.0022496274 ],
						[ 76.2989333754, 10.0022056162 ],
						[ 76.2989350177, 10.002187816 ],
						[ 76.2989382176, 10.002155358 ],
						[ 76.2989385996, 10.0021519593 ],
						[ 76.2989387829, 10.0021503287 ],
						[ 76.2989417302, 10.0021241101 ],
						[ 76.2989472506, 10.0020750015 ],
						[ 76.2989472783, 10.0020747549 ],
						[ 76.2989473033, 10.0020745326 ],
						[ 76.2989476743, 10.0020712319 ],
						[ 76.29895122, 10.0020396895 ],
						[ 76.2989515191, 10.002037029 ],
						[ 76.2989534535, 10.0020198207 ],
						[ 76.2989576446, 10.0019709746 ],
						[ 76.2989577185, 10.001970113 ],
						[ 76.2989578544, 10.001968529 ],
						[ 76.2989592847, 10.0019518594 ],
						[ 76.2989643744, 10.0018925405 ],
						[ 76.2989648532, 10.0018869603 ],
						[ 76.2989648592, 10.00188689 ],
						[ 76.2989649148, 10.001886242 ],
						[ 76.298973468, 10.0017939672 ],
						[ 76.2989742832, 10.0017865543 ],
						[ 76.2989770581, 10.0017613205 ],
						[ 76.2989775484, 10.0017568619 ],
						[ 76.2989829383, 10.0017078481 ],
						[ 76.2989843225, 10.0016952616 ],
						[ 76.2989860659, 10.0016794076 ],
						[ 76.298989823, 10.0016452417 ],
						[ 76.298991035, 10.0016342211 ],
						[ 76.2989940051, 10.001603637 ],
						[ 76.2989941211, 10.0016024422 ],
						[ 76.2990002242, 10.0015395962 ],
						[ 76.2990019592, 10.0015217307 ],
						[ 76.2990027736, 10.0015133447 ],
						[ 76.2990028548, 10.0015125089 ],
						[ 76.2990030871, 10.0015101167 ],
						[ 76.299006571, 10.0014742417 ],
						[ 76.2990079534, 10.0014600071 ],
						[ 76.2990110553, 10.0014238463 ],
						[ 76.2990116009, 10.001417486 ],
						[ 76.299013231, 10.0013984836 ],
						[ 76.2990188059, 10.0013334956 ],
						[ 76.2990192769, 10.0013280048 ],
						[ 76.2990193289, 10.001327398 ],
						[ 76.2990193644, 10.0013269845 ],
						[ 76.2990265876, 10.0012544837 ],
						[ 76.2990268201, 10.0012523405 ],
						[ 76.2990279866, 10.0012415925 ],
						[ 76.2990287051, 10.0012349716 ],
						[ 76.299036661, 10.0011616622 ],
						[ 76.2990368304, 10.0011601014 ],
						[ 76.2990373768, 10.0011550665 ],
						[ 76.2990447054, 10.0010701332 ],
						[ 76.2990498482, 10.0010105303 ],
						[ 76.2990507516, 10.0010000607 ],
						[ 76.2990508195, 10.0009992735 ],
						[ 76.2990304854, 10.0009940711 ],
						[ 76.2989938998, 10.0009847108 ],
						[ 76.2989449295, 10.0009721819 ],
						[ 76.2989147377, 10.0009644574 ],
						[ 76.2988793712, 10.0009550973 ],
						[ 76.2988763115, 10.0009542876 ],
						[ 76.2988359078, 10.0009435943 ],
						[ 76.298813686, 10.0009372322 ],
						[ 76.2987561428, 10.0009207575 ],
						[ 76.2987521165, 10.0009193152 ],
						[ 76.2987472818, 10.0009175833 ],
						[ 76.2987451201, 10.000916809 ],
						[ 76.2987142189, 10.000905342 ],
						[ 76.2986814556, 10.000893184 ],
						[ 76.2986744518, 10.0008904223 ],
						[ 76.2986154036, 10.0008671386 ],
						[ 76.2986007987, 10.0008613796 ],
						[ 76.2985906687, 10.0008573852 ],
						[ 76.2985780373, 10.0008515666 ],
						[ 76.298503602, 10.0008172783 ],
						[ 76.2984810447, 10.000764505 ],
						[ 76.2984739292, 10.000739097 ],
						[ 76.2984735011, 10.0007375682 ],
						[ 76.2984761556, 10.0007298322 ],
						[ 76.2984893906, 10.0006912621 ],
						[ 76.2985619834, 10.0005078062 ],
						[ 76.2985790798, 10.0004787537 ],
						[ 76.2985811035, 10.0004733299 ],
						[ 76.2986705612, 10.0002335739 ],
						[ 76.2986706983, 10.0002332065 ],
						[ 76.298670685, 10.0002331957 ],
						[ 76.2986412551, 10.000209566 ],
						[ 76.298596043, 10.0001732643 ],
						[ 76.298552547, 10.0001383406 ],
						[ 76.2985010584, 10.0000969994 ],
						[ 76.298484293, 10.0000835381 ],
						[ 76.2984411418, 10.0000488913 ],
						[ 76.2984332754, 10.0000425752 ],
						[ 76.2984332753, 10.0000425751 ],
						[ 76.2984485647, 9.9999737488 ],
						[ 76.298460303, 9.9999441095 ],
						[ 76.2984647504, 9.9999220822 ],
						[ 76.2984776027, 9.9998584266 ],
						[ 76.2984868374, 9.9998093555 ],
						[ 76.2984947971, 9.9997656309 ],
						[ 76.2985338634, 9.9996765992 ],
						[ 76.2985349146, 9.9996746979 ],
						[ 76.2985381207, 9.9996625759 ],
						[ 76.2985429541, 9.9996329456 ],
						[ 76.2986597401, 9.9990721397 ],
						[ 76.2986597401, 9.9990721397 ],
						[ 76.2986597402, 9.9990721393 ],
						[ 76.2987096625, 9.9988803789 ],
						[ 76.2987096625, 9.9988803788 ],
						[ 76.2987785802, 9.9987102402 ],
						[ 76.2988487659, 9.998566634 ],
						[ 76.2989357159, 9.9984585607 ],
						[ 76.2990026961, 9.9983545125 ],
						[ 76.2990054782, 9.9983501908 ],
						[ 76.2990088511, 9.9983430863 ],
						[ 76.2990692468, 9.9982042644 ],
						[ 76.2991249906, 9.998077749 ],
						[ 76.2991448912, 9.9980325828 ],
						[ 76.2991470254, 9.998027445 ],
						[ 76.2991460787, 9.9980212745 ],
						[ 76.2991463729, 9.9980204866 ],
						[ 76.2991494004, 9.9980217274 ],
						[ 76.2991707642, 9.9979702955 ],
						[ 76.2991927392, 9.9979152176 ],
						[ 76.2992159422, 9.9978530495 ],
						[ 76.2992242595, 9.9978307648 ],
						[ 76.2992300328, 9.9978072428 ],
						[ 76.299236764, 9.9977784161 ],
						[ 76.299239026, 9.997768729 ],
						[ 76.2992428813, 9.9977522186 ],
						[ 76.299256406, 9.997694299 ],
						[ 76.2992565409, 9.9976929709 ],
						[ 76.2992757208, 9.997562691 ],
						[ 76.2992778154, 9.997555346 ],
						[ 76.2992913494, 9.9975078885 ],
						[ 76.2992830284, 9.9974566122 ],
						[ 76.2992821928, 9.9974514632 ],
						[ 76.299288229, 9.9974117198 ],
						[ 76.2992882959, 9.9974115337 ],
						[ 76.2992883045, 9.9974115099 ],
						[ 76.2992897333, 9.9974075356 ],
						[ 76.29929711, 9.9973870174 ],
						[ 76.299305713, 9.9973630883 ],
						[ 76.2993131066, 9.9973425231 ],
						[ 76.2993291992, 9.9972977618 ],
						[ 76.2993386743, 9.997271407 ],
						[ 76.2993433348, 9.9972584439 ],
						[ 76.2993434047, 9.9972582496 ],
						[ 76.2993434866, 9.9972580217 ],
						[ 76.2993446032, 9.9972549159 ],
						[ 76.2993521689, 9.9972338719 ],
						[ 76.2993583381, 9.9972167126 ],
						[ 76.2993684757, 9.997188515 ],
						[ 76.299385928, 9.9971399716 ],
						[ 76.2994015085, 9.9970966346 ],
						[ 76.299411499, 9.9970688462 ],
						[ 76.2994242425, 9.9970334003 ],
						[ 76.2994247065, 9.9970321097 ],
						[ 76.2994618973, 9.9969403286 ],
						[ 76.2994971755, 9.9968875105 ],
						[ 76.2995847882, 9.9968481105 ],
						[ 76.2996206535, 9.9967582051 ],
						[ 76.2996256305, 9.996745729 ],
						[ 76.2996343214, 9.9967248641 ],
						[ 76.2996452353, 9.9967031493 ],
						[ 76.2996552243, 9.9966830092 ],
						[ 76.2996808546, 9.9966313331 ],
						[ 76.2996834315, 9.9966252022 ],
						[ 76.2996834316, 9.9966252021 ],
						[ 76.2996834316, 9.9966252021 ],
						[ 76.2997395277, 9.9964923987 ],
						[ 76.2997395277, 9.9964923987 ],
						[ 76.2997395284, 9.9964923971 ],
						[ 76.2997395284, 9.9964923971 ],
						[ 76.2997827371, 9.9963951724 ],
						[ 76.2997870957, 9.9963853934 ],
						[ 76.2997870958, 9.9963853933 ],
						[ 76.2998000938, 9.9963561176 ],
						[ 76.2998447172, 9.9962556112 ],
						[ 76.2998478227, 9.9962485737 ],
						[ 76.2998482583, 9.9962472444 ],
						[ 76.2998488041, 9.9962455785 ],
						[ 76.2998487018, 9.9962447554 ],
						[ 76.2998469487, 9.9962306624 ],
						[ 76.2998433035, 9.9962013591 ],
						[ 76.2998433035, 9.996201359 ],
						[ 76.2998367289, 9.9961485067 ],
						[ 76.2998326597, 9.9960793395 ],
						[ 76.2998326523, 9.9960792096 ],
						[ 76.2998326415, 9.9960790206 ],
						[ 76.2998324319, 9.9960753495 ],
						[ 76.2998316001, 9.9960607757 ],
						[ 76.2998311839, 9.9960534845 ],
						[ 76.2998332271, 9.9960136593 ],
						[ 76.2998341448, 9.9960021889 ],
						[ 76.2998476729, 9.9959530413 ],
						[ 76.2998564988, 9.9959354338 ],
						[ 76.2998878852, 9.995872819 ],
						[ 76.2998900457, 9.9958685088 ],
						[ 76.2999799856, 9.9958300925 ],
						[ 76.2999799857, 9.9958300925 ],
						[ 76.2999862951, 9.9958274663 ],
						[ 76.3000196248, 9.9957914507 ],
						[ 76.3000317685, 9.9957774798 ],
						[ 76.3000483066, 9.9957584534 ],
						[ 76.3000486408, 9.9957580689 ],
						[ 76.3000702036, 9.9957169999 ],
						[ 76.3000902395, 9.9956771548 ],
						[ 76.3001268004, 9.9955790744 ],
						[ 76.3001316884, 9.9955631988 ],
						[ 76.3001538345, 9.99549127 ],
						[ 76.3001537441, 9.9954912526 ],
						[ 76.3001538116, 9.9954910323 ],
						[ 76.3001548745, 9.9954876857 ],
						[ 76.3001620278, 9.9954900027 ],
						[ 76.3001674062, 9.9954917447 ],
						[ 76.3001721544, 9.9954932826 ],
						[ 76.3001890708, 9.9954987618 ],
						[ 76.3001915323, 9.9954995591 ],
						[ 76.3001932678, 9.9955001212 ],
						[ 76.3002150997, 9.9955071926 ],
						[ 76.300215116, 9.9955071978 ],
						[ 76.300215121, 9.9955071995 ],
						[ 76.3002237643, 9.995509999 ],
						[ 76.3002439062, 9.9955165229 ],
						[ 76.3002439065, 9.9955165231 ],
						[ 76.3002719584, 9.9955256361 ],
						[ 76.3002719585, 9.9955256362 ],
						[ 76.3002719637, 9.9955256378 ],
						[ 76.3003150692, 9.9955396534 ],
						[ 76.3004416426, 9.9955941301 ],
						[ 76.3004416426, 9.9955941301 ],
						[ 76.3004608246, 9.9956026351 ],
						[ 76.3004642149, 9.9956041384 ],
						[ 76.3004670919, 9.995605414 ],
						[ 76.3004702705, 9.9956068234 ],
						[ 76.3004951276, 9.9956178447 ],
						[ 76.3004976192, 9.9956189495 ],
						[ 76.3004977572, 9.9956189755 ],
						[ 76.3007062117, 9.9956581495 ],
						[ 76.3009295368, 9.9956592349 ],
						[ 76.3009455287, 9.9956593127 ],
						[ 76.300965961, 9.9956567746 ],
						[ 76.3010184306, 9.995542371 ],
						[ 76.3010276114, 9.9954884198 ],
						[ 76.301028497, 9.9954827685 ],
						[ 76.301041572, 9.9954485704 ],
						[ 76.301041572, 9.9954485704 ],
						[ 76.301041572, 9.9954485704 ],
						[ 76.3010417462, 9.9954481156 ],
						[ 76.3010498112, 9.9954251189 ],
						[ 76.3010500696, 9.9954241395 ],
						[ 76.3010555407, 9.9954034008 ],
						[ 76.3010618873, 9.9953793432 ],
						[ 76.3010691065, 9.9953519781 ],
						[ 76.3010721855, 9.9953403071 ],
						[ 76.301072197, 9.9953402636 ],
						[ 76.3010729048, 9.9953375804 ],
						[ 76.301074269, 9.9953324092 ],
						[ 76.3010743963, 9.9953319268 ],
						[ 76.3010777386, 9.9953192573 ],
						[ 76.3010860262, 9.9952878423 ],
						[ 76.3011023415, 9.9952504612 ],
						[ 76.3011023416, 9.9952504611 ],
						[ 76.3011210104, 9.9952089265 ],
						[ 76.3011371072, 9.9951731142 ],
						[ 76.3011371073, 9.9951731141 ],
						[ 76.3011381166, 9.995170273 ],
						[ 76.3011397484, 9.9951656798 ],
						[ 76.3011400007, 9.9951649696 ],
						[ 76.3011401679, 9.9951644992 ],
						[ 76.301142614, 9.9951193179 ],
						[ 76.301142614, 9.9951193178 ],
						[ 76.3011457909, 9.9950606401 ],
						[ 76.3011458694, 9.9950591898 ],
						[ 76.3011459359, 9.9950579603 ],
						[ 76.301146111, 9.9950577346 ],
						[ 76.3011815349, 9.9950120624 ],
						[ 76.3011953971, 9.9949941898 ],
						[ 76.3011987088, 9.9949899201 ],
						[ 76.301205994, 9.9949805273 ],
						[ 76.3012064668, 9.9949799177 ],
						[ 76.30120658, 9.9949797718 ],
						[ 76.3012068858, 9.9949793775 ],
						[ 76.3012072839, 9.9949586156 ],
						[ 76.3012092674, 9.9948551769 ],
						[ 76.3012093244, 9.9948522063 ],
						[ 76.3012089497, 9.994845301 ],
						[ 76.3012052166, 9.9947765064 ],
						[ 76.3012039755, 9.9947536349 ],
						[ 76.3012039242, 9.9947526899 ],
						[ 76.3012038555, 9.9947514243 ],
						[ 76.3012033975, 9.9947429834 ],
						[ 76.3012223313, 9.9946196935 ],
						[ 76.3012009503, 9.9945581111 ],
						[ 76.3011652258, 9.9945154518 ],
						[ 76.3011606993, 9.9945102246 ],
						[ 76.3011533393, 9.9945017253 ],
						[ 76.3011521053, 9.9945003004 ],
						[ 76.301114087, 9.994456397 ],
						[ 76.3011063733, 9.9944474892 ],
						[ 76.3011080574, 9.994445631 ],
						[ 76.3011461043, 9.9944067964 ],
						[ 76.3011585192, 9.9943899544 ],
						[ 76.3011734446, 9.9943697066 ],
						[ 76.3012101516, 9.994319093 ],
						[ 76.3012107152, 9.9943183159 ],
						[ 76.3012905269, 9.9943072798 ],
						[ 76.3013358935, 9.9943010066 ],
						[ 76.3013590098, 9.994304595 ],
						[ 76.3013590099, 9.994304595 ],
						[ 76.3014248518, 9.9943171107 ],
						[ 76.3014317086, 9.9943184141 ],
						[ 76.3014335098, 9.9943187565 ],
						[ 76.3014391549, 9.9943105516 ],
						[ 76.3014418668, 9.9943064345 ],
						[ 76.3014419222, 9.9943062456 ],
						[ 76.3014428273, 9.9943031604 ],
						[ 76.3014430265, 9.9943024814 ],
						[ 76.3014435725, 9.99430062 ],
						[ 76.3014447209, 9.9942967056 ],
						[ 76.3014454943, 9.994294069 ],
						[ 76.3014526963, 9.994269519 ],
						[ 76.3014530984, 9.9942681483 ],
						[ 76.3014534706, 9.9942668794 ],
						[ 76.3014538583, 9.994255779 ],
						[ 76.3014538583, 9.994255779 ],
						[ 76.3014555459, 9.994207454 ],
						[ 76.301456667, 9.9941753486 ],
						[ 76.301457992, 9.9941374076 ],
						[ 76.3014595141, 9.9940938204 ],
						[ 76.301461427, 9.9940390436 ],
						[ 76.3014381148, 9.9939844145 ],
						[ 76.3014381147, 9.9939844142 ],
						[ 76.3014223339, 9.9939474339 ],
						[ 76.3014170969, 9.9939328266 ],
						[ 76.3014170969, 9.9939328265 ],
						[ 76.3014044183, 9.9938974627 ],
						[ 76.3013965494, 9.9938755144 ],
						[ 76.3013927941, 9.99386504 ],
						[ 76.3013854126, 9.9938444512 ],
						[ 76.3013852128, 9.9938438939 ],
						[ 76.301385153, 9.9938437269 ],
						[ 76.3013641249, 9.993824025 ],
						[ 76.30137012, 9.9938087871 ],
						[ 76.3013705373, 9.9938068774 ],
						[ 76.3013850267, 9.993740575 ],
						[ 76.3013907298, 9.9937144782 ],
						[ 76.3014065708, 9.9936388232 ],
						[ 76.3014071464, 9.9936360742 ],
						[ 76.301412009, 9.9935775811 ],
						[ 76.301420454, 9.9934824767 ],
						[ 76.3014208365, 9.9934785738 ],
						[ 76.301433177, 9.9933404374 ],
						[ 76.3014331773, 9.9933404342 ],
						[ 76.3014331773, 9.993340434 ],
						[ 76.3014417783, 9.9932441562 ],
						[ 76.3014416625, 9.9932404006 ],
						[ 76.3014387932, 9.9931324444 ],
						[ 76.3014388033, 9.9931322417 ],
						[ 76.3014389411, 9.993129476 ],
						[ 76.3014408443, 9.9930912761 ],
						[ 76.3014453061, 9.9930017262 ],
						[ 76.3014510002, 9.9929751788 ],
						[ 76.301473054, 9.9928748611 ],
						[ 76.3014728555, 9.992873285 ],
						[ 76.3014657, 9.9928164926 ],
						[ 76.3014655153, 9.9928161452 ],
						[ 76.3014652653, 9.9928156751 ],
						[ 76.301464451, 9.9928141438 ],
						[ 76.3014628524, 9.9928111376 ],
						[ 76.3014596109, 9.9928050418 ],
						[ 76.3014507056, 9.9927882948 ],
						[ 76.3014345173, 9.992757852 ],
						[ 76.3014341936, 9.9927572432 ],
						[ 76.3014341293, 9.9927571224 ],
						[ 76.3014340891, 9.9927570466 ],
						[ 76.3014337654, 9.9927557189 ],
						[ 76.3014319735, 9.9927470765 ],
						[ 76.3014312293, 9.9927453158 ],
						[ 76.3014266961, 9.9927343881 ],
						[ 76.3014199685, 9.9927049317 ],
						[ 76.3014089438, 9.9926566604 ],
						[ 76.3013967331, 9.9926031969 ],
						[ 76.3013894931, 9.9925404347 ],
						[ 76.3013856916, 9.9925023317 ],
						[ 76.3013856916, 9.9925023316 ],
						[ 76.3013856373, 9.992492005 ],
						[ 76.3013853635, 9.9924399869 ],
						[ 76.3013880884, 9.9924400363 ],
						[ 76.3013892341, 9.9924400571 ],
						[ 76.3013908338, 9.9924400862 ],
						[ 76.3013922103, 9.9924401112 ],
						[ 76.301393938, 9.9924401425 ],
						[ 76.3013953081, 9.9924401674 ],
						[ 76.3014135309, 9.9924404982 ],
						[ 76.3014094465, 9.9924337339 ],
						[ 76.3014559804, 9.9924368029 ],
						[ 76.3015129191, 9.992441488 ],
						[ 76.3015132573, 9.9924414995 ],
						[ 76.3015134365, 9.9924415055 ],
						[ 76.3015648519, 9.992443245 ],
						[ 76.3016490514, 9.9924460937 ],
						[ 76.3016600698, 9.9924464664 ],
						[ 76.3016600698, 9.9924464664 ],
						[ 76.3016676127, 9.9924469575 ],
						[ 76.301667708, 9.9924469887 ],
						[ 76.3016677332, 9.992446997 ],
						[ 76.3016758571, 9.9924496591 ],
						[ 76.3016810243, 9.9924513524 ],
						[ 76.3017233832, 9.9924652328 ],
						[ 76.3017729054, 9.9924814607 ],
						[ 76.3017729177, 9.9924814647 ],
						[ 76.301787215, 9.9924861498 ],
						[ 76.3017955932, 9.9924888952 ],
						[ 76.3018008553, 9.9924906195 ],
						[ 76.3018409865, 9.99250377 ],
						[ 76.3018478007, 9.9924659 ],
						[ 76.3018602426, 9.9923861582 ],
						[ 76.3018741289, 9.9922971588 ],
						[ 76.3018749405, 9.9922919572 ],
						[ 76.3018756616, 9.9922873357 ],
						[ 76.3018778977, 9.9922730038 ],
						[ 76.3018904508, 9.9921925495 ],
						[ 76.3018989171, 9.992138288 ],
						[ 76.3020322838, 9.9921784909 ],
						[ 76.3021203659, 9.9922050428 ],
						[ 76.3022096091, 9.9922319448 ],
						[ 76.3022720854, 9.992250778 ],
						[ 76.3023545553, 9.9922756382 ],
						[ 76.302394992, 9.9922878276 ],
						[ 76.3024101784, 9.9922885057 ],
						[ 76.3024171708, 9.9922888179 ],
						[ 76.3024171709, 9.9922888179 ],
						[ 76.3025373471, 9.9922941836 ],
						[ 76.3026667463, 9.992299961 ],
						[ 76.3027971668, 9.9923057841 ],
						[ 76.3027971758, 9.9923057845 ],
						[ 76.3027985592, 9.9923058463 ],
						[ 76.3028013091, 9.9923059691 ],
						[ 76.3028583852, 9.9923085174 ],
						[ 76.3028588876, 9.9923085399 ],
						[ 76.3029841941, 9.9922992767 ],
						[ 76.3029878913, 9.9922990034 ],
						[ 76.3029878917, 9.9922990033 ],
						[ 76.3030038335, 9.9922978248 ],
						[ 76.303185221, 9.9922844159 ],
						[ 76.3033513964, 9.9922721315 ],
						[ 76.3035373122, 9.9922583879 ],
						[ 76.3035428801, 9.9922579763 ],
						[ 76.3035439575, 9.9922578966 ],
						[ 76.3036506933, 9.9922500062 ],
						[ 76.3037190556, 9.9922444936 ],
						[ 76.3039152285, 9.9922286744 ],
						[ 76.3040662936, 9.9922164926 ],
						[ 76.3040902956, 9.9922145571 ],
						[ 76.3041150818, 9.9922125584 ],
						[ 76.3041438474, 9.9922102388 ],
						[ 76.3042180858, 9.9922042522 ],
						[ 76.3042234816, 9.9922038171 ],
						[ 76.3042258176, 9.9922036288 ],
						[ 76.3042267808, 9.9922105438 ],
						[ 76.3042267808, 9.9922105439 ],
						[ 76.3042294795, 9.9922327758 ],
						[ 76.3042312365, 9.9922472498 ],
						[ 76.30423356, 9.9922663908 ],
						[ 76.3042360397, 9.9922868186 ],
						[ 76.3042382286, 9.992304851 ],
						[ 76.3042384529, 9.9923066984 ],
						[ 76.3042392421, 9.9923132002 ],
						[ 76.3042392567, 9.99231332 ],
						[ 76.3042392747, 9.9923134682 ],
						[ 76.3042393072, 9.9923137359 ],
						[ 76.3042373961, 9.9923230173 ],
						[ 76.3042363226, 9.9923281942 ],
						[ 76.30423182, 9.992349908 ],
						[ 76.3042211036, 9.9924015883 ],
						[ 76.3042211036, 9.9924015883 ],
						[ 76.3042134552, 9.9924384726 ],
						[ 76.3042134045, 9.9924405329 ],
						[ 76.3042131563, 9.9924506132 ],
						[ 76.3042130679, 9.9924542015 ],
						[ 76.3042108711, 9.9925434269 ],
						[ 76.3042106587, 9.9925520552 ],
						[ 76.3042106475, 9.9925525083 ],
						[ 76.3042104354, 9.9925611222 ],
						[ 76.3042088846, 9.9926241093 ],
						[ 76.3042088431, 9.9926257971 ],
						[ 76.3042078874, 9.9926646137 ],
						[ 76.3042077667, 9.9926695153 ],
						[ 76.3042077637, 9.9926696356 ],
						[ 76.3042076135, 9.9926757372 ],
						[ 76.3042050718, 9.9927789669 ],
						[ 76.304204821, 9.9927891535 ],
						[ 76.3042048207, 9.9927891677 ],
						[ 76.3042046139, 9.9927975658 ],
						[ 76.304203216, 9.9928543436 ],
						[ 76.3042031859, 9.9928555661 ],
						[ 76.3042023585, 9.9928891706 ],
						[ 76.3042020542, 9.9929015285 ],
						[ 76.3042027035, 9.9929439754 ],
						[ 76.304203621, 9.9930039612 ],
						[ 76.3042038875, 9.9930213857 ],
						[ 76.3042042332, 9.9930439826 ],
						[ 76.3042047675, 9.9930789154 ],
						[ 76.3042047733, 9.993079298 ],
						[ 76.3042054226, 9.9931217429 ],
						[ 76.3042058877, 9.9931521538 ],
						[ 76.3042058884, 9.9931521969 ],
						[ 76.3042061711, 9.9931706789 ],
						[ 76.3042065227, 9.9931936688 ],
						[ 76.3042068666, 9.9932161531 ],
						[ 76.3042068666, 9.9932161531 ],
						[ 76.3042058301, 9.993396946 ],
						[ 76.3042058301, 9.9933969462 ],
						[ 76.3042051529, 9.993446123 ],
						[ 76.3042048773, 9.9934661367 ],
						[ 76.3042046237, 9.9934845515 ],
						[ 76.3042046184, 9.9934849337 ],
						[ 76.3042044238, 9.9934990619 ],
						[ 76.3042044238, 9.9934990619 ],
						[ 76.3042014464, 9.9936042893 ],
						[ 76.3041970209, 9.9937015864 ],
						[ 76.3041964454, 9.9937074003 ],
						[ 76.3041960312, 9.9937088408 ],
						[ 76.3041958701, 9.993709401 ],
						[ 76.3041936624, 9.9937170798 ],
						[ 76.3041932298, 9.9937185842 ],
						[ 76.3041874737, 9.9937386041 ],
						[ 76.3041730788, 9.9937886704 ],
						[ 76.3041590232, 9.9938375564 ],
						[ 76.3041490723, 9.9938721663 ],
						[ 76.3041477479, 9.9938767727 ],
						[ 76.3041445234, 9.9938879876 ],
						[ 76.3041431624, 9.9938927214 ],
						[ 76.3041380292, 9.9939105748 ],
						[ 76.3041230069, 9.9939963017 ],
						[ 76.3041226496, 9.9939983408 ],
						[ 76.3041223555, 9.9940000191 ],
						[ 76.3041219941, 9.9940020815 ],
						[ 76.3041209792, 9.9940078732 ],
						[ 76.304120381, 9.9940112868 ],
						[ 76.304110638, 9.9940668867 ],
						[ 76.3041048968, 9.9940996496 ],
						[ 76.3041046248, 9.9941012017 ],
						[ 76.3041018821, 9.9941168536 ],
						[ 76.3041001239, 9.9941268869 ],
						[ 76.3040998195, 9.9941286243 ],
						[ 76.3040966376, 9.9941467821 ],
						[ 76.3040917668, 9.9941745781 ],
						[ 76.3040913122, 9.9941771725 ],
						[ 76.3040801306, 9.9942409819 ],
						[ 76.3040715163, 9.9942901405 ],
						[ 76.3040675255, 9.9943129146 ],
						[ 76.304062198, 9.9943433171 ],
						[ 76.3040620709, 9.9943440424 ],
						[ 76.304061121, 9.9943494629 ],
						[ 76.3040597702, 9.9943571712 ],
						[ 76.3040597185, 9.9943574661 ],
						[ 76.304058943, 9.9943618919 ],
						[ 76.3040558105, 9.994376615 ],
						[ 76.3040360746, 9.9944478977 ],
						[ 76.3040193412, 9.9945010393 ],
						[ 76.3040193412, 9.9945010393 ],
						[ 76.3040191019, 9.9945017993 ],
						[ 76.3040190905, 9.9945018357 ],
						[ 76.3040183437, 9.9945042071 ],
						[ 76.3039754349, 9.9946404765 ],
						[ 76.303954175, 9.9947079935 ],
						[ 76.3039539026, 9.9947088585 ],
						[ 76.3039536475, 9.9947096687 ],
						[ 76.3039526122, 9.9947158877 ],
						[ 76.3039465925, 9.9947520491 ],
						[ 76.3039270418, 9.9948727833 ],
						[ 76.3039268767, 9.9948738029 ],
						[ 76.3039267379, 9.9948766116 ],
						[ 76.3039232224, 9.9949477399 ],
						[ 76.3039233727, 9.9949565778 ],
						[ 76.3039233734, 9.9949566181 ],
						[ 76.3039233748, 9.9949567013 ],
						[ 76.3039235146, 9.9949649196 ],
						[ 76.3039249417, 9.9950488299 ],
						[ 76.3039254083, 9.9950762675 ],
						[ 76.3039253193, 9.9950795965 ],
						[ 76.3039227239, 9.9950869463 ],
						[ 76.3038985504, 9.9951554012 ],
						[ 76.3038985504, 9.9951554014 ],
						[ 76.3038975917, 9.9951581161 ],
						[ 76.3038973212, 9.9951604914 ],
						[ 76.303893117, 9.9951974062 ],
						[ 76.3038838232, 9.9952790108 ],
						[ 76.3038784487, 9.9953262016 ],
						[ 76.3038783637, 9.9953282081 ],
						[ 76.3038778331, 9.9953407311 ],
						[ 76.3038772767, 9.9953538643 ],
						[ 76.3038771847, 9.9953560369 ],
						[ 76.3038771286, 9.9953573587 ],
						[ 76.3038886554, 9.9954306645 ],
						[ 76.3038906763, 9.9954435165 ],
						[ 76.3038921533, 9.9954529094 ],
						[ 76.3039000016, 9.9955028221 ],
						[ 76.3039001676, 9.9955038779 ],
						[ 76.3039002362, 9.9955043136 ],
						[ 76.3038875361, 9.995554957 ],
						[ 76.303872544, 9.9956130013 ],
						[ 76.3038539099, 9.9956846593 ],
						[ 76.3038533919, 9.995686283 ],
						[ 76.3038481947, 9.9957025754 ],
						[ 76.3038419323, 9.9957222066 ],
						[ 76.3038419223, 9.9957222382 ],
						[ 76.3038282899, 9.995764973 ],
						[ 76.3038029191, 9.9958440802 ],
						[ 76.3037831811, 9.9959053558 ],
						[ 76.3037817777, 9.9959097124 ],
						[ 76.3037811882, 9.9959115426 ],
						[ 76.3037811111, 9.9959117821 ],
						[ 76.3037810854, 9.9959118618 ],
						[ 76.3037563392, 9.9959851487 ],
						[ 76.3037464662, 9.9960142515 ],
						[ 76.3037464603, 9.9960142689 ],
						[ 76.3037360816, 9.9960448622 ],
						[ 76.3037229548, 9.9960835563 ],
						[ 76.3037229058, 9.9960837007 ],
						[ 76.3037120936, 9.9961155722 ],
						[ 76.3036955922, 9.9961642135 ],
						[ 76.3036954098, 9.9961647513 ],
						[ 76.3036954095, 9.996164752 ],
						[ 76.3036954077, 9.9961647575 ],
						[ 76.3038295634, 9.9961933173 ],
						[ 76.3039034298, 9.9962090424 ],
						[ 76.3039492155, 9.9962187895 ],
						[ 76.3039917804, 9.996227851 ],
						[ 76.3040558866, 9.9962414856 ],
						[ 76.304058255, 9.9962419894 ],
						[ 76.3040644185, 9.9962433003 ],
						[ 76.3041955397, 9.9962711882 ],
						[ 76.30422088, 9.9962765778 ],
						[ 76.304229886, 9.9962784932 ],
						[ 76.3042642704, 9.9962858064 ],
						[ 76.3042786565, 9.9962888661 ],
						[ 76.3042794675, 9.9962890386 ],
						[ 76.3043684283, 9.99629794 ],
						[ 76.3043975414, 9.9963008531 ],
						[ 76.3044174445, 9.9963028446 ],
						[ 76.3044444447, 9.9963055462 ],
						[ 76.3044780828, 9.996308912 ],
						[ 76.3044780906, 9.9963089128 ],
						[ 76.3045605777, 9.9963172264 ],
						[ 76.3047057625, 9.9963430197 ],
						[ 76.3047058001, 9.9963430264 ],
						[ 76.3047718611, 9.9963551171 ],
						[ 76.304839785, 9.9963861285 ],
						[ 76.3049365886, 9.9964377439 ],
						[ 76.3050376309, 9.9965090884 ],
						[ 76.3050376335, 9.9965090903 ],
						[ 76.3050630943, 9.9965271024 ],
						[ 76.3050924853, 9.9965478949 ],
						[ 76.3051219918, 9.9965687691 ],
						[ 76.3051220283, 9.996568795 ],
						[ 76.3051231649, 9.9965695991 ],
						[ 76.3051231651, 9.9965695992 ],
						[ 76.3051255495, 9.996571289 ],
						[ 76.3051255496, 9.9965712892 ],
						[ 76.3051255514, 9.9965712922 ],
						[ 76.305130544, 9.996579663 ],
						[ 76.305194635, 9.9966871188 ],
						[ 76.3052222721, 9.9967334555 ],
						[ 76.30522232, 9.9967335359 ],
						[ 76.3052247907, 9.9967376783 ],
						[ 76.3052310805, 9.9967482238 ],
						[ 76.3052336028, 9.9967513112 ],
						[ 76.3052420382, 9.9967616362 ],
						[ 76.3052951234, 9.9968266131 ],
						[ 76.3052962604, 9.9968278952 ],
						[ 76.3052963837, 9.9968280343 ],
						[ 76.3053022157, 9.9968346111 ],
						[ 76.3053593028, 9.9968989893 ],
						[ 76.3053813703, 9.9969238753 ],
						[ 76.3053813755, 9.9969238811 ],
						[ 76.3053902786, 9.9969339214 ],
						[ 76.3054159336, 9.996962853 ],
						[ 76.305415994, 9.996962907 ],
						[ 76.3054159956, 9.9969629086 ],
						[ 76.3054458722, 9.9969896752 ],
						[ 76.3055446835, 9.9970782009 ],
						[ 76.3055458693, 9.9970792633 ],
						[ 76.3055458732, 9.9970792668 ],
						[ 76.3055467514, 9.9970800536 ],
						[ 76.3056396385, 9.9971632718 ],
						[ 76.3056984077, 9.9972159235 ],
						[ 76.3056997686, 9.9972171427 ],
						[ 76.3057635777, 9.9972475178 ],
						[ 76.3058033649, 9.9972664577 ],
						[ 76.3058238105, 9.9972761905 ],
						[ 76.3058434544, 9.9972855416 ],
						[ 76.3058434795, 9.9972855536 ],
						[ 76.305856429, 9.9972917179 ],
						[ 76.3058717006, 9.9972989877 ],
						[ 76.3058717055, 9.99729899 ],
						[ 76.3058964279, 9.9973107586 ],
						[ 76.3059474401, 9.9973350421 ],
						[ 76.3059474686, 9.9973350556 ],
						[ 76.3059494891, 9.9973360175 ],
						[ 76.3060239259, 9.9973916647 ],
						[ 76.306023927, 9.9973916656 ],
						[ 76.3060546909, 9.997414856 ],
						[ 76.3060682239, 9.9974250574 ],
						[ 76.3060793503, 9.9974334448 ],
						[ 76.3060942872, 9.9974447045 ],
						[ 76.3061511409, 9.997487562 ],
						[ 76.3061512493, 9.9974876437 ],
						[ 76.3061537331, 9.997489516 ],
						[ 76.3061546765, 9.9974902272 ],
						[ 76.3061948977, 9.9974905828 ],
						[ 76.3062058209, 9.9974906794 ],
						[ 76.306206411, 9.9974906846 ],
						[ 76.3062089356, 9.9974908403 ],
						[ 76.3062468863, 9.9975031416 ],
						[ 76.3062581973, 9.9975068079 ],
						[ 76.3062589548, 9.9975069107 ],
						[ 76.3062967654, 9.9975120417 ],
						[ 76.3063242496, 9.9975081314 ],
						[ 76.3063685938, 9.9975018222 ],
						[ 76.3064031208, 9.9974969098 ],
						[ 76.3064052905, 9.9974966011 ],
						[ 76.3064124104, 9.9974951572 ],
						[ 76.3064407826, 9.9974894036 ],
						[ 76.3065132127, 9.9974747156 ],
						[ 76.3065487911, 9.9974675007 ],
						[ 76.3065613723, 9.9974693594 ],
						[ 76.3066838422, 9.9974874536 ],
						[ 76.3067718583, 9.9975004574 ],
						[ 76.3068289275, 9.997508889 ],
						[ 76.3068784632, 9.9975161253 ],
						[ 76.3069181952, 9.9975219295 ],
						[ 76.3069590448, 9.997527897 ],
						[ 76.3069590456, 9.9975278971 ],
						[ 76.3069724676, 9.9975298578 ],
						[ 76.3069841913, 9.9975315705 ],
						[ 76.3069851911, 9.9975317165 ],
						[ 76.306989893, 9.9975324034 ],
						[ 76.3070858296, 9.9975397576 ],
						[ 76.3071097293, 9.9975415897 ],
						[ 76.3071119888, 9.9975415591 ],
						[ 76.3071220035, 9.9975414235 ],
						[ 76.3071220427, 9.9975414229 ],
						[ 76.3071807729, 9.9975406273 ],
						[ 76.3071913784, 9.9975404837 ],
						[ 76.3071938624, 9.99754045 ],
						[ 76.3072099687, 9.9975402318 ],
						[ 76.3072334195, 9.9975429764 ],
						[ 76.307259289, 9.9975460212 ],
						[ 76.3072592892, 9.9975460213 ],
						[ 76.3073461342, 9.9975849463 ],
						[ 76.3073461346, 9.9975849465 ],
						[ 76.3073461347, 9.9975849465 ],
						[ 76.3073707074, 9.9975966758 ],
						[ 76.3073707074, 9.9975966758 ],
						[ 76.3074073676, 9.9976270534 ],
						[ 76.3074152146, 9.9976361423 ],
						[ 76.3074384345, 9.9976636502 ],
						[ 76.3074411346, 9.9976672198 ],
						[ 76.3074412039, 9.9976673115 ],
						[ 76.3074618844, 9.9976946515 ],
						[ 76.3074857657, 9.9977262229 ],
						[ 76.3074859076, 9.9977264106 ],
						[ 76.3074902796, 9.9977321905 ],
						[ 76.3074945837, 9.9977378805 ],
						[ 76.3074947354, 9.9977380811 ],
						[ 76.3075171935, 9.9977587454 ],
						[ 76.3075312086, 9.9977716411 ],
						[ 76.3075318479, 9.9977720006 ],
						[ 76.3075495283, 9.9977819462 ],
						[ 76.3075495512, 9.997781954 ],
						[ 76.3075501121, 9.9977821425 ],
						[ 76.3075941377, 9.9977969396 ],
						[ 76.3075952185, 9.9977970666 ],
						[ 76.307613219, 9.9977991818 ],
						[ 76.3076610856, 9.9978048065 ],
						[ 76.307750056, 9.9978144806 ],
						[ 76.3077515408, 9.9978146868 ],
						[ 76.3077119671, 9.9980643903 ],
						[ 76.3077081693, 9.99808362 ],
						[ 76.3076986625, 9.9981317563 ],
						[ 76.3076885265, 9.998183078 ],
						[ 76.3076848493, 9.998201697 ],
						[ 76.3076848493, 9.9982016971 ],
						[ 76.3076802817, 9.998224824 ],
						[ 76.3076576331, 9.9983395017 ],
						[ 76.307638863, 9.9984345411 ],
						[ 76.3076335832, 9.9984581531 ],
						[ 76.3075778777, 9.9986370925 ],
						[ 76.3075632348, 9.9986691225 ],
						[ 76.3075336323, 9.9987338753 ],
						[ 76.3075266293, 9.9987491937 ],
						[ 76.3075239209, 9.998755118 ],
						[ 76.3075067139, 9.9987927568 ],
						[ 76.3074860694, 9.9989015406 ],
						[ 76.3074731596, 9.9989695676 ],
						[ 76.3074665497, 9.999004398 ],
						[ 76.3074632748, 9.9990216544 ],
						[ 76.3074632049, 9.9990220229 ],
						[ 76.3074561289, 9.9990593092 ],
						[ 76.307425704, 9.9992196295 ],
						[ 76.3074166944, 9.999267105 ],
						[ 76.3074136814, 9.9992829815 ],
						[ 76.3073910356, 9.9993836577 ],
						[ 76.3072562278, 9.9996940765 ],
						[ 76.307250424, 9.9997070917 ],
						[ 76.3072029269, 9.9998136061 ],
						[ 76.3071715537, 9.9998839619 ],
						[ 76.3071542379, 9.9999227935 ],
						[ 76.3071454657, 9.9999424655 ],
						[ 76.3071249128, 9.9999885562 ],
						[ 76.3070756455, 10.0000990403 ],
						[ 76.3070106381, 10.0002448221 ],
						[ 76.307148284, 10.000289787 ],
						[ 76.3071599903, 10.0002936111 ],
						[ 76.3071600001, 10.0002936143 ],
						[ 76.3071680234, 10.0002962353 ],
						[ 76.3071771161, 10.0002992056 ],
						[ 76.307177139, 10.0002992131 ],
						[ 76.3074323145, 10.0003825713 ],
						[ 76.307432325, 10.0003825748 ],
						[ 76.3074468317, 10.0003873137 ],
						[ 76.3074813731, 10.0003985973 ],
						[ 76.3075909665, 10.0004343982 ],
						[ 76.3075953874, 10.0004356218 ],
						[ 76.3075995543, 10.0004367751 ],
						[ 76.3077014861, 10.0004649876 ],
						[ 76.3077014861, 10.0004649876 ],
						[ 76.3078550309, 10.0005275354 ],
						[ 76.3079402671, 10.0005514223 ],
						[ 76.3079492682, 10.0005539448 ],
						[ 76.3080107791, 10.0005570028 ],
						[ 76.3081516609, 10.0005681527 ],
						[ 76.308151661, 10.0005681527 ],
						[ 76.3081749825, 10.000572564 ],
						[ 76.308174988, 10.0005725651 ],
						[ 76.308387052, 10.0006126778 ],
						[ 76.3083870604, 10.0006126794 ],
						[ 76.3083892324, 10.0006130902 ],
						[ 76.3084006404, 10.0006152481 ],
						[ 76.3084195931, 10.0006188331 ],
						[ 76.3084509673, 10.0006230555 ],
						[ 76.3086423168, 10.0006539433 ],
						[ 76.3086423169, 10.0006539433 ],
						[ 76.3086423169, 10.0006539433 ],
						[ 76.308953008, 10.0007321674 ],
						[ 76.308953008, 10.0007321674 ],
						[ 76.3089657641, 10.0007358388 ],
						[ 76.3090161544, 10.0007477573 ],
						[ 76.3090246041, 10.0007497559 ],
						[ 76.3090600639, 10.0007644065 ],
						[ 76.3090968029, 10.0007855099 ],
						[ 76.3091543995, 10.0008198795 ],
						[ 76.3091660664, 10.000826495 ],
						[ 76.3092133386, 10.0008533 ],
						[ 76.3092307253, 10.0008624366 ],
						[ 76.3092516994, 10.0008734585 ],
						[ 76.3095081055, 10.0011477497 ],
						[ 76.3095147331, 10.0011551023 ],
						[ 76.3095481446, 10.0011751299 ],
						[ 76.309548621, 10.0011754155 ],
						[ 76.3095584523, 10.0011784029 ],
						[ 76.3096862936, 10.0012172498 ],
						[ 76.3096944048, 10.0012192638 ],
						[ 76.3096973554, 10.0012199964 ],
						[ 76.30980774, 10.0012474046 ],
						[ 76.3098198075, 10.0012504009 ],
						[ 76.3098299747, 10.0012522722 ],
						[ 76.3098432463, 10.0012547149 ],
						[ 76.3098804654, 10.0012615652 ],
						[ 76.3099038667, 10.0012658722 ],
						[ 76.3099038801, 10.0012658747 ],
						[ 76.3099085854, 10.0012667407 ],
						[ 76.3099085854, 10.0012667407 ],
						[ 76.3099263727, 10.0012707158 ],
						[ 76.3099415923, 10.0012749369 ],
						[ 76.309948884, 10.0012769593 ],
						[ 76.309951258, 10.0012776177 ],
						[ 76.3099587177, 10.0012796867 ],
						[ 76.3099599851, 10.0012800382 ],
						[ 76.3099608618, 10.0012802813 ],
						[ 76.3099609992, 10.0012803194 ],
						[ 76.3099611716, 10.0012803672 ],
						[ 76.3099801822, 10.0012960568 ],
						[ 76.3099932847, 10.0013144432 ],
						[ 76.3099932847, 10.0013144433 ],
						[ 76.3100232526, 10.0013567804 ],
						[ 76.3100245182, 10.0013588095 ],
						[ 76.3100245607, 10.0013588925 ],
						[ 76.3100492953, 10.0014071656 ],
						[ 76.3100724729, 10.0014524002 ],
						[ 76.3101674801, 10.0011824287 ],
						[ 76.3101681927, 10.0011803091 ],
						[ 76.3102074904, 10.0010634308 ],
						[ 76.3102659943, 10.0008894293 ],
						[ 76.3102664375, 10.0008881111 ],
						[ 76.3103150014, 10.000733416 ],
						[ 76.3103186952, 10.0007191924 ],
						[ 76.3103500817, 10.0005983326 ],
						[ 76.3103655271, 10.000548913 ],
						[ 76.3103700486, 10.0005351784 ],
						[ 76.310399035, 10.0004471282 ],
						[ 76.3104084839, 10.0004114672 ],
						[ 76.310408484, 10.0004114671 ],
						[ 76.3105279715, 9.9999666165 ],
						[ 76.3105311347, 9.9999567206 ],
						[ 76.3105481047, 9.9999036312 ],
						[ 76.3105666845, 9.9998455057 ],
						[ 76.3105667237, 9.9998453831 ],
						[ 76.3105698105, 9.9998357262 ],
						[ 76.3105950839, 9.9997911036 ],
						[ 76.3106373298, 9.9997652585 ],
						[ 76.3106439266, 9.9997629963 ],
						[ 76.3107319047, 9.9997483995 ],
						[ 76.3107460648, 9.9997481355 ],
						[ 76.3108237162, 9.9997466876 ],
						[ 76.3108528822, 9.9997508164 ],
						[ 76.310890052, 9.9997560782 ],
						[ 76.3110569167, 9.9997873262 ],
						[ 76.311304095, 9.9999876924 ],
						[ 76.3113562572, 10.0000155161 ],
						[ 76.3115039145, 10.0000942775 ],
						[ 76.3115191699, 10.0001024148 ],
						[ 76.3116594289, 10.0001577164 ],
						[ 76.3117283841, 10.0001849042 ],
						[ 76.311734634, 10.000187171 ],
						[ 76.3117397678, 10.000189033 ],
						[ 76.3118360595, 10.0002239573 ],
						[ 76.3118434071, 10.0002266222 ],
						[ 76.3118476154, 10.0002281485 ],
						[ 76.3119671226, 10.0002452452 ],
						[ 76.3120753276, 10.0002607251 ],
						[ 76.312303135, 10.0003008588 ],
						[ 76.3123031352, 10.0003008589 ],
						[ 76.3123188317, 10.0003041831 ],
						[ 76.3123188367, 10.0003041841 ],
						[ 76.3125167648, 10.0003461013 ],
						[ 76.3125222592, 10.0003472649 ],
						[ 76.3125233606, 10.0003474982 ],
						[ 76.312566164, 10.0003565631 ],
						[ 76.3126507167, 10.000368815 ],
						[ 76.3127089752, 10.0003766069 ],
						[ 76.3127693795, 10.0003846858 ],
						[ 76.3127693796, 10.0003846858 ],
						[ 76.3128723109, 10.0004045015 ],
						[ 76.312872311, 10.0004045015 ],
						[ 76.3129528843, 10.0004329598 ],
						[ 76.3130067516, 10.0004522673 ],
						[ 76.3130209545, 10.0004570019 ],
						[ 76.3132187581, 10.0005268654 ],
						[ 76.3134054224, 10.0005970554 ],
						[ 76.3135434646, 10.0006489624 ],
						[ 76.3135799801, 10.0006623254 ],
						[ 76.3135973609, 10.000668686 ],
						[ 76.3136321849, 10.00068143 ],
						[ 76.3137043964, 10.0007078562 ],
						[ 76.3137270388, 10.0007161423 ],
						[ 76.3137403181, 10.0007210019 ],
						[ 76.3137404644, 10.0007210555 ],
						[ 76.3136912061, 10.0010349115 ],
						[ 76.313670138, 10.0011644172 ],
						[ 76.3135699592, 10.0017327915 ],
						[ 76.3135307852, 10.0020047152 ],
						[ 76.3134431391, 10.0026131053 ],
						[ 76.3134426999, 10.0026160946 ],
						[ 76.3134376256, 10.0026506316 ],
						[ 76.3134376255, 10.0026506317 ],
						[ 76.3132234151, 10.0040405994 ],
						[ 76.3132234151, 10.0040405995 ],
						[ 76.313173491, 10.0042465131 ],
						[ 76.3129863224, 10.0050184948 ]
					],
					[
						[ 76.3036915136, 9.9961793566 ],
						[ 76.3036951976, 9.9961653769 ],
						[ 76.3036949621, 9.996166071 ],
						[ 76.3036915136, 9.9961793566 ]
					]
				]
			},
			"properties" : {
				"gml_id" : "Ernakulam_editor.fid-f0aec0d_192b99712e2_-628c",
				"geom" : null,
				"District" : "Ernakulam",
				"LSGD" : "Cochin",
				"Ward_Name" : "KARUKAPPILLI",
				"Ward_No" : 34,
				"Lsgd_Type" : "Corporation",
				"Created_Da" : "2024-11-01T10:19:29.529Z",
				"Surveyor" : "Melbin K G",
				"Mob_No" : "9946674644",
				"Remarks" : "STADIUM",
				"Q__result" : "ErnakulamLocked.Cochin34",
				"Q__timesta" : "20250528",
				"_result" : "Ernakulam_Cochin",
				"OBJECTID" : 1131,
				"gml_parent_id" : null,
				"gml_parent_property" : "featureMembers",
				"Created_Date" : "2024-10-22T08:33:36.003Z",
				"_ulid" : "01JBBD7151DY27T8X2GJ2ZD40P"
			}
		},
		{
			"type" : "Feature",
			"geometry" : {
				"type" : "Polygon",
				"coordinates" : [
					[
						[ 76.2877071938, 10.0007074182 ],
						[ 76.2877267953, 10.0006680202 ],
						[ 76.2877318121, 10.0006689305 ],
						[ 76.2884876382, 10.0008060909 ],
						[ 76.288492351, 10.0008069462 ],
						[ 76.2887235365, 10.0008552582 ],
						[ 76.2887272341, 10.0008560309 ],
						[ 76.2888501165, 10.0009033174 ],
						[ 76.288868054, 10.0009102199 ],
						[ 76.2888780943, 10.0009114504 ],
						[ 76.2889067817, 10.000914966 ],
						[ 76.2889641564, 10.0009219972 ],
						[ 76.2891090588, 10.0009397549 ],
						[ 76.2891185913, 10.0009409231 ],
						[ 76.2892548719, 10.0009672359 ],
						[ 76.2892708893, 10.0009703285 ],
						[ 76.2892739826, 10.0009699972 ],
						[ 76.2892928021, 10.0009679819 ],
						[ 76.289373635, 10.0009593257 ],
						[ 76.2893881198, 10.0009630833 ],
						[ 76.2894294383, 10.0009738018 ],
						[ 76.2895779711, 10.0010123332 ],
						[ 76.289583231, 10.0010136977 ],
						[ 76.2901327769, 10.0011052793 ],
						[ 76.2902260392, 10.001134711 ],
						[ 76.2903092847, 10.0011619847 ],
						[ 76.2903843733, 10.001175025 ],
						[ 76.2903997923, 10.0011775316 ],
						[ 76.2904151725, 10.0011803738 ],
						[ 76.2904955785, 10.001193172 ],
						[ 76.2905672813, 10.0012045849 ],
						[ 76.2907167197, 10.0012231581 ],
						[ 76.2907915505, 10.0012364429 ],
						[ 76.2908519582, 10.0012472448 ],
						[ 76.2908749009, 10.0012503577 ],
						[ 76.2909740617, 10.0012638119 ],
						[ 76.2911532728, 10.0012881273 ],
						[ 76.2913498267, 10.00131687 ],
						[ 76.2914537473, 10.0013372814 ],
						[ 76.2915019057, 10.0013467403 ],
						[ 76.2915509765, 10.0013592068 ],
						[ 76.2916211554, 10.0013770358 ],
						[ 76.2916679309, 10.0013908726 ],
						[ 76.2917342837, 10.0014105006 ],
						[ 76.2917845649, 10.0014257829 ],
						[ 76.2918989663, 10.0014605538 ],
						[ 76.2919136435, 10.0014650147 ],
						[ 76.2920283227, 10.0015115222 ],
						[ 76.292073586, 10.0015298784 ],
						[ 76.2921558782, 10.0015634976 ],
						[ 76.2921558887, 10.0015635019 ],
						[ 76.2922227394, 10.0015908127 ],
						[ 76.2922288588, 10.0015933127 ],
						[ 76.2923403917, 10.0016631312 ],
						[ 76.2923891583, 10.0016599984 ],
						[ 76.2924296445, 10.0016596767 ],
						[ 76.2924364516, 10.0016596227 ],
						[ 76.2924996642, 10.0016552286 ],
						[ 76.2925203942, 10.0016519543 ],
						[ 76.2925264776, 10.0016509934 ],
						[ 76.2925626718, 10.0016012865 ],
						[ 76.292612098, 10.0015319681 ],
						[ 76.2926257013, 10.0015084873 ],
						[ 76.2926530502, 10.0014612797 ],
						[ 76.2926761749, 10.0014008125 ],
						[ 76.2926967019, 10.0013471377 ],
						[ 76.2927028305, 10.0013311124 ],
						[ 76.2927054316, 10.0013243109 ],
						[ 76.2927325467, 10.0012363967 ],
						[ 76.2928209994, 10.0012634465 ],
						[ 76.292840249, 10.0012713382 ],
						[ 76.2929153589, 10.0013021307 ],
						[ 76.2929396373, 10.001313248 ],
						[ 76.2930166832, 10.0013485278 ],
						[ 76.2930398449, 10.0013561623 ],
						[ 76.2931150789, 10.0013809606 ],
						[ 76.2931150882, 10.0013809637 ],
						[ 76.2931151408, 10.00138099 ],
						[ 76.2931152859, 10.0013810627 ],
						[ 76.2932058749, 10.001426416 ],
						[ 76.2932214389, 10.0014342081 ],
						[ 76.2933202368, 10.0014754026 ],
						[ 76.2933614197, 10.0014925741 ],
						[ 76.2934220175, 10.0015172512 ],
						[ 76.2934960248, 10.0015473889 ],
						[ 76.2935142312, 10.0015545845 ],
						[ 76.2936138165, 10.0015939427 ],
						[ 76.293635016, 10.0016023212 ],
						[ 76.2937108833, 10.0016333473 ],
						[ 76.2937758088, 10.0016598987 ],
						[ 76.2937819207, 10.0016623982 ],
						[ 76.2938453533, 10.0016908204 ],
						[ 76.2939287323, 10.0017281799 ],
						[ 76.2939334124, 10.0017302769 ],
						[ 76.2940129141, 10.0017591044 ],
						[ 76.2940179005, 10.0017606424 ],
						[ 76.2941090959, 10.0017887702 ],
						[ 76.2941295529, 10.0017950798 ],
						[ 76.2942463315, 10.0018297367 ],
						[ 76.2942909864, 10.0018437512 ],
						[ 76.2942910446, 10.0018437695 ],
						[ 76.2943694549, 10.0018683776 ],
						[ 76.294400053, 10.0018779919 ],
						[ 76.2944000793, 10.0018780001 ],
						[ 76.2944987789, 10.0019090125 ],
						[ 76.294533096, 10.0019197952 ],
						[ 76.2945932489, 10.0019385327 ],
						[ 76.2946964979, 10.0019706944 ],
						[ 76.294733884, 10.0019823401 ],
						[ 76.294791251, 10.0020035139 ],
						[ 76.2948895756, 10.0020398049 ],
						[ 76.2949609716, 10.0020661566 ],
						[ 76.2949902035, 10.0020795213 ],
						[ 76.2951110292, 10.002134762 ],
						[ 76.2952019667, 10.002176338 ],
						[ 76.2952095567, 10.0021797514 ],
						[ 76.2953033733, 10.0022219429 ],
						[ 76.2954134481, 10.0022714462 ],
						[ 76.2954328592, 10.0022801758 ],
						[ 76.2955129933, 10.0023134604 ],
						[ 76.2955796714, 10.002341156 ],
						[ 76.2955856041, 10.0023436202 ],
						[ 76.2956233871, 10.002348033 ],
						[ 76.2956233713, 10.0023494592 ],
						[ 76.2956224049, 10.0024367878 ],
						[ 76.2956216277, 10.0025070173 ],
						[ 76.2956193728, 10.0025425143 ],
						[ 76.2956127546, 10.0026467014 ],
						[ 76.2956118232, 10.0026740168 ],
						[ 76.2956077457, 10.0027936055 ],
						[ 76.2956071303, 10.0028116551 ],
						[ 76.2956033595, 10.0028645533 ],
						[ 76.2955939383, 10.0029967154 ],
						[ 76.2955922839, 10.0030199233 ],
						[ 76.2955667, 10.0031454889 ],
						[ 76.2955544127, 10.0032010021 ],
						[ 76.2955384329, 10.0032731975 ],
						[ 76.2955357408, 10.0032955894 ],
						[ 76.2955218873, 10.0034108181 ],
						[ 76.295520039, 10.0034299168 ],
						[ 76.2955119957, 10.0035130265 ],
						[ 76.2955041083, 10.0035945251 ],
						[ 76.2954964724, 10.0036734261 ],
						[ 76.2954941463, 10.0036974605 ],
						[ 76.2954378239, 10.0039155903 ],
						[ 76.295390611, 10.0040818344 ],
						[ 76.2953753409, 10.0041356028 ],
						[ 76.2953650994, 10.0041767518 ],
						[ 76.295324729, 10.0043389555 ],
						[ 76.2953130633, 10.0043858273 ],
						[ 76.2953012782, 10.004436138 ],
						[ 76.2952539795, 10.004638057 ],
						[ 76.2951837758, 10.0048286329 ],
						[ 76.2951786696, 10.0048424942 ],
						[ 76.2951484489, 10.0049317564 ],
						[ 76.2951067808, 10.0050548305 ],
						[ 76.2950503525, 10.0052130794 ],
						[ 76.2950401439, 10.0052417086 ],
						[ 76.2950167343, 10.0053083998 ],
						[ 76.2950008275, 10.0053537163 ],
						[ 76.2949969223, 10.0053732234 ],
						[ 76.2949415837, 10.0056496467 ],
						[ 76.2948689134, 10.0059479286 ],
						[ 76.2948009854, 10.0061652725 ],
						[ 76.2947723866, 10.006311164 ],
						[ 76.2947400197, 10.0064512757 ],
						[ 76.2946934093, 10.0066017872 ],
						[ 76.2946339756, 10.0067562342 ],
						[ 76.2945164567, 10.0069855555 ],
						[ 76.2944904108, 10.0070351552 ],
						[ 76.2944517723, 10.0071016291 ],
						[ 76.2944324964, 10.0071375781 ],
						[ 76.2944226905, 10.0071521796 ],
						[ 76.294417874, 10.0071628399 ],
						[ 76.2944053275, 10.0071880753 ],
						[ 76.294404933, 10.0071886859 ],
						[ 76.2944045717, 10.0071895986 ],
						[ 76.2943967577, 10.0072093391 ],
						[ 76.2943870025, 10.0072316446 ],
						[ 76.2943720867, 10.0072625364 ],
						[ 76.2943643427, 10.0072865525 ],
						[ 76.2943471226, 10.0073199069 ],
						[ 76.2943059452, 10.0074197121 ],
						[ 76.2943054877, 10.0074212134 ],
						[ 76.2942668124, 10.0074984934 ],
						[ 76.2941938565, 10.0076442721 ],
						[ 76.2941559942, 10.0077511885 ],
						[ 76.2941438054, 10.0077796327 ],
						[ 76.2941083296, 10.0078645798 ],
						[ 76.2940979956, 10.0078893248 ],
						[ 76.294095587, 10.0078950922 ],
						[ 76.2940849721, 10.0079205098 ],
						[ 76.2940555294, 10.0079910105 ],
						[ 76.2939967292, 10.008049451 ],
						[ 76.2939565415, 10.0080893926 ],
						[ 76.2939341131, 10.0081116839 ],
						[ 76.2938700996, 10.00812961 ],
						[ 76.2937579703, 10.0081610102 ],
						[ 76.2937579261, 10.0081596883 ],
						[ 76.2936026369, 10.0081088593 ],
						[ 76.2935780638, 10.0081008161 ],
						[ 76.2935775311, 10.0081007081 ],
						[ 76.29356044, 10.0080972452 ],
						[ 76.2933764905, 10.0080599744 ],
						[ 76.2933651578, 10.0080576782 ],
						[ 76.2933172573, 10.0080463415 ],
						[ 76.293226832, 10.0080249402 ],
						[ 76.2931221637, 10.008000168 ],
						[ 76.2929512012, 10.007962425 ],
						[ 76.2929511319, 10.0079623954 ],
						[ 76.2927538486, 10.0078783353 ],
						[ 76.2927409852, 10.0078728543 ],
						[ 76.2927409741, 10.0078728496 ],
						[ 76.2927399078, 10.0078723952 ],
						[ 76.2927234634, 10.0078653884 ],
						[ 76.2927135952, 10.0078611837 ],
						[ 76.2927130812, 10.0078610536 ],
						[ 76.2926196096, 10.0078373907 ],
						[ 76.2925052225, 10.0078084328 ],
						[ 76.292468491, 10.007799134 ],
						[ 76.2924582052, 10.007797147 ],
						[ 76.292431908, 10.0077920669 ],
						[ 76.2923923581, 10.0077845755 ],
						[ 76.2923501628, 10.0077762753 ],
						[ 76.2923266043, 10.0077717359 ],
						[ 76.2923227628, 10.007770969 ],
						[ 76.292318442, 10.0077702036 ],
						[ 76.2923102049, 10.0077685562 ],
						[ 76.2922516924, 10.0077572527 ],
						[ 76.2922461405, 10.0077561802 ],
						[ 76.2922446877, 10.007756017 ],
						[ 76.292218119, 10.0077369119 ],
						[ 76.2921935411, 10.0077200115 ],
						[ 76.2921928396, 10.0077195292 ],
						[ 76.2921905294, 10.0077162642 ],
						[ 76.2921648279, 10.007679809 ],
						[ 76.2921519796, 10.0076615857 ],
						[ 76.292151263, 10.0076605692 ],
						[ 76.2921390544, 10.0076434366 ],
						[ 76.2921134209, 10.0076072237 ],
						[ 76.2921108355, 10.0076060506 ],
						[ 76.292107216, 10.0076044173 ],
						[ 76.2921068669, 10.0076042531 ],
						[ 76.2920197056, 10.0075632557 ],
						[ 76.2919884659, 10.0075479053 ],
						[ 76.2918850905, 10.0074971095 ],
						[ 76.291832355, 10.0074738332 ],
						[ 76.2918154178, 10.0074655506 ],
						[ 76.2918125458, 10.0074641838 ],
						[ 76.2918042008, 10.0074602124 ],
						[ 76.2917990747, 10.0074577728 ],
						[ 76.2915816499, 10.0073800174 ],
						[ 76.2914934024, 10.0073426802 ],
						[ 76.2914050987, 10.0073054793 ],
						[ 76.2914048917, 10.0073067617 ],
						[ 76.2914046539, 10.0073082542 ],
						[ 76.291404178, 10.0073112355 ],
						[ 76.2914032513, 10.0073168451 ],
						[ 76.2914031658, 10.0073216951 ],
						[ 76.2914031577, 10.0073229208 ],
						[ 76.2914030649, 10.0073258108 ],
						[ 76.2914030009, 10.0073299345 ],
						[ 76.2913964315, 10.0077095722 ],
						[ 76.2913959869, 10.0077165007 ],
						[ 76.2913946374, 10.0077375318 ],
						[ 76.2913931029, 10.0077614444 ],
						[ 76.2913806689, 10.0079552129 ],
						[ 76.2913805453, 10.0079571391 ],
						[ 76.2912665508, 10.0079379813 ],
						[ 76.2905885617, 10.0078240385 ],
						[ 76.2905883584, 10.0078239821 ],
						[ 76.2905678696, 10.0078182956 ],
						[ 76.2904460125, 10.0077844754 ],
						[ 76.2903658941, 10.0077622393 ],
						[ 76.2903527848, 10.0077586009 ],
						[ 76.2903310122, 10.0077544595 ],
						[ 76.2902980925, 10.0077481979 ],
						[ 76.2901811319, 10.0077259507 ],
						[ 76.2899016353, 10.0076593114 ],
						[ 76.2899008796, 10.0076591312 ],
						[ 76.2898858973, 10.007655559 ],
						[ 76.289883573, 10.0076552956 ],
						[ 76.2897819541, 10.0076437788 ],
						[ 76.2897817802, 10.0076437591 ],
						[ 76.2896317918, 10.0075905709 ],
						[ 76.2896135939, 10.0075860246 ],
						[ 76.289612508, 10.0075857533 ],
						[ 76.2895224898, 10.0075632643 ],
						[ 76.2895147257, 10.0075620366 ],
						[ 76.2895101918, 10.0075613196 ],
						[ 76.2894414421, 10.0075504487 ],
						[ 76.2894413534, 10.0075504347 ],
						[ 76.2894415898, 10.0075495642 ],
						[ 76.289441909, 10.0075483891 ],
						[ 76.2894427856, 10.0075451617 ],
						[ 76.2894431103, 10.0075439662 ],
						[ 76.2894433387, 10.0075431255 ],
						[ 76.2894426932, 10.0075415672 ],
						[ 76.2894272297, 10.0075042333 ],
						[ 76.2894257382, 10.0075006323 ],
						[ 76.2894211215, 10.0074894862 ],
						[ 76.2894210567, 10.0074892303 ],
						[ 76.2894210249, 10.0074891049 ],
						[ 76.2894206334, 10.0074875598 ],
						[ 76.2894205569, 10.0074872582 ],
						[ 76.2894192527, 10.0074821111 ],
						[ 76.2894145201, 10.0074634344 ],
						[ 76.2894144709, 10.0074632405 ],
						[ 76.2894141464, 10.0074619596 ],
						[ 76.2894141542, 10.00746085 ],
						[ 76.2894143378, 10.0074347116 ],
						[ 76.289414584, 10.0073996499 ],
						[ 76.289414531, 10.0073950407 ],
						[ 76.2894143331, 10.0073778633 ],
						[ 76.2894141244, 10.007359742 ],
						[ 76.289414079, 10.0073557936 ],
						[ 76.2894133858, 10.0073534174 ],
						[ 76.2894033806, 10.007319117 ],
						[ 76.2894031547, 10.0073189643 ],
						[ 76.289402523, 10.0073185372 ],
						[ 76.2893984562, 10.0073157875 ],
						[ 76.2893736281, 10.0072990004 ],
						[ 76.2893731489, 10.0072988811 ],
						[ 76.2893695085, 10.0072979746 ],
						[ 76.2893345328, 10.0072892653 ],
						[ 76.2893265516, 10.0072872779 ],
						[ 76.2893236858, 10.0072865643 ],
						[ 76.2892793929, 10.0072847256 ],
						[ 76.2892651474, 10.0072841343 ],
						[ 76.289217409, 10.0072821526 ],
						[ 76.2891923844, 10.0072814378 ],
						[ 76.2891095154, 10.0072790708 ],
						[ 76.2891021155, 10.0072788595 ],
						[ 76.2890628256, 10.0072764869 ],
						[ 76.2890503183, 10.0072757316 ],
						[ 76.2889970933, 10.0072725176 ],
						[ 76.2889770283, 10.0072717386 ],
						[ 76.2888447454, 10.0072666033 ],
						[ 76.2888246042, 10.0072658214 ],
						[ 76.2887690906, 10.007265185 ],
						[ 76.2886751262, 10.0072641077 ],
						[ 76.2886575988, 10.007260553 ],
						[ 76.2886405852, 10.0072571025 ],
						[ 76.288565367, 10.0072418477 ],
						[ 76.2885652683, 10.0072418277 ],
						[ 76.2885492862, 10.0072385864 ],
						[ 76.2885492171, 10.0072385647 ],
						[ 76.2884031158, 10.0071925597 ],
						[ 76.2883251726, 10.0071596333 ],
						[ 76.2883125456, 10.0071542991 ],
						[ 76.2882945783, 10.0071467089 ],
						[ 76.2882789255, 10.0071400966 ],
						[ 76.2882584756, 10.0071282049 ],
						[ 76.2882034771, 10.0070962231 ],
						[ 76.2882035776, 10.0070960026 ],
						[ 76.288239141, 10.0070179424 ],
						[ 76.28824298, 10.007009516 ],
						[ 76.2882447526, 10.0070064633 ],
						[ 76.2882966733, 10.0069170489 ],
						[ 76.2882978719, 10.0069149848 ],
						[ 76.2883300707, 10.0068608343 ],
						[ 76.2883304874, 10.0068601336 ],
						[ 76.2883307227, 10.0068597377 ],
						[ 76.2883305338, 10.0068596698 ],
						[ 76.288324315, 10.0068574332 ],
						[ 76.2883082647, 10.0068516608 ],
						[ 76.2882848808, 10.0068432509 ],
						[ 76.2882848343, 10.0068432342 ],
						[ 76.2882121302, 10.0068170864 ],
						[ 76.28811021, 10.0067750007 ],
						[ 76.2881045387, 10.0067718545 ],
						[ 76.288079773, 10.0067581159 ],
						[ 76.288036189, 10.0067339379 ],
						[ 76.2880334802, 10.0067324353 ],
						[ 76.2880318712, 10.0067315427 ],
						[ 76.28803184, 10.0067315254 ],
						[ 76.28801364, 10.0066914555 ],
						[ 76.288013312, 10.0066907332 ],
						[ 76.2880110209, 10.0066898893 ],
						[ 76.2879796934, 10.0066783494 ],
						[ 76.287834577, 10.006624894 ],
						[ 76.2878322588, 10.0066240907 ],
						[ 76.2878001872, 10.0066129769 ],
						[ 76.287739218, 10.0065918492 ],
						[ 76.2876889311, 10.0065705822 ],
						[ 76.2876821109, 10.0065549327 ],
						[ 76.2876685881, 10.0065239032 ],
						[ 76.2876583556, 10.0065200137 ],
						[ 76.2876509085, 10.006517183 ],
						[ 76.2875560313, 10.0064811187 ],
						[ 76.2875541728, 10.0064805879 ],
						[ 76.2874179475, 10.006441682 ],
						[ 76.2873611746, 10.0064244429 ],
						[ 76.2872686593, 10.0063963506 ],
						[ 76.2871334393, 10.0063535775 ],
						[ 76.2871592641, 10.0062574513 ],
						[ 76.2871630786, 10.0062432529 ],
						[ 76.2871629994, 10.0062425465 ],
						[ 76.2871617414, 10.0062313258 ],
						[ 76.2871578444, 10.0061965663 ],
						[ 76.2871564709, 10.0061958241 ],
						[ 76.2870971316, 10.0061637604 ],
						[ 76.2871161062, 10.0060834556 ],
						[ 76.2871165416, 10.0060817228 ],
						[ 76.287117811, 10.0060766705 ],
						[ 76.2871287149, 10.0060332717 ],
						[ 76.2871306684, 10.0060254966 ],
						[ 76.2871439882, 10.0059724827 ],
						[ 76.2871455568, 10.0059662391 ],
						[ 76.2871691563, 10.0058723109 ],
						[ 76.2871703287, 10.0058687756 ],
						[ 76.2872347262, 10.0056745844 ],
						[ 76.2872349303, 10.0056741405 ],
						[ 76.287313425, 10.0055034301 ],
						[ 76.2873087733, 10.005488929 ],
						[ 76.2873093299, 10.005487858 ],
						[ 76.2873556077, 10.0053988084 ],
						[ 76.2873521974, 10.0053764783 ],
						[ 76.2873532724, 10.0053473907 ],
						[ 76.2873474637, 10.0052911882 ],
						[ 76.2873491185, 10.0052559284 ],
						[ 76.287338976, 10.005032608 ],
						[ 76.2873336915, 10.0049162532 ],
						[ 76.2873286875, 10.0048035217 ],
						[ 76.2873284199, 10.0048001828 ],
						[ 76.2873244455, 10.0047505964 ],
						[ 76.2873249383, 10.0047235232 ],
						[ 76.2873250383, 10.004718029 ],
						[ 76.287324314, 10.0047097773 ],
						[ 76.2873241655, 10.0047080854 ],
						[ 76.2873229352, 10.0046940697 ],
						[ 76.287322442, 10.0046808923 ],
						[ 76.2873209195, 10.0046735436 ],
						[ 76.2873199002, 10.0046686239 ],
						[ 76.287318196, 10.0046532877 ],
						[ 76.2873103658, 10.0046345846 ],
						[ 76.2873121794, 10.0046039551 ],
						[ 76.2873111412, 10.0045661073 ],
						[ 76.2872948202, 10.0044154351 ],
						[ 76.2872739663, 10.0042611778 ],
						[ 76.2872638378, 10.0041825843 ],
						[ 76.28725597, 10.0041271803 ],
						[ 76.2872471372, 10.0040530058 ],
						[ 76.2872027009, 10.0036873169 ],
						[ 76.2870687948, 10.0031869486 ],
						[ 76.2869320338, 10.0027108459 ],
						[ 76.286842229, 10.0025407597 ],
						[ 76.2868944497, 10.0022300462 ],
						[ 76.2869627479, 10.0021031243 ],
						[ 76.2870186614, 10.0020942128 ],
						[ 76.2870706407, 10.0019789662 ],
						[ 76.2870582313, 10.001874465 ],
						[ 76.287055517, 10.0018516076 ],
						[ 76.286966042, 10.0017519873 ],
						[ 76.286863304, 10.0016711357 ],
						[ 76.2867598427, 10.0016203451 ],
						[ 76.2866863608, 10.0015769135 ],
						[ 76.2866267036, 10.0015371109 ],
						[ 76.2865578778, 10.0014794013 ],
						[ 76.2865377017, 10.0014624839 ],
						[ 76.2865649358, 10.0013242161 ],
						[ 76.2866119751, 10.0012371183 ],
						[ 76.2866890464, 10.0011429028 ],
						[ 76.2867281579, 10.0010934469 ],
						[ 76.2868371062, 10.001047716 ],
						[ 76.2870340101, 10.0010227798 ],
						[ 76.2871483559, 10.0010249956 ],
						[ 76.2874224778, 10.0011156529 ],
						[ 76.2875145818, 10.0011335669 ],
						[ 76.2875541761, 10.0010247758 ],
						[ 76.2877071938, 10.0007074182 ]
					]
				]
			},
			"properties" : {
				"gml_id" : "Ernakulam_editor.fid-f0aec0d_192a2341ec3_-3a3a",
				"geom" : null,
				"District" : "Ernakulam",
				"LSGD" : "Cochin",
				"Ward_Name" : "POTTAKUZHY",
				"Ward_No" : 20,
				"Lsgd_Type" : "Corporation",
				"Created_Da" : "2024-10-19T18:11:36.219Z",
				"Surveyor" : "Smitha t p",
				"Mob_No" : "9946674644",
				"Remarks" : null,
				"Q__result" : "ErnakulamLocked.Cochin20",
				"Q__timesta" : "20250528",
				"_result" : "Ernakulam_Cochin",
				"OBJECTID" : 1131,
				"gml_parent_id" : null,
				"gml_parent_property" : "featureMembers",
				"Created_Date" : "2024-10-22T08:33:36.003Z",
				"_ulid" : "01JBBD7151DY27T8X2GJ2ZD40P"
			}
		},
		{
			"type" : "Feature",
			"geometry" : {
				"type" : "Polygon",
				"coordinates" : [
					[
						[ 76.3256062207, 9.9959925334 ],
						[ 76.3253671024, 9.995954773 ],
						[ 76.3251428061, 9.9958865824 ],
						[ 76.3249336847, 9.9958044333 ],
						[ 76.3248925187, 9.9957164374 ],
						[ 76.3248826931, 9.9956726652 ],
						[ 76.324847313, 9.9955721021 ],
						[ 76.3248402298, 9.9955688243 ],
						[ 76.3247331988, 9.9955175845 ],
						[ 76.324664666, 9.9954807617 ],
						[ 76.3246515833, 9.9954785121 ],
						[ 76.3245084103, 9.9954538925 ],
						[ 76.3244835191, 9.9954573117 ],
						[ 76.3240901248, 9.995450223 ],
						[ 76.3240640342, 9.99544578 ],
						[ 76.3240554937, 9.9954443256 ],
						[ 76.3240149227, 9.9954433543 ],
						[ 76.3238528864, 9.9954394751 ],
						[ 76.3238513392, 9.9954394381 ],
						[ 76.3238198495, 9.9954386842 ],
						[ 76.3237186025, 9.9954429959 ],
						[ 76.3236346785, 9.99544657 ],
						[ 76.3236186674, 9.9954503792 ],
						[ 76.3235770092, 9.9954602904 ],
						[ 76.323576283, 9.9954603791 ],
						[ 76.3233546371, 9.9955007276 ],
						[ 76.3231735191, 9.9955409486 ],
						[ 76.3229622866, 9.9955553534 ],
						[ 76.3227733947, 9.9955339624 ],
						[ 76.3225937364, 9.9954916042 ],
						[ 76.3224350271, 9.9954237254 ],
						[ 76.322295543, 9.9953243828 ],
						[ 76.3221473313, 9.9952728677 ],
						[ 76.3221179458, 9.9952595866 ],
						[ 76.3220817379, 9.9952500688 ],
						[ 76.3220011478, 9.9952220574 ],
						[ 76.3217992512, 9.9952060727 ],
						[ 76.3216299311, 9.9951965286 ],
						[ 76.3214469655, 9.9951974587 ],
						[ 76.3214160348, 9.9951953967 ],
						[ 76.3213965139, 9.9951940953 ],
						[ 76.3213890033, 9.9951957402 ],
						[ 76.321339074, 9.9952066753 ],
						[ 76.3212126215, 9.9952170777 ],
						[ 76.3210073632, 9.9951478422 ],
						[ 76.3208123136, 9.9950715079 ],
						[ 76.3206026431, 9.994993911 ],
						[ 76.3205226771, 9.9949643523 ],
						[ 76.3205047337, 9.9949552378 ],
						[ 76.3204950546, 9.9949503213 ],
						[ 76.3204176652, 9.9949255356 ],
						[ 76.3203772742, 9.9949106054 ],
						[ 76.3203565282, 9.994905955 ],
						[ 76.3202771942, 9.9948905251 ],
						[ 76.3202771554, 9.9948905092 ],
						[ 76.320277111, 9.9948905064 ],
						[ 76.3202520817, 9.9948868435 ],
						[ 76.3202266301, 9.9948831225 ],
						[ 76.3200540518, 9.9948578917 ],
						[ 76.3197445645, 9.9947612596 ],
						[ 76.3191919289, 9.9945765587 ],
						[ 76.3187847976, 9.9943875958 ],
						[ 76.3185598757, 9.9942640299 ],
						[ 76.3185529051, 9.9942371493 ],
						[ 76.318465427, 9.9942054015 ],
						[ 76.3184455975, 9.994201948 ],
						[ 76.3182851359, 9.9941696549 ],
						[ 76.3179885448, 9.9941696892 ],
						[ 76.3178792839, 9.9941607055 ],
						[ 76.3176962189, 9.9940750567 ],
						[ 76.3175667794, 9.9940139131 ],
						[ 76.3174727788, 9.9939831476 ],
						[ 76.3174136546, 9.9939588276 ],
						[ 76.3171704613, 9.9938797581 ],
						[ 76.3171684149, 9.9938790142 ],
						[ 76.3171607701, 9.9938766072 ],
						[ 76.3171465959, 9.9938719988 ],
						[ 76.3170157083, 9.993827686 ],
						[ 76.3169044178, 9.9937545013 ],
						[ 76.3168774734, 9.9937445731 ],
						[ 76.3167794331, 9.9937084483 ],
						[ 76.316713751, 9.9936991215 ],
						[ 76.316566254, 9.9936631843 ],
						[ 76.3163462855, 9.9935667173 ],
						[ 76.3160361136, 9.9933891309 ],
						[ 76.3158593663, 9.9932958635 ],
						[ 76.3156793964, 9.9932218135 ],
						[ 76.3155566313, 9.9931437245 ],
						[ 76.3154728153, 9.9931020832 ],
						[ 76.315383981, 9.9930505965 ],
						[ 76.315240793, 9.9929840249 ],
						[ 76.3152302738, 9.9929815838 ],
						[ 76.3152211229, 9.9929770374 ],
						[ 76.3151635394, 9.9929660972 ],
						[ 76.3150670736, 9.9929437111 ],
						[ 76.3150484146, 9.9929390725 ],
						[ 76.3150494304, 9.9929329291 ],
						[ 76.3150619095, 9.9928574555 ],
						[ 76.3150972195, 9.992643901 ],
						[ 76.3151237973, 9.9924881201 ],
						[ 76.3152693071, 9.991635241 ],
						[ 76.3152759893, 9.9915960746 ],
						[ 76.3153283278, 9.9912632727 ],
						[ 76.3155187354, 9.990052536 ],
						[ 76.3155598186, 9.9898043352 ],
						[ 76.3156208964, 9.9894353374 ],
						[ 76.3156256334, 9.9893927985 ],
						[ 76.3156277555, 9.9893938985 ],
						[ 76.3156303812, 9.9893501622 ],
						[ 76.3156303812, 9.9893501622 ],
						[ 76.3156776475, 9.9889257052 ],
						[ 76.3157692729, 9.9884377073 ],
						[ 76.3159398319, 9.9875403078 ],
						[ 76.3159549152, 9.9874618997 ],
						[ 76.3159595241, 9.987436697 ],
						[ 76.3161023416, 9.9866852569 ],
						[ 76.3164200882, 9.9849289799 ],
						[ 76.3164314669, 9.9848559761 ],
						[ 76.316598166, 9.9839444103 ],
						[ 76.3169205215, 9.9840664303 ],
						[ 76.3171691538, 9.9841528709 ],
						[ 76.3171754605, 9.9841532735 ],
						[ 76.3172487442, 9.9841789001 ],
						[ 76.317351272, 9.9841644743 ],
						[ 76.3173750833, 9.984132634 ],
						[ 76.3173826549, 9.984119558 ],
						[ 76.3174008487, 9.9840942652 ],
						[ 76.3174443622, 9.9839970959 ],
						[ 76.3174580987, 9.9839572303 ],
						[ 76.3174718892, 9.9839237256 ],
						[ 76.3174981758, 9.9839116207 ],
						[ 76.3175050771, 9.9839087955 ],
						[ 76.3178296386, 9.9840213764 ],
						[ 76.3180431378, 9.9840910795 ],
						[ 76.3181422699, 9.9841247198 ],
						[ 76.3182654403, 9.9841706863 ],
						[ 76.3183886203, 9.9842083185 ],
						[ 76.3183998664, 9.9842121348 ],
						[ 76.3183938745, 9.9842236033 ],
						[ 76.3182482324, 9.9844520614 ],
						[ 76.3182183608, 9.9844952134 ],
						[ 76.3181373468, 9.9845852567 ],
						[ 76.3180576587, 9.984663205 ],
						[ 76.3180364295, 9.9846833732 ],
						[ 76.3180368649, 9.9846835448 ],
						[ 76.3180365662, 9.984683837 ],
						[ 76.318175277, 9.9847395405 ],
						[ 76.3182219849, 9.9847565213 ],
						[ 76.3182413848, 9.9847641689 ],
						[ 76.3182548207, 9.9847702312 ],
						[ 76.3183640217, 9.984829578 ],
						[ 76.3184760441, 9.9848961863 ],
						[ 76.3185923442, 9.9849668987 ],
						[ 76.318723474, 9.9850462672 ],
						[ 76.3188204666, 9.9850546033 ],
						[ 76.3189319038, 9.9850477942 ],
						[ 76.3189440797, 9.9850470502 ],
						[ 76.3189454535, 9.9850471326 ],
						[ 76.3189527999, 9.9850475734 ],
						[ 76.3190019125, 9.9850505204 ],
						[ 76.3190934121, 9.9850560107 ],
						[ 76.3193020957, 9.9850654019 ],
						[ 76.3194378019, 9.9851339242 ],
						[ 76.3195155908, 9.9851732021 ],
						[ 76.3196660286, 9.985264515 ],
						[ 76.3197442777, 9.9853141944 ],
						[ 76.3198409947, 9.9853755988 ],
						[ 76.3200457173, 9.9854875042 ],
						[ 76.3202287902, 9.9855456139 ],
						[ 76.3205551678, 9.9857431773 ],
						[ 76.3206083932, 9.9857734819 ],
						[ 76.3206142204, 9.9857662024 ],
						[ 76.3208011852, 9.9858775941 ],
						[ 76.3212686108, 9.9860690889 ],
						[ 76.3217858146, 9.9862314685 ],
						[ 76.3222134171, 9.986558376 ],
						[ 76.3226205025, 9.9866935525 ],
						[ 76.322454047, 9.9871450475 ],
						[ 76.3222777602, 9.9871497095 ],
						[ 76.3222030511, 9.9872703119 ],
						[ 76.322188766, 9.9872933721 ],
						[ 76.3221743168, 9.9873311065 ],
						[ 76.3221745192, 9.9873312014 ],
						[ 76.3221634014, 9.9873645375 ],
						[ 76.3220393709, 9.9877364352 ],
						[ 76.322044139, 9.9877365221 ],
						[ 76.3221360777, 9.9877756921 ],
						[ 76.3224309092, 9.9878866095 ],
						[ 76.3226357711, 9.987965009 ],
						[ 76.3232220948, 9.9881984589 ],
						[ 76.3236813913, 9.9883715479 ],
						[ 76.3238327189, 9.9884285765 ],
						[ 76.3235343633, 9.98909614 ],
						[ 76.3235259108, 9.9891150524 ],
						[ 76.3235234523, 9.9891197825 ],
						[ 76.323456265, 9.9892490501 ],
						[ 76.3234121193, 9.9893337293 ],
						[ 76.3233614804, 9.9894308633 ],
						[ 76.3233532234, 9.9894550037 ],
						[ 76.3233260877, 9.9895343378 ],
						[ 76.3232029088, 9.9897402347 ],
						[ 76.3231946273, 9.9897475609 ],
						[ 76.3231595566, 9.9897785861 ],
						[ 76.3231514917, 9.9897857207 ],
						[ 76.3230784049, 9.9897928623 ],
						[ 76.322992285, 9.989784496 ],
						[ 76.3229345752, 9.9897788896 ],
						[ 76.3229022658, 9.9897757509 ],
						[ 76.3228231344, 9.9898365363 ],
						[ 76.3227850175, 9.989865816 ],
						[ 76.3227156161, 9.9899756177 ],
						[ 76.3226251657, 9.9901187213 ],
						[ 76.3226078246, 9.990146157 ],
						[ 76.3225809975, 9.9901883562 ],
						[ 76.3225020517, 9.9903125383 ],
						[ 76.3217910372, 9.9920678785 ],
						[ 76.3219939602, 9.9921515479 ],
						[ 76.3220480085, 9.9921738331 ],
						[ 76.322172752, 9.9921953351 ],
						[ 76.3221891039, 9.9921981536 ],
						[ 76.3222020575, 9.9922003864 ],
						[ 76.3222201927, 9.9921998429 ],
						[ 76.3222212573, 9.992199811 ],
						[ 76.3223559995, 9.9921957728 ],
						[ 76.3230838233, 9.992173959 ],
						[ 76.3232727312, 9.9921682969 ],
						[ 76.323298323, 9.9921762026 ],
						[ 76.3235416924, 9.9922513827 ],
						[ 76.3238225138, 9.9923954424 ],
						[ 76.3240315038, 9.9925026528 ],
						[ 76.3241644626, 9.9925708596 ],
						[ 76.3242370633, 9.9925803 ],
						[ 76.3242926672, 9.9925875302 ],
						[ 76.3244344116, 9.9926059614 ],
						[ 76.3245250382, 9.9926177456 ],
						[ 76.3245571351, 9.9926219192 ],
						[ 76.3246632192, 9.9927425274 ],
						[ 76.324684075, 9.9927662386 ],
						[ 76.3247329271, 9.9927941841 ],
						[ 76.3253265407, 9.9931337548 ],
						[ 76.3254731822, 9.9932176394 ],
						[ 76.3255094697, 9.993229545 ],
						[ 76.3258302419, 9.9933347873 ],
						[ 76.3258488297, 9.9933415935 ],
						[ 76.3263644088, 9.9935303775 ],
						[ 76.3260214839, 9.9943307766 ],
						[ 76.3259536537, 9.9944890943 ],
						[ 76.3257661301, 9.9951609085 ],
						[ 76.32573362, 9.9953578323 ],
						[ 76.325717642, 9.9954546159 ],
						[ 76.3256929641, 9.995604097 ],
						[ 76.3256686146, 9.9957119133 ],
						[ 76.325625008, 9.9959049963 ],
						[ 76.3256186836, 9.9959344642 ],
						[ 76.3256182295, 9.99593658 ],
						[ 76.3256062207, 9.9959925334 ]
					]
				]
			},
			"properties" : {
				"gml_id" : "Ernakulam_editor.fid-f0aec0d_192a2341ec3_-3a46",
				"geom" : null,
				"District" : "Ernakulam",
				"LSGD" : "Cochin",
				"Ward_Name" : "CHAKKARAPARAMBU",
				"Ward_No" : 39,
				"Lsgd_Type" : "Corporation",
				"Created_Da" : "2024-10-19T18:09:09.858Z",
				"Surveyor" : "Anjana A S",
				"Mob_No" : "9946674644",
				"Remarks" : null,
				"Q__result" : "ErnakulamLocked.Cochin39",
				"Q__timesta" : "20250528",
				"_result" : "Ernakulam_Cochin",
				"OBJECTID" : 1131,
				"gml_parent_id" : null,
				"gml_parent_property" : "featureMembers",
				"Created_Date" : "2024-10-22T08:33:36.003Z",
				"_ulid" : "01JBBD7151DY27T8X2GJ2ZD40P"
			}
		},
		{
			"type" : "Feature",
			"geometry" : {
				"type" : "Polygon",
				"coordinates" : [
					[
						[ 76.2750241459, 9.918094972 ],
						[ 76.2750463063, 9.9180500099 ],
						[ 76.2750561112, 9.9180235082 ],
						[ 76.2751050354, 9.9178912705 ],
						[ 76.2751689549, 9.9177185016 ],
						[ 76.2752175761, 9.9175909809 ],
						[ 76.2752682993, 9.9174579472 ],
						[ 76.2752942491, 9.9173898877 ],
						[ 76.2753268557, 9.9173080896 ],
						[ 76.2753838726, 9.9171650552 ],
						[ 76.2754073538, 9.9171061494 ],
						[ 76.2754570854, 9.9169915175 ],
						[ 76.275512677, 9.9168633779 ],
						[ 76.2755146807, 9.9168580285 ],
						[ 76.2755716804, 9.9167058495 ],
						[ 76.2756179222, 9.9165823921 ],
						[ 76.2756375087, 9.916527926 ],
						[ 76.2756383174, 9.9165278917 ],
						[ 76.2756391182, 9.9165232838 ],
						[ 76.2756392546, 9.9165228749 ],
						[ 76.2756395275, 9.9165220567 ],
						[ 76.2756873184, 9.9163787742 ],
						[ 76.2757300453, 9.9162544578 ],
						[ 76.2757598525, 9.9161677318 ],
						[ 76.2758237497, 9.9159886912 ],
						[ 76.2758503526, 9.9159141497 ],
						[ 76.2759205572, 9.9157270798 ],
						[ 76.2759471388, 9.9156562496 ],
						[ 76.2759490266, 9.915652168 ],
						[ 76.2759499701, 9.915650128 ],
						[ 76.2760146352, 9.9155103155 ],
						[ 76.2760375939, 9.9154606766 ],
						[ 76.2760381919, 9.9154582669 ],
						[ 76.2760383081, 9.9154577985 ],
						[ 76.2760508506, 9.915407258 ],
						[ 76.2761045352, 9.9151909326 ],
						[ 76.2761047709, 9.9151899829 ],
						[ 76.2761108599, 9.9151780414 ],
						[ 76.2761517143, 9.9150979199 ],
						[ 76.2762283703, 9.9149356365 ],
						[ 76.2762478439, 9.9148944104 ],
						[ 76.2762623943, 9.9148636068 ],
						[ 76.2762640526, 9.9148590001 ],
						[ 76.2762967247, 9.9147682432 ],
						[ 76.2763096928, 9.9147257114 ],
						[ 76.2763097198, 9.9147256227 ],
						[ 76.2763712612, 9.9145237842 ],
						[ 76.2763901682, 9.9144617996 ],
						[ 76.2763901759, 9.9144617745 ],
						[ 76.2764295006, 9.9143328526 ],
						[ 76.2764592083, 9.9142362387 ],
						[ 76.2764843895, 9.9141543455 ],
						[ 76.2765306604, 9.9140096295 ],
						[ 76.276536424, 9.9139916035 ],
						[ 76.2765808493, 9.9139241195 ],
						[ 76.2765872951, 9.913914328 ],
						[ 76.2766052981, 9.91389893 ],
						[ 76.2766550586, 9.9138563697 ],
						[ 76.2766655516, 9.913847395 ],
						[ 76.276685642, 9.9138302116 ],
						[ 76.27668705, 9.9138293758 ],
						[ 76.2767735891, 9.9137780061 ],
						[ 76.2767809222, 9.9137736532 ],
						[ 76.2767833265, 9.913772226 ],
						[ 76.2767843181, 9.9137716374 ],
						[ 76.2769516745, 9.9137236987 ],
						[ 76.2769520974, 9.9137235776 ],
						[ 76.2769863574, 9.913726223 ],
						[ 76.2770291823, 9.9137295299 ],
						[ 76.2770291914, 9.9137295312 ],
						[ 76.2771849975, 9.9137521324 ],
						[ 76.277240893, 9.9137602407 ],
						[ 76.2772415785, 9.9137603401 ],
						[ 76.2772470403, 9.9137603963 ],
						[ 76.2772601908, 9.9137605315 ],
						[ 76.2773884827, 9.9137618511 ],
						[ 76.27742143, 9.91376219 ],
						[ 76.2774420677, 9.9137624023 ],
						[ 76.2775284054, 9.9137632904 ],
						[ 76.2775306406, 9.9137633134 ],
						[ 76.2775328046, 9.9137633356 ],
						[ 76.2775696919, 9.9137724344 ],
						[ 76.2776308951, 9.9137875311 ],
						[ 76.2776433781, 9.9137906102 ],
						[ 76.2776441899, 9.9137906756 ],
						[ 76.2776442159, 9.9137906777 ],
						[ 76.2776496842, 9.9137911179 ],
						[ 76.2776774996, 9.9137933574 ],
						[ 76.2778035106, 9.9138035026 ],
						[ 76.2778277638, 9.9138054553 ],
						[ 76.2779181939, 9.9138127359 ],
						[ 76.2779552559, 9.9138155978 ],
						[ 76.2779737622, 9.9138170268 ],
						[ 76.2781047597, 9.9138271421 ],
						[ 76.2781162925, 9.9138280326 ],
						[ 76.2781243494, 9.9138286547 ],
						[ 76.2781846909, 9.9138333142 ],
						[ 76.2781847344, 9.9138333175 ],
						[ 76.278229184, 9.9138367498 ],
						[ 76.2782435838, 9.9138378617 ],
						[ 76.2781827691, 9.9140894102 ],
						[ 76.2781649896, 9.914131145 ],
						[ 76.2781192676, 9.9142384706 ],
						[ 76.2781098587, 9.9142630474 ],
						[ 76.2780033866, 9.9145411611 ],
						[ 76.2778734276, 9.914861046 ],
						[ 76.2778488967, 9.914921427 ],
						[ 76.2778246183, 9.9149991961 ],
						[ 76.2777540634, 9.915225199 ],
						[ 76.277682431, 9.9153898329 ],
						[ 76.2775477485, 9.9156643691 ],
						[ 76.2774886559, 9.9157458797 ],
						[ 76.2774628023, 9.9157815415 ],
						[ 76.2774050166, 9.9158641088 ],
						[ 76.2773266784, 9.9159760429 ],
						[ 76.2773260934, 9.9159785357 ],
						[ 76.2772946993, 9.9161123303 ],
						[ 76.277262561, 9.916226513 ],
						[ 76.2772277009, 9.9163503656 ],
						[ 76.2772138108, 9.9164090443 ],
						[ 76.2771733888, 9.9165798066 ],
						[ 76.2771712263, 9.9165889419 ],
						[ 76.2771402306, 9.9167319201 ],
						[ 76.2771389971, 9.91673761 ],
						[ 76.2771424834, 9.9168173496 ],
						[ 76.2771102542, 9.9169660176 ],
						[ 76.2770511807, 9.9172451996 ],
						[ 76.2770397608, 9.9172991699 ],
						[ 76.2770251982, 9.917359473 ],
						[ 76.2769198807, 9.917795588 ],
						[ 76.2769260964, 9.9177953317 ],
						[ 76.2770119883, 9.9177917892 ],
						[ 76.2771357216, 9.9177866859 ],
						[ 76.2771748354, 9.9177850727 ],
						[ 76.2772521011, 9.9177834096 ],
						[ 76.277369072, 9.9177808918 ],
						[ 76.2774834949, 9.9177784289 ],
						[ 76.2774860161, 9.9177783746 ],
						[ 76.2775344453, 9.9177751601 ],
						[ 76.2776393822, 9.9177681947 ],
						[ 76.2777555427, 9.9177446568 ],
						[ 76.2777615444, 9.9177434406 ],
						[ 76.2777665241, 9.917742371 ],
						[ 76.2779811741, 9.9176962633 ],
						[ 76.2780312377, 9.9176855094 ],
						[ 76.2781195228, 9.9176630843 ],
						[ 76.2782481139, 9.9176304211 ],
						[ 76.2782524967, 9.9176303609 ],
						[ 76.2782524971, 9.9176303609 ],
						[ 76.2782524971, 9.9176303609 ],
						[ 76.2783761111, 9.9176286642 ],
						[ 76.2783856782, 9.9176288091 ],
						[ 76.2785193795, 9.9176308331 ],
						[ 76.2786487641, 9.9176327918 ],
						[ 76.2787794446, 9.9176347701 ],
						[ 76.2788102607, 9.9176352366 ],
						[ 76.2788669974, 9.9176321827 ],
						[ 76.2789799118, 9.9176261049 ],
						[ 76.2789951204, 9.9176252863 ],
						[ 76.2790643915, 9.9176148764 ],
						[ 76.2791640035, 9.917599907 ],
						[ 76.27926671, 9.9175746207 ],
						[ 76.2792865879, 9.9175697268 ],
						[ 76.2794142146, 9.917537821 ],
						[ 76.2794301087, 9.9175338476 ],
						[ 76.2795614074, 9.9175052175 ],
						[ 76.279575168, 9.9175022169 ],
						[ 76.2796822775, 9.9174778427 ],
						[ 76.2796896329, 9.9174755899 ],
						[ 76.279746501, 9.9174581726 ],
						[ 76.2797925301, 9.9174440751 ],
						[ 76.2798355106, 9.917430557 ],
						[ 76.2798974511, 9.9174110756 ],
						[ 76.2800214227, 9.9173780133 ],
						[ 76.2800368292, 9.9174267543 ],
						[ 76.2800376563, 9.9174333171 ],
						[ 76.2800419198, 9.9174671472 ],
						[ 76.2800436011, 9.9175123928 ],
						[ 76.2800437373, 9.9175160582 ],
						[ 76.2800296686, 9.9175618939 ],
						[ 76.2800022687, 9.9176463067 ],
						[ 76.2799685186, 9.9177307404 ],
						[ 76.2799286167, 9.9177615234 ],
						[ 76.2798434068, 9.917817435 ],
						[ 76.2798343353, 9.9178233874 ],
						[ 76.2798039398, 9.9178624763 ],
						[ 76.2798034214, 9.9178697059 ],
						[ 76.279800828, 9.9179058733 ],
						[ 76.2798003089, 9.9179131123 ],
						[ 76.2798188125, 9.9179344727 ],
						[ 76.279826764, 9.9179438575 ],
						[ 76.2798798947, 9.9180065648 ],
						[ 76.2798804966, 9.9180072752 ],
						[ 76.2798805753, 9.9180077397 ],
						[ 76.2798843011, 9.918029729 ],
						[ 76.2798974144, 9.9181071225 ],
						[ 76.2799035997, 9.9181449527 ],
						[ 76.2799217295, 9.9182558361 ],
						[ 76.2799277895, 9.9182928995 ],
						[ 76.2799381688, 9.9183578232 ],
						[ 76.2799553326, 9.9184651849 ],
						[ 76.2799571828, 9.9184767584 ],
						[ 76.2799651851, 9.9185124418 ],
						[ 76.2799695604, 9.9185319524 ],
						[ 76.2799777301, 9.9185496387 ],
						[ 76.2799808582, 9.9185564105 ],
						[ 76.279997369, 9.9185793515 ],
						[ 76.2800036878, 9.9185881311 ],
						[ 76.2800119255, 9.9185960227 ],
						[ 76.2800197232, 9.9186034927 ],
						[ 76.2800223747, 9.9186060328 ],
						[ 76.2800401349, 9.9186130112 ],
						[ 76.2800504975, 9.9186170829 ],
						[ 76.2800558123, 9.918615955 ],
						[ 76.2801000945, 9.9186065572 ],
						[ 76.280127184, 9.9185961443 ],
						[ 76.2802463435, 9.9185503408 ],
						[ 76.2803430618, 9.9185131635 ],
						[ 76.2803576128, 9.918507555 ],
						[ 76.280462254, 9.9184672227 ],
						[ 76.280570513, 9.9184254959 ],
						[ 76.2806004926, 9.9184139407 ],
						[ 76.2806370447, 9.9183983125 ],
						[ 76.2806608457, 9.9183881361 ],
						[ 76.2807095951, 9.9183680947 ],
						[ 76.2807096785, 9.9183680884 ],
						[ 76.2807413495, 9.9183657112 ],
						[ 76.2807473082, 9.9183652639 ],
						[ 76.2807666558, 9.9183684267 ],
						[ 76.2807676552, 9.9183693421 ],
						[ 76.280785739, 9.9183859069 ],
						[ 76.2807915649, 9.9183912435 ],
						[ 76.2808222287, 9.9184263681 ],
						[ 76.2808238661, 9.9184282438 ],
						[ 76.2808500818, 9.9184624017 ],
						[ 76.2808510671, 9.9184653473 ],
						[ 76.2808513153, 9.9184660895 ],
						[ 76.2808583005, 9.9184869722 ],
						[ 76.280859604, 9.9184908689 ],
						[ 76.2808927066, 9.9185557114 ],
						[ 76.2808930872, 9.9185560277 ],
						[ 76.2809025387, 9.9185638844 ],
						[ 76.2809139667, 9.918573384 ],
						[ 76.2809145212, 9.9185738449 ],
						[ 76.2809149864, 9.9185739895 ],
						[ 76.2809287667, 9.9185782738 ],
						[ 76.2810451731, 9.9185558936 ],
						[ 76.2811138103, 9.9185426975 ],
						[ 76.2811138265, 9.9185427368 ],
						[ 76.2811273517, 9.9185755781 ],
						[ 76.2811475413, 9.9186246015 ],
						[ 76.281168313, 9.9186750385 ],
						[ 76.2811875603, 9.9187217738 ],
						[ 76.2811876183, 9.9187221644 ],
						[ 76.2811876461, 9.9187223516 ],
						[ 76.2811925298, 9.9187552388 ],
						[ 76.2812018494, 9.9188179975 ],
						[ 76.2812103631, 9.9188753299 ],
						[ 76.2812103913, 9.9188755195 ],
						[ 76.2812042458, 9.9189474386 ],
						[ 76.2812048089, 9.9189471737 ],
						[ 76.2812048826, 9.918947139 ],
						[ 76.2811918318, 9.9190163178 ],
						[ 76.2811918281, 9.9190163376 ],
						[ 76.2811999094, 9.9190199567 ],
						[ 76.2812291447, 9.9190330493 ],
						[ 76.2812570886, 9.9190455636 ],
						[ 76.2812571095, 9.9190455729 ],
						[ 76.2812658346, 9.9190465946 ],
						[ 76.2812873191, 9.9190491103 ],
						[ 76.2813016848, 9.9190507925 ],
						[ 76.2813023767, 9.9190508735 ],
						[ 76.2813189513, 9.9190522629 ],
						[ 76.2813571975, 9.919055469 ],
						[ 76.2813572197, 9.9190554708 ],
						[ 76.2813326083, 9.9192158445 ],
						[ 76.2813319752, 9.9192199702 ],
						[ 76.2813338832, 9.9192243354 ],
						[ 76.2813499604, 9.919261117 ],
						[ 76.2813529239, 9.9192678968 ],
						[ 76.2813896537, 9.9193289516 ],
						[ 76.2813896537, 9.9193289516 ],
						[ 76.2813896537, 9.9193289516 ],
						[ 76.2814201795, 9.9193968242 ],
						[ 76.2814199515, 9.919397893 ],
						[ 76.2814011794, 9.9194858977 ],
						[ 76.28140133, 9.9194891508 ],
						[ 76.2814028415, 9.919521795 ],
						[ 76.2814055254, 9.9195797568 ],
						[ 76.2814083346, 9.9195960931 ],
						[ 76.2814166241, 9.9196442974 ],
						[ 76.2814202346, 9.9196594593 ],
						[ 76.2814427276, 9.9197539145 ],
						[ 76.2814447894, 9.9197625726 ],
						[ 76.2814862356, 9.9199430847 ],
						[ 76.2814725898, 9.9201265621 ],
						[ 76.2814713677, 9.9201328193 ],
						[ 76.2814659936, 9.9201603337 ],
						[ 76.2814438935, 9.9202854949 ],
						[ 76.2814438935, 9.9202854949 ],
						[ 76.2814438935, 9.9202854949 ],
						[ 76.2814407655, 9.9203032102 ],
						[ 76.2814246903, 9.920395536 ],
						[ 76.2814181296, 9.9204397456 ],
						[ 76.281418287, 9.920442788 ],
						[ 76.2814198407, 9.9204728093 ],
						[ 76.2814200199, 9.9204762727 ],
						[ 76.2814237914, 9.9205050694 ],
						[ 76.2814333509, 9.9205589296 ],
						[ 76.2814344136, 9.9205649169 ],
						[ 76.2809574197, 9.9205416474 ],
						[ 76.2809005702, 9.9205119089 ],
						[ 76.2808534229, 9.920503369 ],
						[ 76.2807950653, 9.9205020936 ],
						[ 76.2807842661, 9.920504935 ],
						[ 76.2807611613, 9.920511014 ],
						[ 76.280729781, 9.9205203778 ],
						[ 76.2803741114, 9.9205711482 ],
						[ 76.2796794157, 9.9206597825 ],
						[ 76.2795794693, 9.9206653414 ],
						[ 76.2795358942, 9.9206690815 ],
						[ 76.2793523877, 9.9207103726 ],
						[ 76.2794993066, 9.9210079056 ],
						[ 76.2795745785, 9.9211600675 ],
						[ 76.2796315212, 9.9212660613 ],
						[ 76.2798433517, 9.9214853636 ],
						[ 76.2799145543, 9.9215378154 ],
						[ 76.2799616801, 9.9215424845 ],
						[ 76.2801322935, 9.9215332436 ],
						[ 76.2801937036, 9.9218733616 ],
						[ 76.2802327426, 9.922246962 ],
						[ 76.2802328071, 9.9222580071 ],
						[ 76.2799532743, 9.9222420347 ],
						[ 76.2799408473, 9.9222414483 ],
						[ 76.279680702, 9.9222291728 ],
						[ 76.2796116148, 9.9222259127 ],
						[ 76.2795621718, 9.9222298515 ],
						[ 76.2795235715, 9.9222329266 ],
						[ 76.2794997638, 9.9222348232 ],
						[ 76.2793291966, 9.9222172301 ],
						[ 76.2791849914, 9.922183581 ],
						[ 76.2791525555, 9.9221760124 ],
						[ 76.2791161759, 9.9221675235 ],
						[ 76.2789460994, 9.9221471327 ],
						[ 76.2788362815, 9.9221339664 ],
						[ 76.2787795945, 9.92212717 ],
						[ 76.278704778, 9.9221207386 ],
						[ 76.2786804709, 9.9221186492 ],
						[ 76.2784559825, 9.9220993516 ],
						[ 76.2784415513, 9.922098111 ],
						[ 76.2783318703, 9.9220893248 ],
						[ 76.2783317693, 9.9220893167 ],
						[ 76.2780660569, 9.9220680311 ],
						[ 76.2780628897, 9.9220677774 ],
						[ 76.2780194983, 9.9220646857 ],
						[ 76.2780094554, 9.9220639701 ],
						[ 76.278009406, 9.9220639666 ],
						[ 76.2777260779, 9.9220437788 ],
						[ 76.2777107386, 9.9220426859 ],
						[ 76.2776151138, 9.9220465353 ],
						[ 76.2775706795, 9.922048324 ],
						[ 76.2774569476, 9.9220529023 ],
						[ 76.277277786, 9.9220629414 ],
						[ 76.2772777675, 9.9220629425 ],
						[ 76.2770606026, 9.922075111 ],
						[ 76.2770461342, 9.9220759217 ],
						[ 76.2769452297, 9.9220829504 ],
						[ 76.276722778, 9.9220984456 ],
						[ 76.2764329214, 9.92210222 ],
						[ 76.2762958159, 9.9220811768 ],
						[ 76.2760911322, 9.9220420823 ],
						[ 76.2756459427, 9.9219555688 ],
						[ 76.2755703784, 9.9219386934 ],
						[ 76.2753230387, 9.9218834559 ],
						[ 76.2752741024, 9.9218725272 ],
						[ 76.2752636518, 9.9218707101 ],
						[ 76.2750539334, 9.9218342471 ],
						[ 76.2749968003, 9.9218243135 ],
						[ 76.2748108218, 9.9217792415 ],
						[ 76.2746872783, 9.9217493006 ],
						[ 76.2746691569, 9.9217449088 ],
						[ 76.2746634759, 9.921744051 ],
						[ 76.2745230664, 9.921722849 ],
						[ 76.2745186743, 9.9217221858 ],
						[ 76.2743125681, 9.9216950213 ],
						[ 76.2742112453, 9.921681667 ],
						[ 76.2739682861, 9.9216495557 ],
						[ 76.2739210153, 9.921643308 ],
						[ 76.2735153065, 9.9215569595 ],
						[ 76.2735152767, 9.9215569531 ],
						[ 76.273520532, 9.9215442058 ],
						[ 76.2735575056, 9.9214545202 ],
						[ 76.273586113, 9.9213850573 ],
						[ 76.2736391998, 9.9212561547 ],
						[ 76.2736478794, 9.9212350791 ],
						[ 76.2736717071, 9.9211818563 ],
						[ 76.2737667162, 9.9209696388 ],
						[ 76.2737948334, 9.9209068346 ],
						[ 76.2737982368, 9.9208997178 ],
						[ 76.2738501859, 9.9207910892 ],
						[ 76.2739220102, 9.9206409003 ],
						[ 76.2739560553, 9.92056971 ],
						[ 76.2739575501, 9.9205663529 ],
						[ 76.2739923021, 9.9204883075 ],
						[ 76.2740339786, 9.920394711 ],
						[ 76.2741147907, 9.920207236 ],
						[ 76.2741242783, 9.9201852257 ],
						[ 76.2741602116, 9.9201018644 ],
						[ 76.2742012166, 9.9200166761 ],
						[ 76.2742041591, 9.920010563 ],
						[ 76.2742745994, 9.9198642227 ],
						[ 76.2743005051, 9.9198104033 ],
						[ 76.2743488173, 9.9197035256 ],
						[ 76.274356741, 9.9196859967 ],
						[ 76.2743648593, 9.9196680371 ],
						[ 76.274381092, 9.9196321267 ],
						[ 76.2744138838, 9.9195595837 ],
						[ 76.2744465076, 9.9194874123 ],
						[ 76.2744500958, 9.9194782054 ],
						[ 76.2745008755, 9.9193479112 ],
						[ 76.2745046235, 9.9193382942 ],
						[ 76.27450748, 9.9193309648 ],
						[ 76.2745242868, 9.9192878406 ],
						[ 76.2745505143, 9.9192205442 ],
						[ 76.2745606237, 9.9191946048 ],
						[ 76.2746102014, 9.9190806061 ],
						[ 76.2746433373, 9.9190044138 ],
						[ 76.2746661809, 9.9189518873 ],
						[ 76.2746935983, 9.9188888439 ],
						[ 76.2747750145, 9.9186953126 ],
						[ 76.2747825349, 9.9186774362 ],
						[ 76.2748376673, 9.9185463831 ],
						[ 76.2748395195, 9.9185419803 ],
						[ 76.2748871507, 9.918416626 ],
						[ 76.2748908313, 9.9184069395 ],
						[ 76.2748954453, 9.9183947964 ],
						[ 76.2749093672, 9.9183581572 ],
						[ 76.2749363732, 9.9182870837 ],
						[ 76.27495964, 9.9182258508 ],
						[ 76.2749619386, 9.918221187 ],
						[ 76.2749622032, 9.9182206501 ],
						[ 76.2750241459, 9.918094972 ]
					]
				]
			},
			"properties" : {
				"gml_id" : "Ernakulam_editor.fid-f0aec0d_192a2341ec3_401e",
				"geom" : null,
				"District" : "Ernakulam",
				"LSGD" : "Cochin",
				"Ward_Name" : "PALLURUTHY EAST",
				"Ward_No" : 56,
				"Lsgd_Type" : "Corporation",
				"Created_Da" : "2024-10-21T14:25:08.292Z",
				"Surveyor" : "Jibin K",
				"Mob_No" : "9946674644",
				"Remarks" : "Palluruthy East",
				"Q__result" : "ErnakulamLocked.Cochin56",
				"Q__timesta" : "20250528",
				"_result" : "Ernakulam_Cochin",
				"OBJECTID" : 1131,
				"gml_parent_id" : null,
				"gml_parent_property" : "featureMembers",
				"Created_Date" : "2024-10-22T08:33:36.003Z",
				"_ulid" : "01JBBD7151DY27T8X2GJ2ZD40P"
			}
		},
		{
			"type" : "Feature",
			"geometry" : {
				"type" : "Polygon",
				"coordinates" : [
					[
						[ 76.3300765268, 9.9997335373 ],
						[ 76.3302623533, 9.9997062434 ],
						[ 76.3302966829, 9.9996995053 ],
						[ 76.3306407888, 9.9996319651 ],
						[ 76.3306433318, 9.999631466 ],
						[ 76.3306668756, 9.9998199037 ],
						[ 76.3306803906, 9.999984033 ],
						[ 76.3306356169, 10.0002695795 ],
						[ 76.3304256043, 10.0003547622 ],
						[ 76.3301432046, 10.0004843418 ],
						[ 76.330052728, 10.0005056446 ],
						[ 76.3299966564, 10.0005196269 ],
						[ 76.3298811596, 10.0005236947 ],
						[ 76.3298835714, 10.000544516 ],
						[ 76.3298264178, 10.0005601249 ],
						[ 76.3296866425, 10.0006074884 ],
						[ 76.3293272185, 10.0007418873 ],
						[ 76.3286626908, 10.0013126078 ],
						[ 76.3281566926, 10.0020414006 ],
						[ 76.3277317559, 10.0027782654 ],
						[ 76.3273707388, 10.0034597832 ],
						[ 76.3271572326, 10.0039350893 ],
						[ 76.3269810852, 10.0042096791 ],
						[ 76.3268156953, 10.0042786504 ],
						[ 76.3262998645, 10.0043518653 ],
						[ 76.3259439181, 10.0043319611 ],
						[ 76.3258830614, 10.0043233996 ],
						[ 76.325764132, 10.0042963253 ],
						[ 76.3254293412, 10.0042224641 ],
						[ 76.3251005172, 10.0040945534 ],
						[ 76.324926218, 10.0040088479 ],
						[ 76.3247674754, 10.003936732 ],
						[ 76.3244094778, 10.0037802035 ],
						[ 76.3243039117, 10.0037211669 ],
						[ 76.3241636092, 10.0036461389 ],
						[ 76.3238198651, 10.0035732373 ],
						[ 76.323692204, 10.003607771 ],
						[ 76.3235884903, 10.0037016893 ],
						[ 76.3235649246, 10.0038863889 ],
						[ 76.3235580559, 10.0039423121 ],
						[ 76.3235485827, 10.0040027555 ],
						[ 76.3235509448, 10.0041498207 ],
						[ 76.3235540691, 10.0044376906 ],
						[ 76.3235561791, 10.0045498032 ],
						[ 76.3235593538, 10.0045990321 ],
						[ 76.3235834595, 10.0046886044 ],
						[ 76.3236124452, 10.0047853091 ],
						[ 76.3236856511, 10.0050753324 ],
						[ 76.3237729146, 10.0052886144 ],
						[ 76.3238130026, 10.0056605307 ],
						[ 76.3237810838, 10.0057938829 ],
						[ 76.3237534295, 10.0060039247 ],
						[ 76.3235238607, 10.0063362911 ],
						[ 76.3235558327, 10.0062798312 ],
						[ 76.3234273198, 10.0063911199 ],
						[ 76.3232981866, 10.0064465293 ],
						[ 76.3230713551, 10.0064916432 ],
						[ 76.322822258, 10.0065235583 ],
						[ 76.3223125944, 10.0065472964 ],
						[ 76.3218029536, 10.0065591189 ],
						[ 76.321033515, 10.0065399472 ],
						[ 76.3206792782, 10.0067455569 ],
						[ 76.3204304436, 10.0070715623 ],
						[ 76.3202870114, 10.007517963 ],
						[ 76.3202079441, 10.0080216541 ],
						[ 76.3202155599, 10.0086308497 ],
						[ 76.3201923646, 10.0090815055 ],
						[ 76.3201176203, 10.0094667873 ],
						[ 76.3199642473, 10.0101063223 ],
						[ 76.3197652284, 10.0107034553 ],
						[ 76.3195607448, 10.0110281816 ],
						[ 76.3193444547, 10.0113069628 ],
						[ 76.3190766156, 10.0115203709 ],
						[ 76.3185098408, 10.0116909464 ],
						[ 76.3179332783, 10.0117075228 ],
						[ 76.3176809978, 10.0116530637 ],
						[ 76.3174622712, 10.0114973575 ],
						[ 76.3170983997, 10.0112018289 ],
						[ 76.3165666267, 10.0109676969 ],
						[ 76.3160692638, 10.0109254266 ],
						[ 76.3158457757, 10.0111375598 ],
						[ 76.315777944, 10.0114917843 ],
						[ 76.3157200798, 10.0117411685 ],
						[ 76.3156834126, 10.0120607661 ],
						[ 76.315693704, 10.0121319672 ],
						[ 76.3158336908, 10.0128348009 ],
						[ 76.3159941589, 10.0136024301 ],
						[ 76.3160753147, 10.0139821343 ],
						[ 76.3160823248, 10.0143801919 ],
						[ 76.3160039253, 10.0146907098 ],
						[ 76.3157954068, 10.0154642802 ],
						[ 76.3156067014, 10.0165007648 ],
						[ 76.3154548243, 10.0166315149 ],
						[ 76.3151658182, 10.0168272609 ],
						[ 76.314803436, 10.016920845 ],
						[ 76.3145178126, 10.0168673407 ],
						[ 76.3138917261, 10.0166535816 ],
						[ 76.3132221653, 10.0165165687 ],
						[ 76.3125649421, 10.0165977448 ],
						[ 76.3123158248, 10.0168107871 ],
						[ 76.3121511447, 10.0170766756 ],
						[ 76.3118645906, 10.0177298249 ],
						[ 76.3118269509, 10.0180147243 ],
						[ 76.3117899198, 10.0187652448 ],
						[ 76.3117044102, 10.0192512447 ],
						[ 76.311550037, 10.0196462448 ],
						[ 76.31151471, 10.0197255774 ],
						[ 76.3114343865, 10.0198430144 ],
						[ 76.3112770804, 10.0200760238 ],
						[ 76.3111450165, 10.0204696854 ],
						[ 76.3110557588, 10.0209847182 ],
						[ 76.3108329576, 10.0214707043 ],
						[ 76.3107399833, 10.0217210549 ],
						[ 76.3106839798, 10.0219107654 ],
						[ 76.3106508747, 10.0221153738 ],
						[ 76.3106203765, 10.0223256078 ],
						[ 76.3106136759, 10.0225161858 ],
						[ 76.3106285223, 10.0226202918 ],
						[ 76.3106221329, 10.0227436691 ],
						[ 76.3106143793, 10.0229970921 ],
						[ 76.3105819728, 10.0231782563 ],
						[ 76.3105476926, 10.0232617812 ],
						[ 76.3104473672, 10.0233862088 ],
						[ 76.3101842062, 10.0237776961 ],
						[ 76.3100029345, 10.0241175503 ],
						[ 76.3097971104, 10.0245334684 ],
						[ 76.3095318294, 10.0248507212 ],
						[ 76.3093069382, 10.0250350517 ],
						[ 76.3091869094, 10.025130609 ],
						[ 76.3089165939, 10.0252927039 ],
						[ 76.3086266293, 10.0254613725 ],
						[ 76.3083523587, 10.0250137855 ],
						[ 76.3081514025, 10.0246754412 ],
						[ 76.3080630068, 10.0245266116 ],
						[ 76.3080629367, 10.0245264935 ],
						[ 76.3080644173, 10.0245248356 ],
						[ 76.3080857945, 10.024500899 ],
						[ 76.3083440864, 10.0242116835 ],
						[ 76.3083555528, 10.0241974599 ],
						[ 76.3085463447, 10.0239607873 ],
						[ 76.3085868226, 10.0239146603 ],
						[ 76.3089026404, 10.0235547667 ],
						[ 76.3089045542, 10.0235524267 ],
						[ 76.3090725691, 10.0233469915 ],
						[ 76.3093203379, 10.0230440394 ],
						[ 76.3093372649, 10.0230187886 ],
						[ 76.3096760701, 10.022513377 ],
						[ 76.3096886998, 10.0224945367 ],
						[ 76.3097906378, 10.0223092894 ],
						[ 76.309937839, 10.0220417873 ],
						[ 76.3099404235, 10.0220364093 ],
						[ 76.3099826556, 10.0219485322 ],
						[ 76.3101185795, 10.0216656999 ],
						[ 76.3101268767, 10.0216434022 ],
						[ 76.3102355389, 10.0213513869 ],
						[ 76.3103655598, 10.0210019726 ],
						[ 76.3104628492, 10.0207405197 ],
						[ 76.310465508, 10.0207333745 ],
						[ 76.310501755, 10.0206000551 ],
						[ 76.3105974816, 10.0202479644 ],
						[ 76.3106088794, 10.0202060422 ],
						[ 76.3106362949, 10.020068405 ],
						[ 76.3107235568, 10.0196303133 ],
						[ 76.3108262379, 10.0190237713 ],
						[ 76.3108316768, 10.0189916438 ],
						[ 76.3108683371, 10.0187194321 ],
						[ 76.3108926884, 10.0185386183 ],
						[ 76.3109387616, 10.0182068119 ],
						[ 76.3109509945, 10.0181187143 ],
						[ 76.3110318084, 10.0175913425 ],
						[ 76.3110774338, 10.0172936017 ],
						[ 76.3110929728, 10.0172003482 ],
						[ 76.3110929809, 10.0172003 ],
						[ 76.3111869676, 10.0166362641 ],
						[ 76.3111956567, 10.0165843688 ],
						[ 76.3112904895, 10.0160179814 ],
						[ 76.3113131179, 10.0158828335 ],
						[ 76.3113589549, 10.0155203407 ],
						[ 76.3113739323, 10.0154018948 ],
						[ 76.3113859779, 10.0153173461 ],
						[ 76.3114553005, 10.0148307671 ],
						[ 76.311517273, 10.0144487084 ],
						[ 76.3115466222, 10.0142677713 ],
						[ 76.3116167522, 10.0137944346 ],
						[ 76.3117163298, 10.0131765565 ],
						[ 76.3118225206, 10.0125812073 ],
						[ 76.311912093, 10.0120179029 ],
						[ 76.3120269158, 10.0113178451 ],
						[ 76.3121033506, 10.0108081909 ],
						[ 76.3122197057, 10.0101349698 ],
						[ 76.3123208762, 10.0094428304 ],
						[ 76.3124407452, 10.008674673 ],
						[ 76.3125437402, 10.0080176346 ],
						[ 76.3126580614, 10.0071337736 ],
						[ 76.3127760562, 10.0063377714 ],
						[ 76.312869136, 10.0057356702 ],
						[ 76.3129847503, 10.0050270675 ],
						[ 76.3129851636, 10.0050245341 ],
						[ 76.3129857923, 10.0050206811 ],
						[ 76.3129858434, 10.0050204701 ],
						[ 76.3129863224, 10.0050184948 ],
						[ 76.313173491, 10.0042465131 ],
						[ 76.3132234151, 10.0040405995 ],
						[ 76.3132323625, 10.0040036959 ],
						[ 76.3132993775, 10.0035706697 ],
						[ 76.3133600415, 10.003178681 ],
						[ 76.3134376255, 10.0026506317 ],
						[ 76.3134426999, 10.0026160946 ],
						[ 76.3134431391, 10.0026131053 ],
						[ 76.3135307852, 10.0020047152 ],
						[ 76.3135699592, 10.0017327915 ],
						[ 76.313670138, 10.0011644172 ],
						[ 76.3136912061, 10.0010349115 ],
						[ 76.3137684678, 10.0005599832 ],
						[ 76.3138738135, 9.9998500841 ],
						[ 76.3139670221, 9.9992834435 ],
						[ 76.3140562704, 9.9987937499 ],
						[ 76.314136614, 9.9982405392 ],
						[ 76.3142229378, 9.9977048276 ],
						[ 76.3143075829, 9.9971914453 ],
						[ 76.3144205416, 9.9965804365 ],
						[ 76.3145307463, 9.9959817994 ],
						[ 76.3146400919, 9.9953278647 ],
						[ 76.3147496538, 9.9946285899 ],
						[ 76.3148657533, 9.9940182543 ],
						[ 76.3149674004, 9.9934067507 ],
						[ 76.3150085665, 9.9931726112 ],
						[ 76.3150482448, 9.9929390303 ],
						[ 76.3150484146, 9.9929390725 ],
						[ 76.3150670736, 9.9929437111 ],
						[ 76.3151635394, 9.9929660972 ],
						[ 76.3152302738, 9.9929815838 ],
						[ 76.315240793, 9.9929840249 ],
						[ 76.315383981, 9.9930505965 ],
						[ 76.3154728153, 9.9931020832 ],
						[ 76.3156793964, 9.9932218135 ],
						[ 76.3158593663, 9.9932958635 ],
						[ 76.3160361136, 9.9933891309 ],
						[ 76.3163462855, 9.9935667173 ],
						[ 76.316566254, 9.9936631843 ],
						[ 76.316713751, 9.9936991215 ],
						[ 76.3168774734, 9.9937445731 ],
						[ 76.3170157083, 9.993827686 ],
						[ 76.3171465959, 9.9938719988 ],
						[ 76.3171607701, 9.9938766072 ],
						[ 76.3171704613, 9.9938797581 ],
						[ 76.3174136546, 9.9939588276 ],
						[ 76.3174727788, 9.9939831476 ],
						[ 76.3176962189, 9.9940750567 ],
						[ 76.3178792839, 9.9941607055 ],
						[ 76.3179885448, 9.9941696892 ],
						[ 76.3182851359, 9.9941696549 ],
						[ 76.3184455975, 9.994201948 ],
						[ 76.3185598757, 9.9942640299 ],
						[ 76.3187847976, 9.9943875958 ],
						[ 76.3191919289, 9.9945765587 ],
						[ 76.3197445645, 9.9947612596 ],
						[ 76.3200540518, 9.9948578917 ],
						[ 76.3202266301, 9.9948831225 ],
						[ 76.3202520817, 9.9948868435 ],
						[ 76.320277111, 9.9948905064 ],
						[ 76.3202771554, 9.9948905092 ],
						[ 76.3202216966, 9.9949656045 ],
						[ 76.3200906434, 9.9951696774 ],
						[ 76.3199689965, 9.9953419222 ],
						[ 76.3199504523, 9.9953663058 ],
						[ 76.3198543815, 9.9954926278 ],
						[ 76.3198310772, 9.9955231649 ],
						[ 76.3198268025, 9.9955287662 ],
						[ 76.3197947445, 9.9955707736 ],
						[ 76.3197723458, 9.9956157379 ],
						[ 76.3197692665, 9.9956219195 ],
						[ 76.3197029431, 9.9957636382 ],
						[ 76.3195547786, 9.9960780074 ],
						[ 76.319516817, 9.9961682035 ],
						[ 76.3194329875, 9.9963898999 ],
						[ 76.3193336802, 9.9966821112 ],
						[ 76.3192413688, 9.9968769367 ],
						[ 76.3192158656, 9.9969307618 ],
						[ 76.3191560096, 9.9970316094 ],
						[ 76.319096814, 9.9971411675 ],
						[ 76.3190453759, 9.9972319349 ],
						[ 76.3190230211, 9.9972713819 ],
						[ 76.3190195706, 9.9972786755 ],
						[ 76.3188959416, 9.9975399943 ],
						[ 76.3188270093, 9.9976897508 ],
						[ 76.3187815173, 9.9977430007 ],
						[ 76.318738008, 9.9977958479 ],
						[ 76.3186356881, 9.9978620163 ],
						[ 76.318632118, 9.9978648441 ],
						[ 76.3186256426, 9.9978690768 ],
						[ 76.3185926776, 9.9978906245 ],
						[ 76.3185882974, 9.9978953247 ],
						[ 76.3185626678, 9.9979228264 ],
						[ 76.3185603763, 9.9979252853 ],
						[ 76.318549194, 9.9979543676 ],
						[ 76.3185445651, 9.9979664063 ],
						[ 76.3185395393, 9.997979685 ],
						[ 76.3185350988, 9.9979914176 ],
						[ 76.318534856, 9.997991966 ],
						[ 76.3184412045, 9.9982035454 ],
						[ 76.3183623023, 9.9984050377 ],
						[ 76.3183384105, 9.9984766497 ],
						[ 76.3182617328, 9.9986610759 ],
						[ 76.3181525812, 9.9989470143 ],
						[ 76.3181186401, 9.9990167028 ],
						[ 76.3179151034, 9.9994401411 ],
						[ 76.3179104542, 9.9994508784 ],
						[ 76.3177270334, 9.9998744873 ],
						[ 76.3177071678, 9.9999201067 ],
						[ 76.3175511405, 10.0002784083 ],
						[ 76.3175131415, 10.0003741184 ],
						[ 76.3173927798, 10.0006772799 ],
						[ 76.3172356846, 10.0010939804 ],
						[ 76.3172326186, 10.001102113 ],
						[ 76.3174093548, 10.0011478545 ],
						[ 76.3174241178, 10.0011516753 ],
						[ 76.3176317064, 10.0012095681 ],
						[ 76.3178663759, 10.0012890027 ],
						[ 76.3180064655, 10.0013330828 ],
						[ 76.3180642665, 10.0013512703 ],
						[ 76.318066483, 10.0013517006 ],
						[ 76.318371288, 10.001410884 ],
						[ 76.3185592994, 10.0014473897 ],
						[ 76.3185664003, 10.0014487685 ],
						[ 76.3189346299, 10.0014674776 ],
						[ 76.3191031909, 10.0014760241 ],
						[ 76.3192800682, 10.0015141736 ],
						[ 76.3194017143, 10.0015388803 ],
						[ 76.3195102544, 10.0015759312 ],
						[ 76.3195474426, 10.0016038575 ],
						[ 76.3196712882, 10.0016968588 ],
						[ 76.3198767197, 10.001823989 ],
						[ 76.3199959827, 10.0018977943 ],
						[ 76.3201924091, 10.0020369653 ],
						[ 76.3202227093, 10.0020584334 ],
						[ 76.3203029466, 10.0021500859 ],
						[ 76.320336389, 10.002188286 ],
						[ 76.3204910258, 10.0023525104 ],
						[ 76.3205147022, 10.0023667896 ],
						[ 76.3207053006, 10.0024817397 ],
						[ 76.3210020836, 10.002647928 ],
						[ 76.3211071571, 10.0027038408 ],
						[ 76.3212947159, 10.0028036463 ],
						[ 76.3216334308, 10.0029852689 ],
						[ 76.3218170809, 10.0030766921 ],
						[ 76.3219164064, 10.0031261374 ],
						[ 76.3221718445, 10.0032614708 ],
						[ 76.3221846961, 10.0032682797 ],
						[ 76.322184821, 10.0032681051 ],
						[ 76.322189271, 10.0032618862 ],
						[ 76.3222494185, 10.0031874672 ],
						[ 76.3223916835, 10.0030114461 ],
						[ 76.3224518422, 10.0029189234 ],
						[ 76.3226099301, 10.0026757877 ],
						[ 76.3227229708, 10.0024868405 ],
						[ 76.3229234915, 10.0025642886 ],
						[ 76.3230966459, 10.0026311668 ],
						[ 76.3232887121, 10.0026717073 ],
						[ 76.3235251825, 10.0027221427 ],
						[ 76.3235442233, 10.0027199612 ],
						[ 76.3236663032, 10.0027059746 ],
						[ 76.3237322652, 10.0026955718 ],
						[ 76.3238604899, 10.0027071753 ],
						[ 76.3238726221, 10.0027082732 ],
						[ 76.3241047198, 10.0027906091 ],
						[ 76.3241281175, 10.0027989094 ],
						[ 76.3241493595, 10.0028058589 ],
						[ 76.3244781405, 10.002913423 ],
						[ 76.324527175, 10.0029294651 ],
						[ 76.3248441902, 10.0030610268 ],
						[ 76.3249414316, 10.003101382 ],
						[ 76.3251582353, 10.003186243 ],
						[ 76.3253635076, 10.0032665904 ],
						[ 76.3254920769, 10.003297699 ],
						[ 76.3256746295, 10.0033418694 ],
						[ 76.325681013, 10.003343414 ],
						[ 76.3256874119, 10.003283562 ],
						[ 76.3256946492, 10.0032158675 ],
						[ 76.3256785092, 10.0030097848 ],
						[ 76.3256780417, 10.0030038153 ],
						[ 76.325801614, 10.002778378 ],
						[ 76.3258019841, 10.0027777028 ],
						[ 76.3258324393, 10.0027856907 ],
						[ 76.3258545106, 10.0027914795 ],
						[ 76.3260575302, 10.0028390885 ],
						[ 76.3261902828, 10.0028702196 ],
						[ 76.3263056484, 10.0028912624 ],
						[ 76.3265571759, 10.0029371415 ],
						[ 76.3266768271, 10.002958966 ],
						[ 76.3267010774, 10.0029633351 ],
						[ 76.3267256971, 10.0029227156 ],
						[ 76.3267358845, 10.0029059075 ],
						[ 76.3267411697, 10.0029003616 ],
						[ 76.3267433096, 10.0028981162 ],
						[ 76.326743371, 10.0028980519 ],
						[ 76.3267401815, 10.0028406088 ],
						[ 76.3267383437, 10.002807509 ],
						[ 76.3267383093, 10.0028047699 ],
						[ 76.3267378854, 10.0027711125 ],
						[ 76.3267362885, 10.0026447792 ],
						[ 76.326745084, 10.0026130286 ],
						[ 76.3267858429, 10.002470255 ],
						[ 76.3268137516, 10.00236316 ],
						[ 76.3268870159, 10.0020939781 ],
						[ 76.3268982411, 10.0020001797 ],
						[ 76.326913787, 10.0018717835 ],
						[ 76.3269244606, 10.00183819 ],
						[ 76.3269343374, 10.00180971 ],
						[ 76.3269447092, 10.0017798024 ],
						[ 76.3269548593, 10.0017477224 ],
						[ 76.3269628919, 10.0017223346 ],
						[ 76.3269668686, 10.0017114474 ],
						[ 76.3270686507, 10.0016117918 ],
						[ 76.3271663207, 10.0015161623 ],
						[ 76.3271717378, 10.0015108585 ],
						[ 76.3272214988, 10.0014251758 ],
						[ 76.3272860639, 10.0013140024 ],
						[ 76.3273558539, 10.0011785569 ],
						[ 76.3274632049, 10.0009732345 ],
						[ 76.3276018166, 10.0006874268 ],
						[ 76.3276601867, 10.0005670717 ],
						[ 76.3276785794, 10.0004646251 ],
						[ 76.3276987877, 10.0003885701 ],
						[ 76.3277170675, 10.0003283952 ],
						[ 76.3278508804, 10.0001886688 ],
						[ 76.3279583006, 9.9999733029 ],
						[ 76.3280174963, 9.9998861675 ],
						[ 76.328018477, 9.999884724 ],
						[ 76.3282144074, 9.9999274798 ],
						[ 76.3283884053, 9.9999654495 ],
						[ 76.3283911748, 9.9999625338 ],
						[ 76.3284085404, 9.9999442517 ],
						[ 76.3284589213, 9.9998912116 ],
						[ 76.3284597095, 9.9998893177 ],
						[ 76.3285208929, 9.9997423097 ],
						[ 76.3285287613, 9.9997234041 ],
						[ 76.3285743054, 9.9994339353 ],
						[ 76.3286492757, 9.9994556537 ],
						[ 76.3290350955, 9.9995428849 ],
						[ 76.3294794692, 9.9996433548 ],
						[ 76.3297842948, 9.9996936308 ],
						[ 76.3298347725, 9.9997025818 ],
						[ 76.3299396182, 9.9997211737 ],
						[ 76.3300447144, 9.9997306645 ],
						[ 76.3300763805, 9.9997335241 ],
						[ 76.3300765268, 9.9997335373 ]
					]
				]
			},
			"properties" : {
				"gml_id" : "Ernakulam_editor.fid-f0aec0d_192a2341ec3_514c",
				"geom" : null,
				"District" : "Ernakulam",
				"LSGD" : "Cochin",
				"Ward_Name" : "PADIVATTAM",
				"Ward_No" : 37,
				"Lsgd_Type" : "Corporation",
				"Created_Da" : "2024-10-22T06:37:18.521Z",
				"Surveyor" : "Asha S Nair",
				"Mob_No" : "9946674644",
				"Remarks" : null,
				"Q__result" : "ErnakulamLocked.Cochin37",
				"Q__timesta" : "20250528",
				"_result" : "Ernakulam_Cochin",
				"OBJECTID" : 1131,
				"gml_parent_id" : null,
				"gml_parent_property" : "featureMembers",
				"Created_Date" : "2024-10-22T08:33:36.003Z",
				"_ulid" : "01JBBD7151DY27T8X2GJ2ZD40P"
			}
		},
		{
			"type" : "Feature",
			"geometry" : {
				"type" : "Polygon",
				"coordinates" : [
					[
						[ 76.3256062207, 9.9959925334 ],
						[ 76.3256373199, 9.9959974444 ],
						[ 76.3256182295, 9.99593658 ],
						[ 76.3256186836, 9.9959344642 ],
						[ 76.3256672809, 9.9957189124 ],
						[ 76.3256686146, 9.9957119133 ],
						[ 76.3256929641, 9.995604097 ],
						[ 76.325717642, 9.9954546159 ],
						[ 76.3257282531, 9.9953989282 ],
						[ 76.32573362, 9.9953578323 ],
						[ 76.3257661301, 9.9951609085 ],
						[ 76.3259536537, 9.9944890943 ],
						[ 76.3260214839, 9.9943307766 ],
						[ 76.3261480685, 9.9940412485 ],
						[ 76.3263171537, 9.9936525944 ],
						[ 76.3263954339, 9.9935368059 ],
						[ 76.3264625313, 9.9935614332 ],
						[ 76.3265150223, 9.9934861824 ],
						[ 76.3266433161, 9.9933062554 ],
						[ 76.326843424, 9.9930042851 ],
						[ 76.3271787923, 9.9926130794 ],
						[ 76.3274190389, 9.9922825672 ],
						[ 76.3274570192, 9.9922305016 ],
						[ 76.32758763, 9.9920404499 ],
						[ 76.3276683551, 9.9919287828 ],
						[ 76.3279426497, 9.9914639535 ],
						[ 76.3282762877, 9.9910439829 ],
						[ 76.328247456, 9.9910076141 ],
						[ 76.3282769532, 9.9909762239 ],
						[ 76.3290366053, 9.9916561634 ],
						[ 76.3295112619, 9.9920140402 ],
						[ 76.3296496621, 9.9921247774 ],
						[ 76.3299932096, 9.9922015676 ],
						[ 76.3303879964, 9.9920191723 ],
						[ 76.3307780302, 9.9911499377 ],
						[ 76.3307582913, 9.9905095919 ],
						[ 76.330680306, 9.9901902614 ],
						[ 76.3307805633, 9.9899594123 ],
						[ 76.3310438335, 9.9898442458 ],
						[ 76.3317691883, 9.9900996129 ],
						[ 76.3322733882, 9.9902593109 ],
						[ 76.3333668862, 9.9905352025 ],
						[ 76.3339355781, 9.990715324 ],
						[ 76.33447204, 9.9906546577 ],
						[ 76.3345541905, 9.9908408008 ],
						[ 76.3345711921, 9.9911087887 ],
						[ 76.3337558253, 9.9925158296 ],
						[ 76.3332641553, 9.9936603118 ],
						[ 76.3329825741, 9.9947944757 ],
						[ 76.3319105423, 9.9959152672 ],
						[ 76.3314699935, 9.996019122 ],
						[ 76.3310350309, 9.9965666891 ],
						[ 76.3307076818, 9.9976223092 ],
						[ 76.3306562157, 9.9976687275 ],
						[ 76.3306072363, 9.9978719274 ],
						[ 76.3305730905, 9.9980345107 ],
						[ 76.3305103566, 9.9983548153 ],
						[ 76.3305243086, 9.9986991 ],
						[ 76.3305474156, 9.9989876926 ],
						[ 76.3305518636, 9.9992571558 ],
						[ 76.3305951762, 9.9994657153 ],
						[ 76.3306407888, 9.9996319651 ],
						[ 76.3302966829, 9.9996995053 ],
						[ 76.3302861144, 9.9997014861 ],
						[ 76.3300763805, 9.9997335241 ],
						[ 76.3300447144, 9.9997306645 ],
						[ 76.3298347725, 9.9997025818 ],
						[ 76.3297842948, 9.9996936308 ],
						[ 76.3294794692, 9.9996433548 ],
						[ 76.3290350955, 9.9995428849 ],
						[ 76.3285743054, 9.9994339353 ],
						[ 76.3285208929, 9.9997423097 ],
						[ 76.3284597095, 9.9998893177 ],
						[ 76.3284085404, 9.9999442517 ],
						[ 76.3283911748, 9.9999625338 ],
						[ 76.3282144074, 9.9999274798 ],
						[ 76.328018477, 9.999884724 ],
						[ 76.3280174963, 9.9998861675 ],
						[ 76.3279583006, 9.9999733029 ],
						[ 76.3278508804, 10.0001886688 ],
						[ 76.3277170675, 10.0003283952 ],
						[ 76.3276987877, 10.0003885701 ],
						[ 76.3276785794, 10.0004646251 ],
						[ 76.3276601867, 10.0005670717 ],
						[ 76.3276018166, 10.0006874268 ],
						[ 76.3274632049, 10.0009732345 ],
						[ 76.3273641033, 10.0011623803 ],
						[ 76.3272860639, 10.0013140024 ],
						[ 76.3272214988, 10.0014251758 ],
						[ 76.3271663207, 10.0015161623 ],
						[ 76.3270686507, 10.0016117918 ],
						[ 76.3269668686, 10.0017114474 ],
						[ 76.3269628919, 10.0017223346 ],
						[ 76.3269548593, 10.0017477224 ],
						[ 76.3269343374, 10.00180971 ],
						[ 76.3269244606, 10.00183819 ],
						[ 76.326913787, 10.0018717835 ],
						[ 76.3268982411, 10.0020001797 ],
						[ 76.3268870159, 10.0020939781 ],
						[ 76.3268804197, 10.0021178012 ],
						[ 76.3267362885, 10.0026447792 ],
						[ 76.3267378854, 10.0027711125 ],
						[ 76.3267382644, 10.0028038884 ],
						[ 76.3267383093, 10.0028047699 ],
						[ 76.3267383437, 10.002807509 ],
						[ 76.3267401815, 10.0028406088 ],
						[ 76.3267433096, 10.0028981162 ],
						[ 76.3267411697, 10.0029003616 ],
						[ 76.3267354462, 10.0029061516 ],
						[ 76.3267256971, 10.0029227156 ],
						[ 76.3267010774, 10.0029633351 ],
						[ 76.3266768271, 10.002958966 ],
						[ 76.3265571759, 10.0029371415 ],
						[ 76.3263056484, 10.0028912624 ],
						[ 76.3260575302, 10.0028390885 ],
						[ 76.3258324393, 10.0027856907 ],
						[ 76.3258019841, 10.0027777028 ],
						[ 76.325801614, 10.002778378 ],
						[ 76.3256780417, 10.0030038153 ],
						[ 76.3256785092, 10.0030097848 ],
						[ 76.3256946492, 10.0032158675 ],
						[ 76.3256874119, 10.003283562 ],
						[ 76.3256746295, 10.0033418694 ],
						[ 76.3254920769, 10.003297699 ],
						[ 76.3251582353, 10.003186243 ],
						[ 76.3248441902, 10.0030610268 ],
						[ 76.324527175, 10.0029294651 ],
						[ 76.3244781405, 10.002913423 ],
						[ 76.3241493595, 10.0028058589 ],
						[ 76.3241047198, 10.0027906091 ],
						[ 76.3238726221, 10.0027082732 ],
						[ 76.3238604899, 10.0027071753 ],
						[ 76.3237338257, 10.002693946 ],
						[ 76.3236663032, 10.0027059746 ],
						[ 76.3235442233, 10.0027199612 ],
						[ 76.3235251825, 10.0027221427 ],
						[ 76.3232887121, 10.0026717073 ],
						[ 76.3230966459, 10.0026311668 ],
						[ 76.3229234915, 10.0025642886 ],
						[ 76.3227229708, 10.0024868405 ],
						[ 76.3226099301, 10.0026757877 ],
						[ 76.3224518422, 10.0029189234 ],
						[ 76.3223916835, 10.0030114461 ],
						[ 76.3222494185, 10.0031874672 ],
						[ 76.322189271, 10.0032618862 ],
						[ 76.322184821, 10.0032681051 ],
						[ 76.3221718445, 10.0032614708 ],
						[ 76.3219164064, 10.0031261374 ],
						[ 76.3218170809, 10.0030766921 ],
						[ 76.3211071571, 10.0027038408 ],
						[ 76.3205147022, 10.0023667896 ],
						[ 76.3203029466, 10.0021500859 ],
						[ 76.3202227093, 10.0020584334 ],
						[ 76.3201924091, 10.0020369653 ],
						[ 76.3199959827, 10.0018977943 ],
						[ 76.3198767197, 10.001823989 ],
						[ 76.3195474426, 10.0016038575 ],
						[ 76.3195102544, 10.0015759312 ],
						[ 76.3194017143, 10.0015388803 ],
						[ 76.3191031909, 10.0014760241 ],
						[ 76.3185592994, 10.0014473897 ],
						[ 76.318371288, 10.001410884 ],
						[ 76.318066483, 10.0013517006 ],
						[ 76.3180064655, 10.0013330828 ],
						[ 76.3178663759, 10.0012890027 ],
						[ 76.3176317064, 10.0012095681 ],
						[ 76.3174241178, 10.0011516753 ],
						[ 76.3174093548, 10.0011478545 ],
						[ 76.3172356846, 10.0010939804 ],
						[ 76.3175131415, 10.0003741184 ],
						[ 76.3177071678, 9.9999201067 ],
						[ 76.3177270334, 9.9998744873 ],
						[ 76.3179104542, 9.9994508784 ],
						[ 76.3181525812, 9.9989470143 ],
						[ 76.3183384105, 9.9984766497 ],
						[ 76.3184403912, 9.9982073224 ],
						[ 76.318532468, 9.9979982281 ],
						[ 76.318534856, 9.997991966 ],
						[ 76.3185350988, 9.9979914176 ],
						[ 76.3185395393, 9.997979685 ],
						[ 76.318549194, 9.9979543676 ],
						[ 76.3185626678, 9.9979228264 ],
						[ 76.3185882974, 9.9978953247 ],
						[ 76.3186256426, 9.9978690768 ],
						[ 76.318632118, 9.9978648441 ],
						[ 76.3186356881, 9.9978620163 ],
						[ 76.318738008, 9.9977958479 ],
						[ 76.3187815173, 9.9977430007 ],
						[ 76.3188270093, 9.9976897508 ],
						[ 76.3190195706, 9.9972786755 ],
						[ 76.3190453759, 9.9972319349 ],
						[ 76.319096814, 9.9971411675 ],
						[ 76.3191560096, 9.9970316094 ],
						[ 76.3192158656, 9.9969307618 ],
						[ 76.3192413688, 9.9968769367 ],
						[ 76.3193336802, 9.9966821112 ],
						[ 76.3194329875, 9.9963898999 ],
						[ 76.319516817, 9.9961682035 ],
						[ 76.3197723458, 9.9956157379 ],
						[ 76.3197947445, 9.9955707736 ],
						[ 76.3198268025, 9.9955287662 ],
						[ 76.31993847, 9.9953830073 ],
						[ 76.3199504523, 9.9953663058 ],
						[ 76.3199689965, 9.9953419222 ],
						[ 76.3200906434, 9.9951696774 ],
						[ 76.3202216966, 9.9949656045 ],
						[ 76.3202771554, 9.9948905092 ],
						[ 76.3202771942, 9.9948905251 ],
						[ 76.3203565282, 9.994905955 ],
						[ 76.3203772742, 9.9949106054 ],
						[ 76.3204176652, 9.9949255356 ],
						[ 76.3205226771, 9.9949643523 ],
						[ 76.3206026431, 9.994993911 ],
						[ 76.3208123136, 9.9950715079 ],
						[ 76.3210073632, 9.9951478422 ],
						[ 76.3212126215, 9.9952170777 ],
						[ 76.321339074, 9.9952066753 ],
						[ 76.3214469655, 9.9951974587 ],
						[ 76.3216299311, 9.9951965286 ],
						[ 76.3217992512, 9.9952060727 ],
						[ 76.3220011478, 9.9952220574 ],
						[ 76.3220817379, 9.9952500688 ],
						[ 76.3221473313, 9.9952728677 ],
						[ 76.322295543, 9.9953243828 ],
						[ 76.3224350271, 9.9954237254 ],
						[ 76.3225937364, 9.9954916042 ],
						[ 76.3227733947, 9.9955339624 ],
						[ 76.3229622866, 9.9955553534 ],
						[ 76.3231735191, 9.9955409486 ],
						[ 76.3233546371, 9.9955007276 ],
						[ 76.323576283, 9.9954603791 ],
						[ 76.3235770092, 9.9954602904 ],
						[ 76.3237186025, 9.9954429959 ],
						[ 76.3238528864, 9.9954394751 ],
						[ 76.3240901248, 9.995450223 ],
						[ 76.3244835191, 9.9954573117 ],
						[ 76.3246515833, 9.9954785121 ],
						[ 76.3247331988, 9.9955175845 ],
						[ 76.3248402298, 9.9955688243 ],
						[ 76.3248925187, 9.9957164374 ],
						[ 76.3249336847, 9.9958044333 ],
						[ 76.3251428061, 9.9958865824 ],
						[ 76.3253671024, 9.995954773 ],
						[ 76.3256062207, 9.9959925334 ]
					]
				]
			},
			"properties" : {
				"gml_id" : "Ernakulam_editor.fid-f0aec0d_192a2341ec3_54c9",
				"geom" : null,
				"District" : "Ernakulam",
				"LSGD" : "Cochin",
				"Ward_Name" : "VENNALA",
				"Ward_No" : 38,
				"Lsgd_Type" : "Corporation",
				"Created_Da" : "2024-10-22T07:14:22.059Z",
				"Surveyor" : "Asha S Nair",
				"Mob_No" : "9946674644",
				"Remarks" : null,
				"Q__result" : "ErnakulamLocked.Cochin38",
				"Q__timesta" : "20250528",
				"_result" : "Ernakulam_Cochin",
				"OBJECTID" : 1131,
				"gml_parent_id" : null,
				"gml_parent_property" : "featureMembers",
				"Created_Date" : "2024-10-22T08:33:36.003Z",
				"_ulid" : "01JBBD7151DY27T8X2GJ2ZD40P"
			}
		},
		{
			"type" : "Feature",
			"geometry" : {
				"type" : "Polygon",
				"coordinates" : [
					[
						[ 76.276639955, 9.9255647725 ],
						[ 76.2766399522, 9.9255647718 ],
						[ 76.2765269743, 9.9255352341 ],
						[ 76.2763778464, 9.9254994371 ],
						[ 76.2763777869, 9.9254994229 ],
						[ 76.2762492988, 9.9254685803 ],
						[ 76.2761523048, 9.925445416 ],
						[ 76.2761522684, 9.9254454072 ],
						[ 76.2759917689, 9.9254070764 ],
						[ 76.2759917461, 9.9254070709 ],
						[ 76.2759918815, 9.9254164842 ],
						[ 76.2759924131, 9.9254534226 ],
						[ 76.2759928, 9.9254803066 ],
						[ 76.2759871976, 9.9255008911 ],
						[ 76.2759295741, 9.925649046 ],
						[ 76.2758704041, 9.9257754758 ],
						[ 76.2758577813, 9.9258225091 ],
						[ 76.2758632818, 9.9259786593 ],
						[ 76.2758077104, 9.9260886521 ],
						[ 76.2757265431, 9.9262189957 ],
						[ 76.2757019548, 9.9262716801 ],
						[ 76.27568601, 9.9263087096 ],
						[ 76.2756839497, 9.9263088624 ],
						[ 76.2756546612, 9.9263102312 ],
						[ 76.2755806827, 9.9263198532 ],
						[ 76.2754998239, 9.9263303702 ],
						[ 76.2754059682, 9.9263404665 ],
						[ 76.2754074099, 9.9263389065 ],
						[ 76.2751121317, 9.9263476605 ],
						[ 76.27497085, 9.9263493624 ],
						[ 76.2747411376, 9.9262827181 ],
						[ 76.2744496896, 9.9261896053 ],
						[ 76.274449689, 9.9261896051 ],
						[ 76.2744097137, 9.9261768336 ],
						[ 76.2741552629, 9.9261125967 ],
						[ 76.2741552499, 9.9261125933 ],
						[ 76.2738751929, 9.9260418919 ],
						[ 76.2738751828, 9.9260418894 ],
						[ 76.2738717297, 9.9260410176 ],
						[ 76.2737868799, 9.9260490682 ],
						[ 76.2736016988, 9.9260641229 ],
						[ 76.2732512835, 9.9260872413 ],
						[ 76.2729502722, 9.9260996275 ],
						[ 76.272643765, 9.9260892823 ],
						[ 76.2723192007, 9.9260483462 ],
						[ 76.2720316567, 9.9259935936 ],
						[ 76.2717049364, 9.9259004378 ],
						[ 76.2717049358, 9.9259004376 ],
						[ 76.2716715519, 9.9258909191 ],
						[ 76.2716792249, 9.9258675341 ],
						[ 76.271790619, 9.9254950936 ],
						[ 76.2718456555, 9.9253254603 ],
						[ 76.2718456556, 9.92532546 ],
						[ 76.2719451571, 9.9250189829 ],
						[ 76.2720017745, 9.9248450256 ],
						[ 76.2720299122, 9.9247592004 ],
						[ 76.272043674, 9.9247172243 ],
						[ 76.272043762, 9.9247169558 ],
						[ 76.2720443199, 9.9247158088 ],
						[ 76.272047498, 9.9247092745 ],
						[ 76.2720772229, 9.9246481582 ],
						[ 76.2721055872, 9.9245898392 ],
						[ 76.2721094839, 9.9245818274 ],
						[ 76.2721169487, 9.9245664793 ],
						[ 76.27213749, 9.9245242448 ],
						[ 76.2721377056, 9.9245238014 ],
						[ 76.2721377112, 9.9245237899 ],
						[ 76.2721692351, 9.9244589746 ],
						[ 76.2722026601, 9.9243902505 ],
						[ 76.2722050474, 9.924385342 ],
						[ 76.2722090454, 9.9243771218 ],
						[ 76.2722090884, 9.9243770335 ],
						[ 76.2722304846, 9.9243330413 ],
						[ 76.2722382272, 9.924317122 ],
						[ 76.2722382525, 9.9243170699 ],
						[ 76.272243245, 9.9243068049 ],
						[ 76.2722589217, 9.9242745726 ],
						[ 76.2722895482, 9.9242116023 ],
						[ 76.2723241506, 9.9241404572 ],
						[ 76.2723683019, 9.9240496791 ],
						[ 76.2723987172, 9.923987143 ],
						[ 76.2724004642, 9.923983551 ],
						[ 76.2724025085, 9.9239793479 ],
						[ 76.2724377029, 9.9239069855 ],
						[ 76.2724388685, 9.923904589 ],
						[ 76.2724389465, 9.9239044286 ],
						[ 76.2724398991, 9.92390247 ],
						[ 76.272465583, 9.923849662 ],
						[ 76.2724734893, 9.923833406 ],
						[ 76.2724738162, 9.923832734 ],
						[ 76.2724738838, 9.9238325949 ],
						[ 76.272474147, 9.9238320538 ],
						[ 76.2724968238, 9.9237854287 ],
						[ 76.2725004914, 9.9237778879 ],
						[ 76.2725096716, 9.9237590126 ],
						[ 76.2725097797, 9.9237587903 ],
						[ 76.2725098154, 9.923758717 ],
						[ 76.2725101086, 9.9237581141 ],
						[ 76.2725500471, 9.9236759975 ],
						[ 76.2725504234, 9.9236752238 ],
						[ 76.272550718, 9.9236746181 ],
						[ 76.272564694, 9.9236458824 ],
						[ 76.2725661706, 9.9236428465 ],
						[ 76.2725894602, 9.9235949613 ],
						[ 76.2725899091, 9.9235940383 ],
						[ 76.2725899798, 9.9235938929 ],
						[ 76.2725903702, 9.9235930902 ],
						[ 76.2725905428, 9.9235927355 ],
						[ 76.2725905559, 9.9235927085 ],
						[ 76.2726318863, 9.9235077301 ],
						[ 76.2726764079, 9.9234161902 ],
						[ 76.2727254327, 9.9233153915 ],
						[ 76.2727751953, 9.9232130759 ],
						[ 76.272796243, 9.9231698 ],
						[ 76.2728120734, 9.9231372515 ],
						[ 76.2728267902, 9.9231041788 ],
						[ 76.2728739134, 9.9229982797 ],
						[ 76.2729198091, 9.9228951392 ],
						[ 76.2729216244, 9.9228910596 ],
						[ 76.2729233008, 9.9228872924 ],
						[ 76.2729250504, 9.9228833605 ],
						[ 76.2730239972, 9.9226609991 ],
						[ 76.2731487966, 9.9223805394 ],
						[ 76.2732193628, 9.922221957 ],
						[ 76.2732203223, 9.9222198009 ],
						[ 76.2732206795, 9.9222189981 ],
						[ 76.2732208963, 9.9222185107 ],
						[ 76.2732427808, 9.9221693303 ],
						[ 76.2732429931, 9.922168853 ],
						[ 76.27329316, 9.9220561137 ],
						[ 76.273367428, 9.9218892121 ],
						[ 76.273384973, 9.9218497834 ],
						[ 76.2733961011, 9.9218247753 ],
						[ 76.2734168167, 9.9217782213 ],
						[ 76.2734488575, 9.9217062164 ],
						[ 76.273503395, 9.9215836548 ],
						[ 76.2735149812, 9.9215576173 ],
						[ 76.2735152767, 9.9215569531 ],
						[ 76.2735153065, 9.9215569595 ],
						[ 76.2739210153, 9.921643308 ],
						[ 76.2739682861, 9.9216495557 ],
						[ 76.2742112453, 9.921681667 ],
						[ 76.2743125681, 9.9216950213 ],
						[ 76.2745230664, 9.921722849 ],
						[ 76.2746634759, 9.921744051 ],
						[ 76.2748108218, 9.9217792415 ],
						[ 76.2749968003, 9.9218243135 ],
						[ 76.2750539334, 9.9218342471 ],
						[ 76.2752636518, 9.9218707101 ],
						[ 76.2755703784, 9.9219386934 ],
						[ 76.2756459427, 9.9219555688 ],
						[ 76.2760911322, 9.9220420823 ],
						[ 76.2762958159, 9.9220811768 ],
						[ 76.2764329214, 9.92210222 ],
						[ 76.276722778, 9.9220984456 ],
						[ 76.2769452297, 9.9220829504 ],
						[ 76.2772777642, 9.9220629427 ],
						[ 76.2772777675, 9.9220629425 ],
						[ 76.277277786, 9.9220629414 ],
						[ 76.2776151126, 9.9220465353 ],
						[ 76.2776151127, 9.9220465353 ],
						[ 76.2776151138, 9.9220465353 ],
						[ 76.2777260779, 9.9220437788 ],
						[ 76.278009406, 9.9220639666 ],
						[ 76.2780094554, 9.9220639701 ],
						[ 76.2780194983, 9.9220646857 ],
						[ 76.2783317693, 9.9220893167 ],
						[ 76.2783318703, 9.9220893248 ],
						[ 76.2784559825, 9.9220993516 ],
						[ 76.2786804709, 9.9221186492 ],
						[ 76.278704778, 9.9221207386 ],
						[ 76.2789460952, 9.9221471322 ],
						[ 76.2789460994, 9.9221471327 ],
						[ 76.2791525555, 9.9221760124 ],
						[ 76.2791849914, 9.922183581 ],
						[ 76.2793291966, 9.9222172301 ],
						[ 76.2794997638, 9.9222348232 ],
						[ 76.2795235715, 9.9222329266 ],
						[ 76.2795621718, 9.9222298515 ],
						[ 76.279680702, 9.9222291728 ],
						[ 76.2799408473, 9.9222414483 ],
						[ 76.2799532743, 9.9222420347 ],
						[ 76.2802328071, 9.9222580071 ],
						[ 76.2802327426, 9.922246962 ],
						[ 76.2805916613, 9.9222699947 ],
						[ 76.2807167258, 9.922257314 ],
						[ 76.2808800925, 9.922262075 ],
						[ 76.2809693935, 9.9222295367 ],
						[ 76.2811143036, 9.9221246912 ],
						[ 76.2813958933, 9.9219721688 ],
						[ 76.281958208, 9.9216749778 ],
						[ 76.2820528314, 9.9216316103 ],
						[ 76.2822194189, 9.921571427 ],
						[ 76.2823803927, 9.9214799848 ],
						[ 76.2825131155, 9.9214045906 ],
						[ 76.2827331278, 9.9212526955 ],
						[ 76.2827427519, 9.9212457997 ],
						[ 76.2831277272, 9.9210321433 ],
						[ 76.2831092316, 9.9207210197 ],
						[ 76.2828410174, 9.9183678443 ],
						[ 76.2831647858, 9.9182990389 ],
						[ 76.2837314499, 9.918216577 ],
						[ 76.2840267075, 9.9181680688 ],
						[ 76.2840814726, 9.9182960756 ],
						[ 76.2841107171, 9.9182978378 ],
						[ 76.2842178262, 9.9183042918 ],
						[ 76.284492784, 9.918372703 ],
						[ 76.2848236199, 9.9183283607 ],
						[ 76.2851124487, 9.9183419894 ],
						[ 76.285104436, 9.9186149558 ],
						[ 76.2851192667, 9.9193689556 ],
						[ 76.2852928412, 9.921040472 ],
						[ 76.285544645, 9.922727242 ],
						[ 76.2865305444, 9.925242261 ],
						[ 76.2838400074, 9.9261123696 ],
						[ 76.2828039336, 9.9265598326 ],
						[ 76.2825873127, 9.9266533871 ],
						[ 76.2799479623, 9.9277932572 ],
						[ 76.2798181683, 9.9278493113 ],
						[ 76.2790330363, 9.9281883847 ],
						[ 76.2783594931, 9.9264074576 ],
						[ 76.2783571635, 9.9264012979 ],
						[ 76.2783509855, 9.9263988754 ],
						[ 76.2783407576, 9.9263944482 ],
						[ 76.2783401765, 9.9263929623 ],
						[ 76.278270076, 9.9262579317 ],
						[ 76.2782261985, 9.9261734129 ],
						[ 76.2781939469, 9.9261521614 ],
						[ 76.2780280292, 9.9260477804 ],
						[ 76.2780280237, 9.926047777 ],
						[ 76.2780280235, 9.9260477769 ],
						[ 76.2779580566, 9.9260037597 ],
						[ 76.2778390154, 9.9259512936 ],
						[ 76.2778390152, 9.9259512935 ],
						[ 76.2778390149, 9.9259512934 ],
						[ 76.2777547377, 9.925914149 ],
						[ 76.2775093448, 9.9258321486 ],
						[ 76.2775093438, 9.9258321483 ],
						[ 76.277509343, 9.9258321481 ],
						[ 76.2774498973, 9.9258122837 ],
						[ 76.2771911643, 9.925735748 ],
						[ 76.2769520021, 9.9256570469 ],
						[ 76.2769520014, 9.9256570467 ],
						[ 76.2768264081, 9.9256135201 ],
						[ 76.276639956, 9.9255647728 ],
						[ 76.276639955, 9.9255647725 ]
					]
				]
			},
			"properties" : {
				"gml_id" : "Ernakulam_editor.fid-f0aec0d_192a2341ec3_59f6",
				"geom" : null,
				"District" : "Ernakulam",
				"LSGD" : "Cochin",
				"Ward_Name" : "KADEBHAGAM",
				"Ward_No" : 55,
				"Lsgd_Type" : "Corporation",
				"Created_Da" : "2024-10-22T08:11:48.576Z",
				"Surveyor" : "Jibin K",
				"Mob_No" : "9946674644",
				"Remarks" : null,
				"Q__result" : "ErnakulamLocked.Cochin55",
				"Q__timesta" : "20250528",
				"_result" : "Ernakulam_Cochin",
				"OBJECTID" : 1131,
				"gml_parent_id" : null,
				"gml_parent_property" : "featureMembers",
				"Created_Date" : "2024-10-22T08:33:36.003Z",
				"_ulid" : "01JBBD7151DY27T8X2GJ2ZD40P"
			}
		},
		{
			"type" : "Feature",
			"geometry" : {
				"type" : "Polygon",
				"coordinates" : [
					[
						[ 76.266416649, 9.9791598184 ],
						[ 76.2661037574, 9.979535837 ],
						[ 76.2659886445, 9.9796741745 ],
						[ 76.2647378733, 9.9811493432 ],
						[ 76.2629536899, 9.9801641053 ],
						[ 76.2611099781, 9.9791637795 ],
						[ 76.2597764723, 9.9778282017 ],
						[ 76.2589701791, 9.9770741231 ],
						[ 76.2581272455, 9.9763872753 ],
						[ 76.2574678278, 9.9758368167 ],
						[ 76.2569445766, 9.9752520198 ],
						[ 76.2508811291, 9.9723365311 ],
						[ 76.2509147848, 9.9723117851 ],
						[ 76.2509507845, 9.972290093 ],
						[ 76.2510219101, 9.9722458176 ],
						[ 76.2510361888, 9.9722386316 ],
						[ 76.2512112127, 9.9721040191 ],
						[ 76.2516643081, 9.9716760327 ],
						[ 76.2532200214, 9.9704814886 ],
						[ 76.2534681778, 9.970290943 ],
						[ 76.2542422866, 9.9696116438 ],
						[ 76.25475647, 9.9691604347 ],
						[ 76.2570546359, 9.9673037233 ],
						[ 76.2570575406, 9.9673013765 ],
						[ 76.2574018528, 9.9670232002 ],
						[ 76.2597479283, 9.9653495442 ],
						[ 76.2617128416, 9.9622082958 ],
						[ 76.2628593339, 9.9599914392 ],
						[ 76.2630967755, 9.9584968315 ],
						[ 76.2633182696, 9.9571025998 ],
						[ 76.2634468026, 9.9548346611 ],
						[ 76.2635606902, 9.9524561135 ],
						[ 76.2633701831, 9.9511978175 ],
						[ 76.2634650575, 9.9487188425 ],
						[ 76.2635289501, 9.9470494049 ],
						[ 76.2635313257, 9.9470285561 ],
						[ 76.2636207581, 9.9462436846 ],
						[ 76.2637322706, 9.9452650316 ],
						[ 76.2640943701, 9.9420871656 ],
						[ 76.2645449479, 9.9408155109 ],
						[ 76.2646054094, 9.9406448712 ],
						[ 76.2658454079, 9.9385717449 ],
						[ 76.2670070015, 9.936524842 ],
						[ 76.2672629735, 9.9362819192 ],
						[ 76.268570834, 9.935040724 ],
						[ 76.2698279005, 9.9338659442 ],
						[ 76.2699099379, 9.9337892765 ],
						[ 76.2700523953, 9.9336561434 ],
						[ 76.2700927354, 9.9336184437 ],
						[ 76.2701388907, 9.9337618136 ],
						[ 76.2710743935, 9.9349046971 ],
						[ 76.2711557825, 9.9349882621 ],
						[ 76.2713015473, 9.9351378322 ],
						[ 76.2712981946, 9.9351458474 ],
						[ 76.2712974037, 9.935150033 ],
						[ 76.2712984041, 9.9351492278 ],
						[ 76.2712984478, 9.9351491927 ],
						[ 76.2713033963, 9.9351565408 ],
						[ 76.2713123549, 9.9351698432 ],
						[ 76.2713133634, 9.9351713407 ],
						[ 76.2713374269, 9.9352070723 ],
						[ 76.27144989, 9.9353740677 ],
						[ 76.2714591959, 9.9353878858 ],
						[ 76.2714953377, 9.9354415524 ],
						[ 76.2716142271, 9.9355756683 ],
						[ 76.2716343884, 9.9355984117 ],
						[ 76.2717593359, 9.9357372236 ],
						[ 76.2717935301, 9.9357752121 ],
						[ 76.2720323549, 9.936051221 ],
						[ 76.2721988935, 9.9362715986 ],
						[ 76.2725374341, 9.9368490308 ],
						[ 76.2725502563, 9.9368703932 ],
						[ 76.2727290713, 9.9371683068 ],
						[ 76.2727460648, 9.9371966188 ],
						[ 76.2728338199, 9.9372890684 ],
						[ 76.2728348507, 9.9372897711 ],
						[ 76.2728643289, 9.937309867 ],
						[ 76.2729472193, 9.9373663751 ],
						[ 76.2729649909, 9.9373643075 ],
						[ 76.2729790741, 9.937362669 ],
						[ 76.2730766375, 9.937351318 ],
						[ 76.2731082676, 9.9373461273 ],
						[ 76.2732288041, 9.9373263461 ],
						[ 76.2732632813, 9.937320688 ],
						[ 76.2735123896, 9.937249852 ],
						[ 76.273558551, 9.9372367255 ],
						[ 76.2736891718, 9.9371836207 ],
						[ 76.2737462775, 9.9371511199 ],
						[ 76.2740008623, 9.9370062269 ],
						[ 76.2740744979, 9.9369807039 ],
						[ 76.2740786883, 9.9369792514 ],
						[ 76.2746709445, 9.9367739673 ],
						[ 76.2746709735, 9.9367739571 ],
						[ 76.2748733697, 9.9367038037 ],
						[ 76.2751223199, 9.936612222 ],
						[ 76.2751837756, 9.9365896142 ],
						[ 76.2751837846, 9.9365896191 ],
						[ 76.2751845883, 9.9365900574 ],
						[ 76.2752575693, 9.9366298639 ],
						[ 76.2753261746, 9.9366672837 ],
						[ 76.2753546407, 9.9366828101 ],
						[ 76.2753910242, 9.9366904765 ],
						[ 76.275495973, 9.9367125904 ],
						[ 76.2756152323, 9.9367377196 ],
						[ 76.2756315892, 9.9367411662 ],
						[ 76.2756740782, 9.9367316341 ],
						[ 76.2757854657, 9.9367066451 ],
						[ 76.2759822352, 9.9366625012 ],
						[ 76.2759822464, 9.9366624988 ],
						[ 76.2761307318, 9.9366291871 ],
						[ 76.2762621624, 9.9366016896 ],
						[ 76.2765785881, 9.9365354876 ],
						[ 76.2765823488, 9.9365347008 ],
						[ 76.2767785251, 9.9365177049 ],
						[ 76.2767785685, 9.9365177011 ],
						[ 76.2767921865, 9.9365165212 ],
						[ 76.2770293104, 9.9364959777 ],
						[ 76.277120772, 9.9364880537 ],
						[ 76.277180691, 9.9364887138 ],
						[ 76.277181819, 9.9364888586 ],
						[ 76.2776006101, 9.936542623 ],
						[ 76.2776241528, 9.9365456454 ],
						[ 76.2776293541, 9.936547136 ],
						[ 76.277793002, 9.936594037 ],
						[ 76.2781088384, 9.9366914637 ],
						[ 76.2784221051, 9.9367930366 ],
						[ 76.2785960194, 9.9369158957 ],
						[ 76.2789165073, 9.9371422995 ],
						[ 76.2790528377, 9.9372628876 ],
						[ 76.2793207856, 9.9374972053 ],
						[ 76.279351683, 9.9375279436 ],
						[ 76.2793933461, 9.9375693923 ],
						[ 76.2794389937, 9.9376540307 ],
						[ 76.2794394349, 9.9376548487 ],
						[ 76.2795119939, 9.9377893853 ],
						[ 76.2795240708, 9.9378117779 ],
						[ 76.2796107498, 9.9379724952 ],
						[ 76.2798501775, 9.9384164336 ],
						[ 76.2800695286, 9.938823146 ],
						[ 76.2802019933, 9.9390687569 ],
						[ 76.2803201617, 9.9392889768 ],
						[ 76.2803772427, 9.9393965659 ],
						[ 76.2804408466, 9.9395164495 ],
						[ 76.2805121862, 9.9396509138 ],
						[ 76.2806280516, 9.9398693021 ],
						[ 76.2806476669, 9.9399085775 ],
						[ 76.2806598249, 9.9399329211 ],
						[ 76.280774, 9.9401615308 ],
						[ 76.2809147936, 9.9404476188 ],
						[ 76.2809894625, 9.9406012609 ],
						[ 76.2810809118, 9.9407894306 ],
						[ 76.2811289641, 9.940888305 ],
						[ 76.2811512955, 9.940934255 ],
						[ 76.2811662022, 9.9409649276 ],
						[ 76.281246571, 9.9410829225 ],
						[ 76.2812580811, 9.9410998214 ],
						[ 76.281306406, 9.9411707705 ],
						[ 76.2815040459, 9.9414609391 ],
						[ 76.2817083166, 9.9417608425 ],
						[ 76.281708514, 9.9417611322 ],
						[ 76.2817089485, 9.9417617702 ],
						[ 76.2819018344, 9.9420449586 ],
						[ 76.282050587, 9.9422633519 ],
						[ 76.282153239, 9.9424140618 ],
						[ 76.2822446038, 9.9425482002 ],
						[ 76.2823348306, 9.9426806678 ],
						[ 76.2824556212, 9.9428580079 ],
						[ 76.2825672148, 9.9430218452 ],
						[ 76.2826550728, 9.9431508348 ],
						[ 76.2827189537, 9.9432446222 ],
						[ 76.2827376588, 9.9432720843 ],
						[ 76.2827732581, 9.9433031614 ],
						[ 76.282805152, 9.9433277202 ],
						[ 76.2828066085, 9.9433288417 ],
						[ 76.2828091668, 9.9433308117 ],
						[ 76.282927582, 9.9434219934 ],
						[ 76.2830979797, 9.9435532025 ],
						[ 76.2832338804, 9.9436578484 ],
						[ 76.2833103452, 9.9437167275 ],
						[ 76.2835667447, 9.9439067748 ],
						[ 76.2837060719, 9.9440214434 ],
						[ 76.2837786, 9.9440772912 ],
						[ 76.2838202915, 9.9441093943 ],
						[ 76.2838442042, 9.9441278074 ],
						[ 76.2838664057, 9.9441449029 ],
						[ 76.2838673509, 9.9441456308 ],
						[ 76.2838843986, 9.9441587577 ],
						[ 76.2838882647, 9.9441617347 ],
						[ 76.2839506809, 9.9442097962 ],
						[ 76.2839679054, 9.9442230593 ],
						[ 76.2840490318, 9.944269862 ],
						[ 76.2840988832, 9.9442986218 ],
						[ 76.2843665246, 9.9444406083 ],
						[ 76.284568885, 9.9445479624 ],
						[ 76.2847951755, 9.9446680118 ],
						[ 76.2849306142, 9.9447398633 ],
						[ 76.2849457401, 9.9447478877 ],
						[ 76.2849869299, 9.9447697393 ],
						[ 76.285033858, 9.9447946351 ],
						[ 76.2851746424, 9.9448693225 ],
						[ 76.2851997929, 9.9448826651 ],
						[ 76.2853247733, 9.9449489683 ],
						[ 76.2853494196, 9.9449594642 ],
						[ 76.2862900796, 9.9453758853 ],
						[ 76.2866034692, 9.945530752 ],
						[ 76.2873610056, 9.9459050993 ],
						[ 76.2873610163, 9.9459051046 ],
						[ 76.2881730557, 9.94631593 ],
						[ 76.2874077211, 9.9479194203 ],
						[ 76.2870422548, 9.9487390957 ],
						[ 76.2870422404, 9.948739128 ],
						[ 76.2870422352, 9.9487391398 ],
						[ 76.286738561, 9.9494202236 ],
						[ 76.2862791698, 9.9504955139 ],
						[ 76.2861530311, 9.9507907638 ],
						[ 76.2861204924, 9.9508669263 ],
						[ 76.2861186009, 9.9508713535 ],
						[ 76.2860318932, 9.9510743078 ],
						[ 76.2860083917, 9.9511293171 ],
						[ 76.2859835922, 9.9511873647 ],
						[ 76.2858995801, 9.9513840096 ],
						[ 76.285758944, 9.9517131925 ],
						[ 76.2857588501, 9.9517134123 ],
						[ 76.2857587934, 9.9517135451 ],
						[ 76.2856572657, 9.951951188 ],
						[ 76.2856429824, 9.9519846203 ],
						[ 76.285627748, 9.952020279 ],
						[ 76.2855812307, 9.9521291606 ],
						[ 76.2855509597, 9.9522098673 ],
						[ 76.2853975035, 9.9526190022 ],
						[ 76.2851104583, 9.9533843008 ],
						[ 76.2850477993, 9.9535513572 ],
						[ 76.2850455414, 9.9535584828 ],
						[ 76.2847375339, 9.9545304919 ],
						[ 76.2845390888, 9.955052331 ],
						[ 76.2835263433, 9.9565150149 ],
						[ 76.2821990441, 9.958338883 ],
						[ 76.2821127008, 9.9584575283 ],
						[ 76.2820292337, 9.9585827218 ],
						[ 76.2820292242, 9.9585827362 ],
						[ 76.281901478, 9.9587743444 ],
						[ 76.281861111, 9.9588357029 ],
						[ 76.2817914882, 9.9589415306 ],
						[ 76.2817530366, 9.9589999776 ],
						[ 76.2814562054, 9.9594511644 ],
						[ 76.2810922165, 9.9600044298 ],
						[ 76.2809002351, 9.960296242 ],
						[ 76.2808833035, 9.960322519 ],
						[ 76.2807374941, 9.9605488082 ],
						[ 76.280650519, 9.9606837891 ],
						[ 76.2802461535, 9.9613113424 ],
						[ 76.2802142024, 9.9613609286 ],
						[ 76.2802121624, 9.9613643133 ],
						[ 76.2802077621, 9.9613716144 ],
						[ 76.2802070299, 9.9613728293 ],
						[ 76.2797990154, 9.9620498099 ],
						[ 76.2783782053, 9.9643469332 ],
						[ 76.2782616592, 9.9645277236 ],
						[ 76.2781536346, 9.964681481 ],
						[ 76.2780482529, 9.9648384704 ],
						[ 76.2778840502, 9.9650830864 ],
						[ 76.2777671657, 9.9652572114 ],
						[ 76.2776744152, 9.9653959988 ],
						[ 76.2775437891, 9.9655899794 ],
						[ 76.2774165857, 9.9657794764 ],
						[ 76.2773721996, 9.9658501435 ],
						[ 76.2773023195, 9.9659796864 ],
						[ 76.2772171588, 9.9661270881 ],
						[ 76.2771269771, 9.9662881769 ],
						[ 76.2769496741, 9.9666048874 ],
						[ 76.2768779837, 9.9667329455 ],
						[ 76.2767487424, 9.9669638048 ],
						[ 76.276547165, 9.9673238751 ],
						[ 76.2763961948, 9.9675935472 ],
						[ 76.2762091782, 9.9679276076 ],
						[ 76.2759739216, 9.9683478365 ],
						[ 76.2758300258, 9.9686048711 ],
						[ 76.275811712, 9.9686401702 ],
						[ 76.2757341747, 9.9690896061 ],
						[ 76.2755781939, 9.9699937292 ],
						[ 76.2754853727, 9.9705317543 ],
						[ 76.2753357512, 9.9714264333 ],
						[ 76.2751900445, 9.9722452655 ],
						[ 76.2751209209, 9.9726512599 ],
						[ 76.275070646, 9.9729356494 ],
						[ 76.2750457551, 9.9730825328 ],
						[ 76.275020343, 9.9730753024 ],
						[ 76.2750037556, 9.9730921954 ],
						[ 76.274626168, 9.9734767376 ],
						[ 76.2745403931, 9.9735462151 ],
						[ 76.2739810384, 9.9737628935 ],
						[ 76.2701384337, 9.9751923355 ],
						[ 76.2693593525, 9.9754342962 ],
						[ 76.2690436463, 9.9758736026 ],
						[ 76.2686708852, 9.9763923005 ],
						[ 76.2683910617, 9.9767816749 ],
						[ 76.2680640765, 9.9771800087 ],
						[ 76.2674396907, 9.9779303709 ],
						[ 76.2670349452, 9.9784167772 ],
						[ 76.2667457741, 9.9787642905 ],
						[ 76.266416649, 9.9791598184 ]
					]
				]
			},
			"properties" : {
				"gml_id" : "Ernakulam_editor.fid-f0aec0d_192a2341ec3_5a92",
				"geom" : null,
				"District" : "Ernakulam",
				"LSGD" : "Cochin",
				"Ward_Name" : "ISLAND NORTH",
				"Ward_No" : 9,
				"Lsgd_Type" : "Corporation",
				"Created_Da" : "2024-10-22T08:33:36.003Z",
				"Surveyor" : "Ambily",
				"Mob_No" : "9946674644",
				"Remarks" : null,
				"Q__result" : "ErnakulamLocked.Cochin9",
				"Q__timesta" : "20250528",
				"_result" : "Ernakulam_Cochin",
				"OBJECTID" : 1131,
				"gml_parent_id" : null,
				"gml_parent_property" : "featureMembers",
				"Created_Date" : "2024-10-22T08:33:36.003Z",
				"_ulid" : "01JBBD7151DY27T8X2GJ2ZD40P"
			}
		},
		{
			"type" : "Feature",
			"geometry" : {
				"type" : "Polygon",
				"coordinates" : [
					[
						[ 76.2850770105, 9.9018394588 ],
						[ 76.2853985369, 9.9019008973 ],
						[ 76.2874784749, 9.9019229588 ],
						[ 76.2875047309, 9.9021223798 ],
						[ 76.2875634026, 9.9028281483 ],
						[ 76.2875569438, 9.9028518143 ],
						[ 76.2875582023, 9.9028521223 ],
						[ 76.2869443595, 9.9046426652 ],
						[ 76.2869443593, 9.9046426662 ],
						[ 76.286922319, 9.904706956 ],
						[ 76.2869194223, 9.9047154054 ],
						[ 76.2868660578, 9.9050153991 ],
						[ 76.2866167646, 9.9064168219 ],
						[ 76.2866167553, 9.9064168724 ],
						[ 76.2862739552, 9.9083439402 ],
						[ 76.2862739544, 9.9083439455 ],
						[ 76.2861735527, 9.9089083555 ],
						[ 76.2861431384, 9.9092364284 ],
						[ 76.2860608788, 9.9094843123 ],
						[ 76.2859740341, 9.9096910117 ],
						[ 76.2858830543, 9.9099945341 ],
						[ 76.2858662301, 9.9100708724 ],
						[ 76.2858662301, 9.9100708724 ],
						[ 76.28586623, 9.9100708725 ],
						[ 76.2858024152, 9.9103604258 ],
						[ 76.2857563762, 9.9106573472 ],
						[ 76.2857563439, 9.9106749638 ],
						[ 76.2857563064, 9.9106953858 ],
						[ 76.2857541204, 9.9109748551 ],
						[ 76.2857541186, 9.9109750782 ],
						[ 76.2857367061, 9.9109718613 ],
						[ 76.2853979315, 9.9109136194 ],
						[ 76.2850018745, 9.9108991807 ],
						[ 76.2850018725, 9.9108991806 ],
						[ 76.2850018699, 9.9108991805 ],
						[ 76.2849125136, 9.9108959229 ],
						[ 76.2847298563, 9.9108949771 ],
						[ 76.2847298489, 9.9108949769 ],
						[ 76.2844296618, 9.9108917142 ],
						[ 76.2841899743, 9.9108715927 ],
						[ 76.2839605626, 9.9108510958 ],
						[ 76.2838272031, 9.9108360829 ],
						[ 76.2837252722, 9.9108222358 ],
						[ 76.2837099526, 9.9108174604 ],
						[ 76.2836513553, 9.9107897847 ],
						[ 76.2836389772, 9.9107571363 ],
						[ 76.2836338716, 9.910732691 ],
						[ 76.2836342997, 9.9107046727 ],
						[ 76.2836353417, 9.9106805844 ],
						[ 76.2836657883, 9.9105287587 ],
						[ 76.2837015016, 9.9104076778 ],
						[ 76.2837053803, 9.9103948067 ],
						[ 76.2837074007, 9.9103545777 ],
						[ 76.283683051, 9.910348314 ],
						[ 76.2834166468, 9.9103170015 ],
						[ 76.2834166454, 9.9103170013 ],
						[ 76.2833785451, 9.9103125231 ],
						[ 76.2833785436, 9.9103125229 ],
						[ 76.283378542, 9.9103125227 ],
						[ 76.2833547222, 9.9106253833 ],
						[ 76.2833496877, 9.9106598604 ],
						[ 76.283331941, 9.910687256 ],
						[ 76.2832773306, 9.9107219247 ],
						[ 76.2832773218, 9.9107219301 ],
						[ 76.2832773143, 9.9107219346 ],
						[ 76.2832739527, 9.910725182 ],
						[ 76.2832492196, 9.9107490747 ],
						[ 76.2832492196, 9.9107490747 ],
						[ 76.283242315, 9.9107729756 ],
						[ 76.283242315, 9.9107729756 ],
						[ 76.2832404231, 9.9107795245 ],
						[ 76.2832182767, 9.9112742125 ],
						[ 76.2832173144, 9.9112957096 ],
						[ 76.2832160938, 9.9113032073 ],
						[ 76.2829961621, 9.9113097865 ],
						[ 76.2829961621, 9.9113097865 ],
						[ 76.2829001451, 9.9113748906 ],
						[ 76.2828770613, 9.9113765958 ],
						[ 76.2827671163, 9.9113658792 ],
						[ 76.2827671163, 9.9113658792 ],
						[ 76.2826969426, 9.9113418282 ],
						[ 76.2826953442, 9.9113432598 ],
						[ 76.2826953442, 9.9113432598 ],
						[ 76.2826485432, 9.911382052 ],
						[ 76.2825558715, 9.9113865279 ],
						[ 76.2825558703, 9.9113865279 ],
						[ 76.2824399521, 9.9113921265 ],
						[ 76.2824399512, 9.9113921265 ],
						[ 76.2823987309, 9.9113941174 ],
						[ 76.2822991632, 9.9113886302 ],
						[ 76.2822991622, 9.9113886301 ],
						[ 76.2822023963, 9.9113829372 ],
						[ 76.2821175287, 9.9113759351 ],
						[ 76.2820065435, 9.9113370578 ],
						[ 76.2819086452, 9.9113014161 ],
						[ 76.281791685, 9.9113151804 ],
						[ 76.2817916844, 9.9113151805 ],
						[ 76.2817498768, 9.9113201006 ],
						[ 76.2817209415, 9.9113235058 ],
						[ 76.281718029, 9.9113254614 ],
						[ 76.281718029, 9.9113254614 ],
						[ 76.2816110007, 9.9113973239 ],
						[ 76.281543301, 9.9114427799 ],
						[ 76.2814572907, 9.9114559855 ],
						[ 76.2813810118, 9.9114661423 ],
						[ 76.2813788573, 9.9114664292 ],
						[ 76.2813741973, 9.9114673733 ],
						[ 76.2812668296, 9.9114891255 ],
						[ 76.2812668287, 9.9114891257 ],
						[ 76.2812668275, 9.911489126 ],
						[ 76.281187257, 9.9115052466 ],
						[ 76.2810827418, 9.9115329272 ],
						[ 76.2810827393, 9.9115329278 ],
						[ 76.2810039425, 9.911552534 ],
						[ 76.2810039424, 9.911552534 ],
						[ 76.2809292078, 9.9115508964 ],
						[ 76.2809259505, 9.911550825 ],
						[ 76.2809025969, 9.9115558275 ],
						[ 76.2808583614, 9.9115638849 ],
						[ 76.2807654833, 9.9115771132 ],
						[ 76.2807654794, 9.9115771138 ],
						[ 76.2807654786, 9.9115771139 ],
						[ 76.2806820209, 9.9115890005 ],
						[ 76.2806092254, 9.9116041491 ],
						[ 76.2805919973, 9.9116077342 ],
						[ 76.2805919973, 9.9116077342 ],
						[ 76.280591995, 9.9116077347 ],
						[ 76.2805252412, 9.9116208887 ],
						[ 76.2804985877, 9.911618993 ],
						[ 76.2804675838, 9.9116255494 ],
						[ 76.2804675838, 9.9116255494 ],
						[ 76.280466075, 9.9116258685 ],
						[ 76.2804429434, 9.9116342139 ],
						[ 76.280435554, 9.9116368798 ],
						[ 76.2804355537, 9.9116368799 ],
						[ 76.2804000328, 9.9116493449 ],
						[ 76.280360338, 9.9116557232 ],
						[ 76.2803495582, 9.9116574553 ],
						[ 76.2803471673, 9.9116574872 ],
						[ 76.2803352559, 9.9116556832 ],
						[ 76.280326506, 9.9116543581 ],
						[ 76.280314304, 9.9116525101 ],
						[ 76.2803035958, 9.9116508883 ],
						[ 76.2802930031, 9.9116492841 ],
						[ 76.2802830026, 9.9116477695 ],
						[ 76.2802706478, 9.9116458984 ],
						[ 76.2802574147, 9.9116433789 ],
						[ 76.2802429692, 9.9116405057 ],
						[ 76.2802279875, 9.9116375258 ],
						[ 76.2802130888, 9.9116345624 ],
						[ 76.2801985628, 9.9116316731 ],
						[ 76.2801835143, 9.9116286799 ],
						[ 76.280183514, 9.9116286798 ],
						[ 76.2801528446, 9.9116225796 ],
						[ 76.2801207455, 9.911616195 ],
						[ 76.2800368666, 9.9115945845 ],
						[ 76.280036866, 9.9115945843 ],
						[ 76.2799677632, 9.9115767807 ],
						[ 76.2799677624, 9.9115767805 ],
						[ 76.2799242559, 9.9115655715 ],
						[ 76.2798821586, 9.9115559139 ],
						[ 76.2798821581, 9.9115559137 ],
						[ 76.2797886548, 9.9115344629 ],
						[ 76.2797041982, 9.9115122848 ],
						[ 76.2796028078, 9.9114849695 ],
						[ 76.2796027802, 9.911484962 ],
						[ 76.2795220625, 9.9114632161 ],
						[ 76.2796300973, 9.9111251854 ],
						[ 76.2796399777, 9.9110942708 ],
						[ 76.2796604502, 9.9110302141 ],
						[ 76.2796632784, 9.911021365 ],
						[ 76.2796653176, 9.9110098016 ],
						[ 76.2796798518, 9.9109273847 ],
						[ 76.2797007988, 9.9108086035 ],
						[ 76.2797115516, 9.9107476294 ],
						[ 76.279719973, 9.9107147403 ],
						[ 76.2797611002, 9.9105541205 ],
						[ 76.2797832232, 9.9104677209 ],
						[ 76.2797928938, 9.9104237689 ],
						[ 76.2797928938, 9.9104237689 ],
						[ 76.2798393902, 9.9102124475 ],
						[ 76.2798588098, 9.910125132 ],
						[ 76.2798827363, 9.9100175524 ],
						[ 76.279892484, 9.9099821252 ],
						[ 76.2799516804, 9.9097669814 ],
						[ 76.2799874512, 9.9096380777 ],
						[ 76.2800167145, 9.9095326247 ],
						[ 76.280026316, 9.9094909659 ],
						[ 76.2800590644, 9.9093488779 ],
						[ 76.2800590644, 9.9093488779 ],
						[ 76.280073091, 9.9092880198 ],
						[ 76.2800733862, 9.9092870782 ],
						[ 76.2801181099, 9.9091444746 ],
						[ 76.2801618771, 9.9090049205 ],
						[ 76.2801742126, 9.9089592445 ],
						[ 76.2802114949, 9.9088211949 ],
						[ 76.2802333217, 9.9087403739 ],
						[ 76.2802849608, 9.9085344433 ],
						[ 76.2803058661, 9.9084510755 ],
						[ 76.2803121223, 9.9084154882 ],
						[ 76.2803155368, 9.9083960653 ],
						[ 76.2803290396, 9.9083192564 ],
						[ 76.280350529, 9.908197017 ],
						[ 76.2803505486, 9.9081969059 ],
						[ 76.2803541015, 9.9081766957 ],
						[ 76.280356858, 9.9081610158 ],
						[ 76.2803632615, 9.9081376642 ],
						[ 76.2803972151, 9.9080138471 ],
						[ 76.2803986591, 9.9080085815 ],
						[ 76.2804003925, 9.9079976282 ],
						[ 76.2804015881, 9.9079900741 ],
						[ 76.2804020448, 9.9079871882 ],
						[ 76.2804317606, 9.9077994239 ],
						[ 76.2804365114, 9.9077694046 ],
						[ 76.280457779, 9.907615639 ],
						[ 76.2804584968, 9.907610449 ],
						[ 76.2804578969, 9.9075906931 ],
						[ 76.2804524472, 9.9074112259 ],
						[ 76.2804524472, 9.9074112254 ],
						[ 76.2804524472, 9.9074112254 ],
						[ 76.2804513983, 9.9073766835 ],
						[ 76.280444786, 9.9072446454 ],
						[ 76.280440359, 9.9071562457 ],
						[ 76.2804383609, 9.9071163478 ],
						[ 76.2804552538, 9.9069604826 ],
						[ 76.2804600249, 9.9069405722 ],
						[ 76.2804827329, 9.9068458072 ],
						[ 76.28050876, 9.9067622282 ],
						[ 76.2805287734, 9.9066979601 ],
						[ 76.2805443849, 9.906647828 ],
						[ 76.2805713823, 9.9065855738 ],
						[ 76.2806238976, 9.9064644771 ],
						[ 76.2806515551, 9.9064075527 ],
						[ 76.2807709659, 9.9061617824 ],
						[ 76.2807834309, 9.9061387883 ],
						[ 76.2807846372, 9.9061365629 ],
						[ 76.2809000117, 9.9059237309 ],
						[ 76.2809398596, 9.9058452269 ],
						[ 76.2810338403, 9.9056600762 ],
						[ 76.281078089, 9.9055717643 ],
						[ 76.2810796864, 9.9055676162 ],
						[ 76.281079782, 9.9055673681 ],
						[ 76.281152518, 9.9053784872 ],
						[ 76.2811559236, 9.905368031 ],
						[ 76.2811995954, 9.9052339483 ],
						[ 76.2811995955, 9.9052339482 ],
						[ 76.2812348937, 9.9051255742 ],
						[ 76.2812455148, 9.9050984646 ],
						[ 76.2813262455, 9.904892405 ],
						[ 76.2813462026, 9.9048405325 ],
						[ 76.2814054484, 9.904686541 ],
						[ 76.2814264245, 9.9046243033 ],
						[ 76.2814703488, 9.9044939765 ],
						[ 76.2814867331, 9.9044453629 ],
						[ 76.2815193482, 9.9043432899 ],
						[ 76.2815194254, 9.9043430484 ],
						[ 76.2815206276, 9.904339286 ],
						[ 76.2815534829, 9.9042364613 ],
						[ 76.2815561963, 9.9042279694 ],
						[ 76.2815581294, 9.9042200451 ],
						[ 76.2815632576, 9.9041990228 ],
						[ 76.2816318958, 9.9039176506 ],
						[ 76.2816335453, 9.9039103899 ],
						[ 76.2816447506, 9.9038610686 ],
						[ 76.281698082, 9.903626325 ],
						[ 76.2817051203, 9.9035953452 ],
						[ 76.2817057753, 9.9035924621 ],
						[ 76.2817111955, 9.9035686045 ],
						[ 76.2817670416, 9.9032993552 ],
						[ 76.2817717298, 9.9032767521 ],
						[ 76.2817721542, 9.9032747061 ],
						[ 76.2818171714, 9.9031408069 ],
						[ 76.2818219671, 9.9031265425 ],
						[ 76.2819191927, 9.9028560332 ],
						[ 76.2819202982, 9.9028537485 ],
						[ 76.2819214375, 9.902851394 ],
						[ 76.2821562999, 9.9023660101 ],
						[ 76.2821661075, 9.9023457409 ],
						[ 76.2821726219, 9.9023275969 ],
						[ 76.282380186, 9.9017494865 ],
						[ 76.2823809472, 9.9017473665 ],
						[ 76.2823826512, 9.9017426204 ],
						[ 76.2823828222, 9.9017427074 ],
						[ 76.282541946, 9.9012779171 ],
						[ 76.28254196, 9.9012779497 ],
						[ 76.2836001279, 9.9016554068 ],
						[ 76.2850770105, 9.9018394588 ]
					]
				]
			},
			"properties" : {
				"gml_id" : "Ernakulam_editor.fid-f0aec0d_192a2341ec3_5b5b",
				"geom" : null,
				"District" : "Ernakulam",
				"LSGD" : "Cochin",
				"Ward_Name" : "PERUMBADAPPU",
				"Ward_No" : 60,
				"Lsgd_Type" : "Corporation",
				"Created_Da" : "2024-10-22T09:03:35.075Z",
				"Surveyor" : "Jibin K",
				"Mob_No" : "9946674644",
				"Remarks" : null,
				"Q__result" : "ErnakulamLocked.Cochin60",
				"Q__timesta" : "20250528",
				"_result" : "Ernakulam_Cochin",
				"OBJECTID" : 1131,
				"gml_parent_id" : null,
				"gml_parent_property" : "featureMembers",
				"Created_Date" : "2024-10-22T08:33:36.003Z",
				"_ulid" : "01JBBD7151DY27T8X2GJ2ZD40P"
			}
		},
		{
			"type" : "Feature",
			"geometry" : {
				"type" : "Polygon",
				"coordinates" : [
					[
						[ 76.2915507934, 9.9688113318 ],
						[ 76.2915698967, 9.968671681 ],
						[ 76.2916005606, 9.9684475191 ],
						[ 76.2916291542, 9.9682384916 ],
						[ 76.2916606789, 9.9680080371 ],
						[ 76.2916935243, 9.9677679268 ],
						[ 76.2917543193, 9.9673234966 ],
						[ 76.2918029657, 9.9669678762 ],
						[ 76.291835567, 9.9667295498 ],
						[ 76.2919158608, 9.9661425749 ],
						[ 76.2919963241, 9.9655543606 ],
						[ 76.2920376304, 9.9652523961 ],
						[ 76.2920479272, 9.9651771225 ],
						[ 76.2920479393, 9.9651770342 ],
						[ 76.2920479568, 9.9651769067 ],
						[ 76.2920534773, 9.9651595129 ],
						[ 76.2921253173, 9.9651954169 ],
						[ 76.2928309642, 9.9653642577 ],
						[ 76.2930313089, 9.9654121941 ],
						[ 76.2933528, 9.9654891168 ],
						[ 76.2933901095, 9.9654969151 ],
						[ 76.2935931416, 9.9655393524 ],
						[ 76.293743423, 9.9655707637 ],
						[ 76.2938027458, 9.9655831632 ],
						[ 76.2943010241, 9.9656873112 ],
						[ 76.2944527053, 9.9657190147 ],
						[ 76.2944559104, 9.9657196543 ],
						[ 76.2947167946, 9.9657703432 ],
						[ 76.2947995596, 9.9657690679 ],
						[ 76.2949442255, 9.9658170939 ],
						[ 76.2954914468, 9.9659262868 ],
						[ 76.2956169103, 9.9659513218 ],
						[ 76.295782605, 9.9659843843 ],
						[ 76.2959869484, 9.9660251587 ],
						[ 76.2961369242, 9.9660550846 ],
						[ 76.2963147447, 9.9660905664 ],
						[ 76.2963229521, 9.9660922041 ],
						[ 76.2964304398, 9.9661136519 ],
						[ 76.2965946655, 9.9661464209 ],
						[ 76.2968331275, 9.9661886463 ],
						[ 76.2970854884, 9.9662333327 ],
						[ 76.2973033239, 9.9662719053 ],
						[ 76.2977371464, 9.9663487229 ],
						[ 76.2987380933, 9.9667579876 ],
						[ 76.2987380375, 9.966758972 ],
						[ 76.2987216984, 9.9667897874 ],
						[ 76.2986719441, 9.9677629783 ],
						[ 76.2985562137, 9.9682129617 ],
						[ 76.2984784504, 9.9684626734 ],
						[ 76.2984383668, 9.9685902269 ],
						[ 76.2984023938, 9.9687145391 ],
						[ 76.2982640901, 9.9691429607 ],
						[ 76.2980942951, 9.9695636685 ],
						[ 76.2977475001, 9.9703954861 ],
						[ 76.2970677179, 9.9720015338 ],
						[ 76.2969625456, 9.97224952 ],
						[ 76.2968290699, 9.9725889183 ],
						[ 76.2965882994, 9.9731983218 ],
						[ 76.2964333611, 9.973583132 ],
						[ 76.2962312819, 9.9738649633 ],
						[ 76.296122238, 9.974010884 ],
						[ 76.296018136, 9.9741455438 ],
						[ 76.2959698571, 9.9742171011 ],
						[ 76.2958736984, 9.9743435018 ],
						[ 76.2952690242, 9.9749553557 ],
						[ 76.295011142, 9.9752215536 ],
						[ 76.2948708811, 9.9754238449 ],
						[ 76.2947255479, 9.9758376194 ],
						[ 76.2946467565, 9.9759424188 ],
						[ 76.2945303693, 9.9767319692 ],
						[ 76.2943476759, 9.9775229514 ],
						[ 76.2945973066, 9.9776067847 ],
						[ 76.2947431821, 9.9776602516 ],
						[ 76.2953111347, 9.9778105364 ],
						[ 76.2967525246, 9.9780974046 ],
						[ 76.2965265849, 9.9794645846 ],
						[ 76.2963422966, 9.9807708608 ],
						[ 76.2962899979, 9.9810692399 ],
						[ 76.2962606387, 9.9812366735 ],
						[ 76.2962395287, 9.9813443262 ],
						[ 76.2962196712, 9.9814476871 ],
						[ 76.2961925325, 9.9815811802 ],
						[ 76.2961407302, 9.9818499997 ],
						[ 76.2961126371, 9.9819760345 ],
						[ 76.2960977963, 9.9820551205 ],
						[ 76.2960695174, 9.9822112695 ],
						[ 76.2960410359, 9.9824238667 ],
						[ 76.2960195792, 9.9825715427 ],
						[ 76.2959461132, 9.9832054131 ],
						[ 76.2959093687, 9.9835267064 ],
						[ 76.2952631792, 9.9834907092 ],
						[ 76.2945803819, 9.9834924755 ],
						[ 76.2941249142, 9.9833928906 ],
						[ 76.2936341663, 9.9832845366 ],
						[ 76.293343628, 9.9832553433 ],
						[ 76.2931609544, 9.983237241 ],
						[ 76.2919755743, 9.983073448 ],
						[ 76.2915165639, 9.9830058649 ],
						[ 76.2910652927, 9.9829651065 ],
						[ 76.2909267072, 9.9829572946 ],
						[ 76.2904638253, 9.9829220082 ],
						[ 76.2901754881, 9.9828979482 ],
						[ 76.2899169748, 9.9828938498 ],
						[ 76.2896789514, 9.982895199 ],
						[ 76.2894521422, 9.9828937076 ],
						[ 76.2892586014, 9.9828960595 ],
						[ 76.2892118083, 9.9828960282 ],
						[ 76.2890591158, 9.9828969435 ],
						[ 76.288938082, 9.9828779828 ],
						[ 76.2888397292, 9.9828641825 ],
						[ 76.2887667248, 9.9828539389 ],
						[ 76.2885880966, 9.9828288748 ],
						[ 76.2885578747, 9.9828246342 ],
						[ 76.2885205292, 9.9828193941 ],
						[ 76.2888391268, 9.9812485739 ],
						[ 76.2889864523, 9.9805897367 ],
						[ 76.2891302044, 9.9799468784 ],
						[ 76.2892127652, 9.9795776659 ],
						[ 76.2892147637, 9.9795668081 ],
						[ 76.2897653578, 9.9765754544 ],
						[ 76.2899347145, 9.9756553396 ],
						[ 76.2904903931, 9.9736666802 ],
						[ 76.2907325988, 9.9727998698 ],
						[ 76.2912666255, 9.9708886717 ],
						[ 76.2915507934, 9.9688113318 ]
					]
				]
			},
			"properties" : {
				"gml_id" : "Ernakulam_editor.fid-f0aec0d_192a2341ec3_-5ea0",
				"geom" : null,
				"District" : "Ernakulam",
				"LSGD" : "Cochin",
				"Ward_Name" : "GANDHI NAGAR",
				"Ward_No" : 12,
				"Lsgd_Type" : "Corporation",
				"Created_Da" : "2024-10-19T09:33:52.709Z",
				"Surveyor" : "Swapna A",
				"Mob_No" : "9946674644",
				"Remarks" : null,
				"Q__result" : "ErnakulamLocked.Cochin12",
				"Q__timesta" : "20250528",
				"_result" : "Ernakulam_Cochin",
				"OBJECTID" : 1131,
				"gml_parent_id" : null,
				"gml_parent_property" : "featureMembers",
				"Created_Date" : "2024-10-22T08:33:36.003Z",
				"_ulid" : "01JBBD7151DY27T8X2GJ2ZD40P"
			}
		},
		{
			"type" : "Feature",
			"geometry" : {
				"type" : "Polygon",
				"coordinates" : [
					[
						[ 76.3235860904, 9.9779573757 ],
						[ 76.3235959659, 9.9779501328 ],
						[ 76.3236432161, 9.9779154785 ],
						[ 76.3236758121, 9.9778951147 ],
						[ 76.3237655566, 9.9778708777 ],
						[ 76.3240209417, 9.9779632391 ],
						[ 76.3241079187, 9.9779679133 ],
						[ 76.3242305196, 9.9780129445 ],
						[ 76.3243774324, 9.97808443 ],
						[ 76.3244852502, 9.9780743251 ],
						[ 76.3245702993, 9.9780720651 ],
						[ 76.324666586, 9.9780258131 ],
						[ 76.3247898206, 9.9778973185 ],
						[ 76.3249145839, 9.9776869082 ],
						[ 76.3249578971, 9.9776256283 ],
						[ 76.3249593383, 9.9776235893 ],
						[ 76.3250857153, 9.9774320599 ],
						[ 76.325093559, 9.9774201725 ],
						[ 76.3251088404, 9.977390629 ],
						[ 76.3251232695, 9.9773627332 ],
						[ 76.3251241024, 9.9773632855 ],
						[ 76.3254242739, 9.9775622911 ],
						[ 76.3258744582, 9.977679753 ],
						[ 76.3264047435, 9.9777466239 ],
						[ 76.3277860056, 9.9777337803 ],
						[ 76.3285546014, 9.9777639892 ],
						[ 76.3289847032, 9.9778389712 ],
						[ 76.3295972371, 9.9779481254 ],
						[ 76.3298491431, 9.9780206618 ],
						[ 76.3305610928, 9.9782147498 ],
						[ 76.3307804266, 9.9783011641 ],
						[ 76.3311908638, 9.978453843 ],
						[ 76.3313603715, 9.9785524745 ],
						[ 76.3316722395, 9.9787309268 ],
						[ 76.3318841672, 9.9789835744 ],
						[ 76.3320527383, 9.9791840022 ],
						[ 76.3321156614, 9.9792872498 ],
						[ 76.3321770401, 9.9793899963 ],
						[ 76.3319451283, 9.9797187084 ],
						[ 76.3316694923, 9.9799190518 ],
						[ 76.3311877952, 9.9799422202 ],
						[ 76.3308573805, 9.9798358859 ],
						[ 76.3303263862, 9.9797705407 ],
						[ 76.3300459359, 9.9797511778 ],
						[ 76.3295081785, 9.9796996873 ],
						[ 76.3291621419, 9.9797209178 ],
						[ 76.3285635204, 9.9799375714 ],
						[ 76.328131082, 9.980262411 ],
						[ 76.3280700072, 9.9803352328 ],
						[ 76.3279978486, 9.9804202023 ],
						[ 76.3278140236, 9.980622333 ],
						[ 76.3274024038, 9.9813519568 ],
						[ 76.3270284159, 9.9823631708 ],
						[ 76.3266928566, 9.9830985966 ],
						[ 76.3260065657, 9.9837721761 ],
						[ 76.3258241146, 9.9839079304 ],
						[ 76.3254977473, 9.9841421415 ],
						[ 76.3254251152, 9.9842185199 ],
						[ 76.3252912847, 9.9843772924 ],
						[ 76.32510194, 9.9846287721 ],
						[ 76.3250476271, 9.9848806455 ],
						[ 76.3251383419, 9.9852122319 ],
						[ 76.3253733774, 9.985521724 ],
						[ 76.3256509285, 9.9857093163 ],
						[ 76.3263388142, 9.9862308615 ],
						[ 76.3266049395, 9.9865610817 ],
						[ 76.3267857655, 9.9867604712 ],
						[ 76.3270251688, 9.9875120427 ],
						[ 76.3270159686, 9.9887879178 ],
						[ 76.326933975, 9.989136527 ],
						[ 76.3272149241, 9.9899730919 ],
						[ 76.3276218253, 9.9904688543 ],
						[ 76.3281502565, 9.9908850055 ],
						[ 76.328247456, 9.9910076141 ],
						[ 76.3282762877, 9.9910439829 ],
						[ 76.3279426497, 9.9914639535 ],
						[ 76.3276683551, 9.9919287828 ],
						[ 76.32758763, 9.9920404499 ],
						[ 76.3274570192, 9.9922305016 ],
						[ 76.3274190389, 9.9922825672 ],
						[ 76.3271787923, 9.9926130794 ],
						[ 76.326843424, 9.9930042851 ],
						[ 76.3266433161, 9.9933062554 ],
						[ 76.3265150223, 9.9934861824 ],
						[ 76.3264625313, 9.9935614332 ],
						[ 76.3263954339, 9.9935368059 ],
						[ 76.3262371363, 9.9934787044 ],
						[ 76.3260241141, 9.9933977578 ],
						[ 76.3259505365, 9.9933531728 ],
						[ 76.3258488297, 9.9933415935 ],
						[ 76.3258302419, 9.9933347873 ],
						[ 76.3255094697, 9.993229545 ],
						[ 76.3253704815, 9.9931580852 ],
						[ 76.3253265407, 9.9931337548 ],
						[ 76.3247329271, 9.9927941841 ],
						[ 76.3246841763, 9.9927653144 ],
						[ 76.3245507117, 9.9926101433 ],
						[ 76.3244344116, 9.9926059614 ],
						[ 76.3242926672, 9.9925875302 ],
						[ 76.3242370633, 9.9925803 ],
						[ 76.324170116, 9.9925644148 ],
						[ 76.3240315038, 9.9925026528 ],
						[ 76.3238225138, 9.9923954424 ],
						[ 76.3235416924, 9.9922513827 ],
						[ 76.323298323, 9.9921762026 ],
						[ 76.3232727312, 9.9921682969 ],
						[ 76.3230838233, 9.992173959 ],
						[ 76.3229732713, 9.9921761273 ],
						[ 76.3226469171, 9.992180815 ],
						[ 76.3223559995, 9.9921957728 ],
						[ 76.3222212573, 9.992199811 ],
						[ 76.3222201927, 9.9921998429 ],
						[ 76.3221891039, 9.9921981536 ],
						[ 76.322172752, 9.9921953351 ],
						[ 76.3220480085, 9.9921738331 ],
						[ 76.3219939602, 9.9921515479 ],
						[ 76.3217910372, 9.9920678785 ],
						[ 76.3225020517, 9.9903125383 ],
						[ 76.3225809975, 9.9901883562 ],
						[ 76.3226078246, 9.990146157 ],
						[ 76.3226251657, 9.9901187213 ],
						[ 76.3227156161, 9.9899756177 ],
						[ 76.3228231344, 9.9898365363 ],
						[ 76.3229022658, 9.9897757509 ],
						[ 76.3229345752, 9.9897788896 ],
						[ 76.3229470027, 9.9897845371 ],
						[ 76.322992285, 9.989784496 ],
						[ 76.3230784049, 9.9897928623 ],
						[ 76.3231514917, 9.9897857207 ],
						[ 76.3231595566, 9.9897785861 ],
						[ 76.3231768443, 9.9897752401 ],
						[ 76.3231946273, 9.9897475609 ],
						[ 76.3232029088, 9.9897402347 ],
						[ 76.3233260877, 9.9895343378 ],
						[ 76.3233532234, 9.9894550037 ],
						[ 76.3233704312, 9.989419982 ],
						[ 76.3234121193, 9.9893337293 ],
						[ 76.323456265, 9.9892490501 ],
						[ 76.3235234523, 9.9891197825 ],
						[ 76.3235259108, 9.9891150524 ],
						[ 76.3235343633, 9.98909614 ],
						[ 76.323581505, 9.989008374 ],
						[ 76.3236147057, 9.9889587779 ],
						[ 76.3236823268, 9.9888343182 ],
						[ 76.3237273768, 9.9887185804 ],
						[ 76.3238310055, 9.9884499098 ],
						[ 76.3238377491, 9.9884290996 ],
						[ 76.3236813913, 9.9883715479 ],
						[ 76.3232220948, 9.9881984589 ],
						[ 76.3226357711, 9.987965009 ],
						[ 76.3224309092, 9.9878866095 ],
						[ 76.3221360777, 9.9877756921 ],
						[ 76.322044139, 9.9877365221 ],
						[ 76.3220393709, 9.9877364352 ],
						[ 76.3221634014, 9.9873645375 ],
						[ 76.3221745192, 9.9873312014 ],
						[ 76.3221743168, 9.9873311065 ],
						[ 76.322188766, 9.9872933721 ],
						[ 76.3222030511, 9.9872703119 ],
						[ 76.3222777602, 9.9871497095 ],
						[ 76.322454047, 9.9871450475 ],
						[ 76.3226205025, 9.9866935525 ],
						[ 76.3222134171, 9.986558376 ],
						[ 76.3217858146, 9.9862314685 ],
						[ 76.3212686108, 9.9860690889 ],
						[ 76.3208011852, 9.9858775941 ],
						[ 76.3206142204, 9.9857662024 ],
						[ 76.3202464669, 9.985547098 ],
						[ 76.3199111345, 9.98541234 ],
						[ 76.3197442777, 9.9853141944 ],
						[ 76.3196660286, 9.985264515 ],
						[ 76.3195155908, 9.9851732021 ],
						[ 76.3194378019, 9.9851339242 ],
						[ 76.319306196, 9.9850565129 ],
						[ 76.3190019125, 9.9850505204 ],
						[ 76.318946804, 9.9850471535 ],
						[ 76.3189526706, 9.9850314367 ],
						[ 76.3189766289, 9.9849672523 ],
						[ 76.3192265661, 9.9847773478 ],
						[ 76.3192336843, 9.9847722193 ],
						[ 76.3192390829, 9.9847681476 ],
						[ 76.319239339, 9.9847679545 ],
						[ 76.3192393415, 9.9847679364 ],
						[ 76.3192571349, 9.9847008285 ],
						[ 76.3193171452, 9.9844774429 ],
						[ 76.3193219233, 9.9844670098 ],
						[ 76.3194262078, 9.9841867828 ],
						[ 76.3194597147, 9.9840770622 ],
						[ 76.3194599335, 9.9840763457 ],
						[ 76.3194669165, 9.9840662912 ],
						[ 76.3195550372, 9.9839394112 ],
						[ 76.319646687, 9.9838148861 ],
						[ 76.3197641751, 9.9836630486 ],
						[ 76.3197780954, 9.9836450584 ],
						[ 76.319878753, 9.9835335895 ],
						[ 76.3199163087, 9.9834875691 ],
						[ 76.3199684301, 9.9834236704 ],
						[ 76.3200325756, 9.9833117643 ],
						[ 76.3201471388, 9.9831243527 ],
						[ 76.3201927619, 9.983054792 ],
						[ 76.3202127722, 9.9830242826 ],
						[ 76.3204022986, 9.9826996007 ],
						[ 76.3205201763, 9.9825451075 ],
						[ 76.3206131177, 9.9824286023 ],
						[ 76.320614654, 9.9824255891 ],
						[ 76.3206780015, 9.9823013473 ],
						[ 76.3207429112, 9.9821595157 ],
						[ 76.3207753737, 9.9820990741 ],
						[ 76.3208029478, 9.9820209631 ],
						[ 76.3209251454, 9.9818480819 ],
						[ 76.3209456527, 9.9818190688 ],
						[ 76.3209532013, 9.9818084813 ],
						[ 76.3210603802, 9.9816581539 ],
						[ 76.321112891, 9.981557901 ],
						[ 76.3211174849, 9.9815491304 ],
						[ 76.3211255676, 9.9815021587 ],
						[ 76.3211563593, 9.9813571904 ],
						[ 76.321162166, 9.9812894706 ],
						[ 76.3211830162, 9.9811928837 ],
						[ 76.3212260727, 9.9810974316 ],
						[ 76.3212838667, 9.9810073304 ],
						[ 76.3213291755, 9.9808986639 ],
						[ 76.3213926474, 9.9807858313 ],
						[ 76.3214330681, 9.9806820519 ],
						[ 76.3214699464, 9.9805620319 ],
						[ 76.3215252457, 9.9804467288 ],
						[ 76.3216179453, 9.9803407383 ],
						[ 76.3216921036, 9.9802397631 ],
						[ 76.3217977828, 9.9801156149 ],
						[ 76.3218497116, 9.9800350559 ],
						[ 76.3218532818, 9.9800295174 ],
						[ 76.3218946135, 9.9799074254 ],
						[ 76.3219134997, 9.9797933552 ],
						[ 76.3219381756, 9.9796525329 ],
						[ 76.3219580262, 9.9795891717 ],
						[ 76.3219779401, 9.9795256087 ],
						[ 76.3219816083, 9.9795139 ],
						[ 76.3219880805, 9.9795053546 ],
						[ 76.3220481413, 9.9794260543 ],
						[ 76.322051171, 9.979422054 ],
						[ 76.322081949, 9.979385626 ],
						[ 76.3221454168, 9.9793105071 ],
						[ 76.3222198345, 9.9791358441 ],
						[ 76.3222239994, 9.9791271924 ],
						[ 76.3223035822, 9.9789618765 ],
						[ 76.3223472343, 9.9788841654 ],
						[ 76.3223626541, 9.9788567144 ],
						[ 76.32236689, 9.9788491736 ],
						[ 76.3223927055, 9.9788274408 ],
						[ 76.3224813809, 9.9787527897 ],
						[ 76.3225552799, 9.9786690742 ],
						[ 76.322587189, 9.9786329263 ],
						[ 76.3226731015, 9.9785708346 ],
						[ 76.3226951598, 9.9785608413 ],
						[ 76.322792626, 9.9785166849 ],
						[ 76.3228559213, 9.9784583586 ],
						[ 76.322879951, 9.9784362153 ],
						[ 76.3229181299, 9.9783442916 ],
						[ 76.322924411, 9.9783291683 ],
						[ 76.3229310883, 9.9783130914 ],
						[ 76.3229704531, 9.9782282307 ],
						[ 76.3230873942, 9.9781974799 ],
						[ 76.3231249641, 9.9781979418 ],
						[ 76.3231888565, 9.9781987272 ],
						[ 76.3232953216, 9.9782049311 ],
						[ 76.3232965421, 9.97820433 ],
						[ 76.3233783272, 9.9781640478 ],
						[ 76.3233803172, 9.9781619213 ],
						[ 76.3234097071, 9.9781305167 ],
						[ 76.3234097677, 9.9781304995 ],
						[ 76.3234136212, 9.9781263342 ],
						[ 76.3234715384, 9.9780644464 ],
						[ 76.3234754188, 9.9780595364 ],
						[ 76.3235358283, 9.9779942391 ],
						[ 76.3235860904, 9.9779573757 ]
					]
				]
			},
			"properties" : {
				"gml_id" : "Ernakulam_editor.fid-f0aec0d_192a2341ec3_636d",
				"geom" : null,
				"District" : "Ernakulam",
				"LSGD" : "Cochin",
				"Ward_Name" : "CHALIKKAVATTAM",
				"Ward_No" : 40,
				"Lsgd_Type" : "Corporation",
				"Created_Da" : "2024-10-22T11:37:24.366Z",
				"Surveyor" : "Swapna A",
				"Mob_No" : "9946674644",
				"Remarks" : null,
				"Q__result" : "ErnakulamLocked.Cochin40",
				"Q__timesta" : "20250528",
				"_result" : "Ernakulam_Cochin",
				"OBJECTID" : 1131,
				"gml_parent_id" : null,
				"gml_parent_property" : "featureMembers",
				"Created_Date" : "2024-10-22T08:33:36.003Z",
				"_ulid" : "01JBBD7151DY27T8X2GJ2ZD40P"
			}
		},
		{
			"type" : "Feature",
			"geometry" : {
				"type" : "Polygon",
				"coordinates" : [
					[
						[ 76.2934110969, 10.0123757995 ],
						[ 76.2934110847, 10.0123759955 ],
						[ 76.2934110825, 10.0123760303 ],
						[ 76.2934110766, 10.0123761244 ],
						[ 76.2934046011, 10.0123944507 ],
						[ 76.2933556238, 10.0125330595 ],
						[ 76.2933205634, 10.0126322827 ],
						[ 76.2933194054, 10.0126355599 ],
						[ 76.2933089514, 10.0126854809 ],
						[ 76.293272804, 10.0128580951 ],
						[ 76.2932550016, 10.0129431071 ],
						[ 76.2932537324, 10.0129468224 ],
						[ 76.2932128669, 10.0130664507 ],
						[ 76.2932073278, 10.0130826657 ],
						[ 76.2932066469, 10.0130859746 ],
						[ 76.2931911232, 10.0131614173 ],
						[ 76.2931827893, 10.0132019189 ],
						[ 76.2931826996, 10.0132023843 ],
						[ 76.2931395287, 10.0134262281 ],
						[ 76.2931176118, 10.0135403463 ],
						[ 76.2930847348, 10.0137115321 ],
						[ 76.2930845916, 10.013712021 ],
						[ 76.2930658114, 10.013776158 ],
						[ 76.293064677, 10.0137814616 ],
						[ 76.2930632166, 10.0137882893 ],
						[ 76.2930184397, 10.0139873814 ],
						[ 76.2930149732, 10.0140021318 ],
						[ 76.2930149572, 10.0140021998 ],
						[ 76.2930139849, 10.0140020873 ],
						[ 76.2930119133, 10.0140018475 ],
						[ 76.292998606, 10.0140006293 ],
						[ 76.2929940155, 10.0140002091 ],
						[ 76.2929097889, 10.0139941578 ],
						[ 76.2928690992, 10.0139916484 ],
						[ 76.2928690983, 10.0139916484 ],
						[ 76.2928166072, 10.0139884111 ],
						[ 76.2927776225, 10.0139860068 ],
						[ 76.2927776223, 10.0139860068 ],
						[ 76.2927662035, 10.0139853026 ],
						[ 76.2927362289, 10.0139841006 ],
						[ 76.2927362284, 10.0139841005 ],
						[ 76.2926920585, 10.0139823292 ],
						[ 76.2926523359, 10.0139806998 ],
						[ 76.2926522358, 10.0139806908 ],
						[ 76.2926461892, 10.0139801463 ],
						[ 76.2926425953, 10.0139798226 ],
						[ 76.2925982177, 10.0139758258 ],
						[ 76.2925982152, 10.0139758256 ],
						[ 76.2925115104, 10.0139680168 ],
						[ 76.2925115092, 10.0139680167 ],
						[ 76.2925115089, 10.0139680167 ],
						[ 76.2924998933, 10.0139669706 ],
						[ 76.2924875389, 10.0139658579 ],
						[ 76.2924855642, 10.0139658897 ],
						[ 76.2924791439, 10.0139659931 ],
						[ 76.2924336854, 10.0139667256 ],
						[ 76.2924266168, 10.0139668395 ],
						[ 76.292419966, 10.0139669466 ],
						[ 76.2923710056, 10.0139677355 ],
						[ 76.2923709835, 10.0139677358 ],
						[ 76.2923707781, 10.0139677392 ],
						[ 76.2923707255, 10.01396774 ],
						[ 76.2923707151, 10.0139677402 ],
						[ 76.2923483329, 10.0139665079 ],
						[ 76.2923221988, 10.0139648809 ],
						[ 76.2923097974, 10.0139641088 ],
						[ 76.2922758115, 10.013961993 ],
						[ 76.2922751052, 10.013961949 ],
						[ 76.2922743345, 10.0139619976 ],
						[ 76.2922630523, 10.0139627094 ],
						[ 76.2922630523, 10.0139627094 ],
						[ 76.2922630522, 10.0139627094 ],
						[ 76.292230629, 10.013964755 ],
						[ 76.2922248096, 10.0139632836 ],
						[ 76.2921865745, 10.0139536156 ],
						[ 76.2921547935, 10.0139425301 ],
						[ 76.2921095565, 10.0139266556 ],
						[ 76.2920428448, 10.0139028655 ],
						[ 76.2920402178, 10.0139012321 ],
						[ 76.2920088681, 10.0138817386 ],
						[ 76.2919847644, 10.0138667507 ],
						[ 76.2919847643, 10.0138667507 ],
						[ 76.2919847643, 10.0138667507 ],
						[ 76.2919548424, 10.013848145 ],
						[ 76.2919095175, 10.0138200776 ],
						[ 76.2919024109, 10.0138156768 ],
						[ 76.2918617621, 10.0137957291 ],
						[ 76.2918528543, 10.0137913578 ],
						[ 76.2918143266, 10.013772451 ],
						[ 76.2918105406, 10.0137709974 ],
						[ 76.2917716298, 10.0137582984 ],
						[ 76.291757591, 10.0137537167 ],
						[ 76.291757591, 10.0137537167 ],
						[ 76.2917333114, 10.0137457927 ],
						[ 76.291733243, 10.0137457704 ],
						[ 76.2917332265, 10.013745765 ],
						[ 76.2916968976, 10.0137339087 ],
						[ 76.2916267897, 10.0137169364 ],
						[ 76.2916018757, 10.013710905 ],
						[ 76.2916018757, 10.013710905 ],
						[ 76.2915315701, 10.0136670788 ],
						[ 76.2915290352, 10.0136653543 ],
						[ 76.2914957641, 10.0136427202 ],
						[ 76.2914896057, 10.0136385307 ],
						[ 76.2914472843, 10.0136137493 ],
						[ 76.2914266794, 10.0136016934 ],
						[ 76.2914266794, 10.0136016934 ],
						[ 76.2914210532, 10.0135984015 ],
						[ 76.2914013662, 10.0135868826 ],
						[ 76.2913729092, 10.0135702323 ],
						[ 76.291352093, 10.0135580527 ],
						[ 76.2913478615, 10.0135559254 ],
						[ 76.2913290693, 10.0135467212 ],
						[ 76.2913243623, 10.0135444064 ],
						[ 76.2913129341, 10.0135387861 ],
						[ 76.291292932, 10.0135290216 ],
						[ 76.2912785421, 10.0135219365 ],
						[ 76.2912642207, 10.0135149593 ],
						[ 76.2912540016, 10.0135099541 ],
						[ 76.2911581784, 10.0134590456 ],
						[ 76.291141489, 10.0134451302 ],
						[ 76.2911167552, 10.013424318 ],
						[ 76.291110472, 10.0134190286 ],
						[ 76.2911094709, 10.0134181858 ],
						[ 76.2910888305, 10.0134008098 ],
						[ 76.2910878597, 10.0133999925 ],
						[ 76.2910483908, 10.0133667659 ],
						[ 76.291017711, 10.0133409384 ],
						[ 76.2909933583, 10.0133204373 ],
						[ 76.2909629527, 10.0132948405 ],
						[ 76.2909572211, 10.013291806 ],
						[ 76.2909480611, 10.0132869565 ],
						[ 76.290933405, 10.0132793408 ],
						[ 76.290933405, 10.0132793408 ],
						[ 76.2909171401, 10.0132706102 ],
						[ 76.2909142481, 10.0132683956 ],
						[ 76.2909100455, 10.0132651773 ],
						[ 76.2909100454, 10.0132651772 ],
						[ 76.2909036825, 10.0132603047 ],
						[ 76.2909024186, 10.0132593368 ],
						[ 76.2909023701, 10.0132592997 ],
						[ 76.290898095, 10.0132560259 ],
						[ 76.2908903862, 10.0132501226 ],
						[ 76.2908689857, 10.0132337346 ],
						[ 76.2908432274, 10.0132140093 ],
						[ 76.2908410802, 10.0132123651 ],
						[ 76.2908379664, 10.0132099806 ],
						[ 76.2908375795, 10.0132097642 ],
						[ 76.2908262758, 10.0132034436 ],
						[ 76.2907924581, 10.0131850364 ],
						[ 76.2907890731, 10.013183194 ],
						[ 76.2907526932, 10.0131633922 ],
						[ 76.2907168592, 10.0131438877 ],
						[ 76.290713087, 10.0131412192 ],
						[ 76.2906913038, 10.0131258098 ],
						[ 76.2906901993, 10.0131250284 ],
						[ 76.2906595758, 10.013109575 ],
						[ 76.2906456835, 10.0131025645 ],
						[ 76.2906456834, 10.0131025645 ],
						[ 76.2905392794, 10.0130405435 ],
						[ 76.2905318594, 10.0130359528 ],
						[ 76.2905317359, 10.0130359367 ],
						[ 76.2905312718, 10.0130358759 ],
						[ 76.2905312718, 10.0130358759 ],
						[ 76.290504863, 10.0130324208 ],
						[ 76.2904645075, 10.0130272123 ],
						[ 76.2904645073, 10.0130272123 ],
						[ 76.2904632158, 10.0130270456 ],
						[ 76.2904436078, 10.0130350454 ],
						[ 76.2904030107, 10.0130502612 ],
						[ 76.2903762499, 10.0130473439 ],
						[ 76.2903463906, 10.0130369376 ],
						[ 76.2902094244, 10.0129728007 ],
						[ 76.2902048658, 10.0129705918 ],
						[ 76.2902044122, 10.0129704536 ],
						[ 76.2901055332, 10.0129339756 ],
						[ 76.2900000077, 10.0128822781 ],
						[ 76.2899046727, 10.0128235756 ],
						[ 76.2899033501, 10.0128231773 ],
						[ 76.2898660962, 10.0128119581 ],
						[ 76.2897836978, 10.012788044 ],
						[ 76.2897836975, 10.0127880439 ],
						[ 76.2897836975, 10.0127880439 ],
						[ 76.2897746812, 10.0127854271 ],
						[ 76.289697847, 10.0127653453 ],
						[ 76.2896441528, 10.0127540024 ],
						[ 76.2896375775, 10.0127526133 ],
						[ 76.2896322011, 10.0127523666 ],
						[ 76.2895920159, 10.0127500574 ],
						[ 76.289489844, 10.012734249 ],
						[ 76.2894861726, 10.0127336233 ],
						[ 76.2894180326, 10.012731019 ],
						[ 76.2894167641, 10.0127310762 ],
						[ 76.2893561986, 10.0127336052 ],
						[ 76.2893561986, 10.0127336052 ],
						[ 76.2893024295, 10.0127293044 ],
						[ 76.2893016483, 10.0127293493 ],
						[ 76.2892722342, 10.0127302548 ],
						[ 76.2892248357, 10.0127188293 ],
						[ 76.2892214838, 10.0127168444 ],
						[ 76.2892200388, 10.0127159888 ],
						[ 76.2891855654, 10.0126955755 ],
						[ 76.2891614002, 10.0126812662 ],
						[ 76.2891366717, 10.0126787275 ],
						[ 76.2889927236, 10.0126639494 ],
						[ 76.2889902313, 10.012664166 ],
						[ 76.2889477627, 10.0126678572 ],
						[ 76.2888677834, 10.0126636227 ],
						[ 76.2888593106, 10.0126631268 ],
						[ 76.2888590423, 10.0126631599 ],
						[ 76.288804869, 10.0126698493 ],
						[ 76.2887886202, 10.0126718557 ],
						[ 76.2887796339, 10.0126729653 ],
						[ 76.2887787045, 10.01267308 ],
						[ 76.2887371323, 10.0126849327 ],
						[ 76.2886638426, 10.012706458 ],
						[ 76.2886638426, 10.012706458 ],
						[ 76.2886608047, 10.0127073502 ],
						[ 76.2886354922, 10.0127212864 ],
						[ 76.2885868773, 10.012746714 ],
						[ 76.2885829949, 10.0127469937 ],
						[ 76.2885508343, 10.0127493111 ],
						[ 76.2885088988, 10.0127498045 ],
						[ 76.2884294084, 10.0127492849 ],
						[ 76.2884012363, 10.0127459214 ],
						[ 76.2883186082, 10.0127360565 ],
						[ 76.288278777, 10.0127374222 ],
						[ 76.2881868022, 10.0127405757 ],
						[ 76.2879974802, 10.0127002141 ],
						[ 76.2879778594, 10.0126958524 ],
						[ 76.2878966411, 10.0126580287 ],
						[ 76.2878880119, 10.0126540101 ],
						[ 76.2878880116, 10.0126540099 ],
						[ 76.2876347276, 10.012517228 ],
						[ 76.287597833, 10.0124880192 ],
						[ 76.2875862332, 10.0124783856 ],
						[ 76.287512583, 10.0124205284 ],
						[ 76.2875125829, 10.0124205284 ],
						[ 76.2875125829, 10.0124205284 ],
						[ 76.2875103032, 10.0124187375 ],
						[ 76.2872574372, 10.0122997693 ],
						[ 76.2872574371, 10.0122997693 ],
						[ 76.2872572648, 10.0122996882 ],
						[ 76.2871064493, 10.0122952317 ],
						[ 76.2870919076, 10.012294802 ],
						[ 76.2870919075, 10.012294802 ],
						[ 76.2870919075, 10.012294802 ],
						[ 76.2870882971, 10.0122946953 ],
						[ 76.2870290295, 10.0123059781 ],
						[ 76.2869533426, 10.0123203867 ],
						[ 76.2869533425, 10.0123203867 ],
						[ 76.286791235, 10.0123025806 ],
						[ 76.2864801659, 10.0122079139 ],
						[ 76.2863108282, 10.0120854123 ],
						[ 76.2863090104, 10.0120840916 ],
						[ 76.286288401, 10.0120691182 ],
						[ 76.2862881954, 10.012069033 ],
						[ 76.2861865239, 10.0120269188 ],
						[ 76.2858580395, 10.0119539077 ],
						[ 76.2856313084, 10.0119033433 ],
						[ 76.285560167, 10.011886391 ],
						[ 76.2853524939, 10.0118102578 ],
						[ 76.2852941624, 10.0117888734 ],
						[ 76.2852448627, 10.0117708 ],
						[ 76.2851997045, 10.0117542449 ],
						[ 76.2851533759, 10.0117365936 ],
						[ 76.2851425548, 10.0117289799 ],
						[ 76.2851424619, 10.0117289145 ],
						[ 76.2851312787, 10.0117210461 ],
						[ 76.2850529211, 10.0116659141 ],
						[ 76.2848951329, 10.0115720192 ],
						[ 76.2848951328, 10.0115720192 ],
						[ 76.2848951328, 10.0115720192 ],
						[ 76.284888885, 10.0115683013 ],
						[ 76.2846289319, 10.0114431681 ],
						[ 76.2841339286, 10.0112047682 ],
						[ 76.2841367385, 10.0112015768 ],
						[ 76.284152739, 10.0111834039 ],
						[ 76.284177284, 10.0111555263 ],
						[ 76.2842419566, 10.0110820728 ],
						[ 76.2842420549, 10.0110819779 ],
						[ 76.2843273541, 10.0109995863 ],
						[ 76.2843336602, 10.010993495 ],
						[ 76.28453948, 10.0107646531 ],
						[ 76.2847510994, 10.0105293626 ],
						[ 76.2847529787, 10.0105272731 ],
						[ 76.2847565135, 10.0105218161 ],
						[ 76.2847589871, 10.0105179974 ],
						[ 76.28505774, 10.0100567888 ],
						[ 76.2850590002, 10.0100547736 ],
						[ 76.2850836109, 10.0100154177 ],
						[ 76.2853033255, 10.0096702023 ],
						[ 76.2853066384, 10.0096651125 ],
						[ 76.285406233, 10.0095121035 ],
						[ 76.2854932071, 10.0093744932 ],
						[ 76.2854951985, 10.0093713422 ],
						[ 76.2854955776, 10.0093689217 ],
						[ 76.2854957409, 10.0093678786 ],
						[ 76.2855020118, 10.0093278319 ],
						[ 76.2855489128, 10.0088747191 ],
						[ 76.2855489128, 10.0088747191 ],
						[ 76.2855496525, 10.0088675729 ],
						[ 76.2854166034, 10.00836332 ],
						[ 76.2854159164, 10.0083496232 ],
						[ 76.2854152649, 10.0083474971 ],
						[ 76.285412861, 10.0082887063 ],
						[ 76.2854115541, 10.0082626492 ],
						[ 76.2854022207, 10.0079233253 ],
						[ 76.2854680431, 10.0077962064 ],
						[ 76.2855302931, 10.0076726162 ],
						[ 76.2856849529, 10.0073707383 ],
						[ 76.285935598, 10.0068871063 ],
						[ 76.2858672006, 10.0067549352 ],
						[ 76.285857691, 10.0067445005 ],
						[ 76.2858576909, 10.0067445005 ],
						[ 76.2858111026, 10.0066933798 ],
						[ 76.2857046018, 10.0065765183 ],
						[ 76.2857046007, 10.0065765171 ],
						[ 76.2855387059, 10.0063944833 ],
						[ 76.2854976147, 10.0063531808 ],
						[ 76.2854674744, 10.0063190292 ],
						[ 76.2854674743, 10.0063190291 ],
						[ 76.285430416, 10.0061142574 ],
						[ 76.2853979992, 10.0059612031 ],
						[ 76.2854002818, 10.0059477462 ],
						[ 76.2853994409, 10.0059430997 ],
						[ 76.2854815791, 10.0054578752 ],
						[ 76.2854833196, 10.0054582177 ],
						[ 76.2854842323, 10.0054528373 ],
						[ 76.2855824186, 10.0054706409 ],
						[ 76.28603388, 10.0055595249 ],
						[ 76.2862864428, 10.0056478593 ],
						[ 76.2862915895, 10.0056499547 ],
						[ 76.2865065808, 10.0057374842 ],
						[ 76.2867553052, 10.0058388567 ],
						[ 76.286755384, 10.0058390119 ],
						[ 76.2867568953, 10.0058395047 ],
						[ 76.2871439882, 10.0059724827 ],
						[ 76.2871306684, 10.0060254966 ],
						[ 76.2871287149, 10.0060332717 ],
						[ 76.287117811, 10.0060766705 ],
						[ 76.2871165416, 10.0060817228 ],
						[ 76.2871161062, 10.0060834556 ],
						[ 76.2870971316, 10.0061637604 ],
						[ 76.2871564709, 10.0061958241 ],
						[ 76.2871578444, 10.0061965663 ],
						[ 76.2871617414, 10.0062313258 ],
						[ 76.2871592641, 10.0062574513 ],
						[ 76.2871334393, 10.0063535775 ],
						[ 76.2872686593, 10.0063963506 ],
						[ 76.2873611746, 10.0064244429 ],
						[ 76.2876583556, 10.0065200137 ],
						[ 76.2876821109, 10.0065549327 ],
						[ 76.2876889311, 10.0065705822 ],
						[ 76.287739218, 10.0065918492 ],
						[ 76.2878001872, 10.0066129769 ],
						[ 76.2878322588, 10.0066240907 ],
						[ 76.28801364, 10.0066914555 ],
						[ 76.28803184, 10.0067315254 ],
						[ 76.2880318659, 10.0067315397 ],
						[ 76.2880318712, 10.0067315427 ],
						[ 76.2880334802, 10.0067324353 ],
						[ 76.288036189, 10.0067339379 ],
						[ 76.288079773, 10.0067581159 ],
						[ 76.2881045387, 10.0067718545 ],
						[ 76.28811021, 10.0067750007 ],
						[ 76.2882121302, 10.0068170864 ],
						[ 76.2882848343, 10.0068432342 ],
						[ 76.2882848808, 10.0068432509 ],
						[ 76.2883082647, 10.0068516608 ],
						[ 76.288324315, 10.0068574332 ],
						[ 76.2883305281, 10.0068596677 ],
						[ 76.2883305338, 10.0068596698 ],
						[ 76.2883300708, 10.0068608342 ],
						[ 76.2883300707, 10.0068608343 ],
						[ 76.2882978719, 10.0069149848 ],
						[ 76.2882966733, 10.0069170489 ],
						[ 76.2882966733, 10.0069170489 ],
						[ 76.2882966733, 10.0069170489 ],
						[ 76.2882447526, 10.0070064633 ],
						[ 76.28824298, 10.007009516 ],
						[ 76.288239141, 10.0070179424 ],
						[ 76.2882035776, 10.0070960026 ],
						[ 76.2882034771, 10.0070962231 ],
						[ 76.2882584756, 10.0071282049 ],
						[ 76.2882789255, 10.0071400966 ],
						[ 76.2882945783, 10.0071467089 ],
						[ 76.2883125456, 10.0071542991 ],
						[ 76.2883251726, 10.0071596333 ],
						[ 76.2884031158, 10.0071925597 ],
						[ 76.2885492171, 10.0072385647 ],
						[ 76.2885492862, 10.0072385864 ],
						[ 76.2885652683, 10.0072418277 ],
						[ 76.288565367, 10.0072418477 ],
						[ 76.2886405852, 10.0072571025 ],
						[ 76.2886575963, 10.0072605525 ],
						[ 76.2886575988, 10.007260553 ],
						[ 76.2886751262, 10.0072641077 ],
						[ 76.2887690906, 10.007265185 ],
						[ 76.2890503183, 10.0072757316 ],
						[ 76.2890628256, 10.0072764869 ],
						[ 76.2891021155, 10.0072788595 ],
						[ 76.2891095154, 10.0072790708 ],
						[ 76.2891923844, 10.0072814378 ],
						[ 76.289265147, 10.0072841343 ],
						[ 76.2892651474, 10.0072841343 ],
						[ 76.2893265516, 10.0072872779 ],
						[ 76.2893345328, 10.0072892653 ],
						[ 76.2893695085, 10.0072979746 ],
						[ 76.2893984562, 10.0073157875 ],
						[ 76.289402523, 10.0073185372 ],
						[ 76.2894031547, 10.0073189643 ],
						[ 76.2894033806, 10.007319117 ],
						[ 76.2894133858, 10.0073534174 ],
						[ 76.2894143331, 10.0073778633 ],
						[ 76.2894143378, 10.0074347116 ],
						[ 76.2894141542, 10.00746085 ],
						[ 76.2894141464, 10.0074619596 ],
						[ 76.2894144709, 10.0074632405 ],
						[ 76.2894145201, 10.0074634344 ],
						[ 76.2894192527, 10.0074821111 ],
						[ 76.2894205569, 10.0074872582 ],
						[ 76.2894206334, 10.0074875598 ],
						[ 76.2894210249, 10.0074891049 ],
						[ 76.2894210567, 10.0074892303 ],
						[ 76.2894211215, 10.0074894862 ],
						[ 76.2894257382, 10.0075006323 ],
						[ 76.2894272297, 10.0075042333 ],
						[ 76.2894426932, 10.0075415672 ],
						[ 76.2894415898, 10.0075495642 ],
						[ 76.2894413534, 10.0075504347 ],
						[ 76.2894414421, 10.0075504487 ],
						[ 76.2895101918, 10.0075613196 ],
						[ 76.2895147257, 10.0075620366 ],
						[ 76.289612508, 10.0075857533 ],
						[ 76.2896135939, 10.0075860246 ],
						[ 76.2897817802, 10.0076437591 ],
						[ 76.2897819541, 10.0076437788 ],
						[ 76.289883573, 10.0076552956 ],
						[ 76.2899008796, 10.0076591312 ],
						[ 76.2899016353, 10.0076593114 ],
						[ 76.2901811319, 10.0077259507 ],
						[ 76.2902980925, 10.0077481979 ],
						[ 76.2903310122, 10.0077544595 ],
						[ 76.2905678696, 10.0078182956 ],
						[ 76.2905883584, 10.0078239821 ],
						[ 76.2905885617, 10.0078240385 ],
						[ 76.2912665508, 10.0079379813 ],
						[ 76.2913805453, 10.0079571391 ],
						[ 76.2913806689, 10.0079552129 ],
						[ 76.2913931029, 10.0077614444 ],
						[ 76.2913946374, 10.0077375318 ],
						[ 76.2913959869, 10.0077165007 ],
						[ 76.2913964315, 10.0077095722 ],
						[ 76.2914031658, 10.0073216951 ],
						[ 76.2914032513, 10.0073168451 ],
						[ 76.291404178, 10.0073112355 ],
						[ 76.2914046539, 10.0073082542 ],
						[ 76.2914048917, 10.0073067617 ],
						[ 76.291405097, 10.0073054798 ],
						[ 76.2914934024, 10.0073426802 ],
						[ 76.2915020696, 10.0073463299 ],
						[ 76.2915980377, 10.0073862435 ],
						[ 76.2917990743, 10.0074577727 ],
						[ 76.2917990747, 10.0074577728 ],
						[ 76.2918042008, 10.0074602124 ],
						[ 76.2918125458, 10.0074641838 ],
						[ 76.2918154178, 10.0074655506 ],
						[ 76.2918226455, 10.0074690223 ],
						[ 76.2919024819, 10.0075054431 ],
						[ 76.2919884659, 10.0075479053 ],
						[ 76.2920197056, 10.0075632557 ],
						[ 76.2921068669, 10.0076042531 ],
						[ 76.292107216, 10.0076044173 ],
						[ 76.2921108355, 10.0076060506 ],
						[ 76.2921134248, 10.0076072231 ],
						[ 76.2921243762, 10.0076228005 ],
						[ 76.2921285889, 10.0076287655 ],
						[ 76.2921303524, 10.0076312383 ],
						[ 76.2921390544, 10.0076434366 ],
						[ 76.292151263, 10.0076605692 ],
						[ 76.2921519796, 10.0076615857 ],
						[ 76.2921648279, 10.007679809 ],
						[ 76.2921905294, 10.0077162642 ],
						[ 76.2921928396, 10.0077195292 ],
						[ 76.2921935411, 10.0077200115 ],
						[ 76.292218119, 10.0077369119 ],
						[ 76.2922446877, 10.007756017 ],
						[ 76.2922461405, 10.0077561802 ],
						[ 76.2922516924, 10.0077572527 ],
						[ 76.2923102049, 10.0077685562 ],
						[ 76.2923501628, 10.0077762753 ],
						[ 76.292431908, 10.0077920669 ],
						[ 76.2924582052, 10.007797147 ],
						[ 76.292468491, 10.007799134 ],
						[ 76.292468491, 10.007799134 ],
						[ 76.2925052225, 10.0078084328 ],
						[ 76.2926196096, 10.0078373907 ],
						[ 76.2927147163, 10.0078613847 ],
						[ 76.2927409741, 10.0078728496 ],
						[ 76.2927409849, 10.0078728542 ],
						[ 76.2927409852, 10.0078728543 ],
						[ 76.2927538486, 10.0078783353 ],
						[ 76.2929511319, 10.0079623954 ],
						[ 76.2929512012, 10.007962425 ],
						[ 76.293226832, 10.0080249402 ],
						[ 76.2933172573, 10.0080463415 ],
						[ 76.2933651578, 10.0080576782 ],
						[ 76.2933764905, 10.0080599744 ],
						[ 76.29356044, 10.0080972452 ],
						[ 76.2936026369, 10.0081088593 ],
						[ 76.2937579261, 10.0081596883 ],
						[ 76.2937579703, 10.0081610102 ],
						[ 76.2938700996, 10.00812961 ],
						[ 76.2939341131, 10.0081116839 ],
						[ 76.2939565391, 10.0080893951 ],
						[ 76.2939565415, 10.0080893926 ],
						[ 76.2939967292, 10.008049451 ],
						[ 76.2940555294, 10.0079910105 ],
						[ 76.2940849721, 10.0079205098 ],
						[ 76.294095587, 10.0078950922 ],
						[ 76.2940979956, 10.0078893248 ],
						[ 76.2941083296, 10.0078645798 ],
						[ 76.2942668124, 10.0074984934 ],
						[ 76.2943054877, 10.0074212134 ],
						[ 76.2943059452, 10.0074197121 ],
						[ 76.2943471226, 10.0073199069 ],
						[ 76.2943643427, 10.0072865525 ],
						[ 76.2943720867, 10.0072625364 ],
						[ 76.2943870025, 10.0072316446 ],
						[ 76.2943967577, 10.0072093391 ],
						[ 76.2944045717, 10.0071895986 ],
						[ 76.2945160188, 10.0072212006 ],
						[ 76.294522636, 10.0072231626 ],
						[ 76.2945667023, 10.0072361291 ],
						[ 76.2946111039, 10.0072489324 ],
						[ 76.2946364105, 10.0072553387 ],
						[ 76.2947260114, 10.0072807459 ],
						[ 76.2947460326, 10.007286648 ],
						[ 76.2947849893, 10.007299331 ],
						[ 76.2948294826, 10.0073079704 ],
						[ 76.2948880646, 10.0073156601 ],
						[ 76.2949331434, 10.0073217588 ],
						[ 76.294945795, 10.0073234704 ],
						[ 76.2950018309, 10.0073310516 ],
						[ 76.2950737374, 10.0073441663 ],
						[ 76.2950917261, 10.0073483848 ],
						[ 76.2951505375, 10.0073607447 ],
						[ 76.2952177692, 10.0073743633 ],
						[ 76.2952360351, 10.00737782 ],
						[ 76.2958472425, 10.0075045576 ],
						[ 76.2958472429, 10.0075045577 ],
						[ 76.2963165471, 10.0076152003 ],
						[ 76.2964174501, 10.0076409784 ],
						[ 76.2965763899, 10.0076770773 ],
						[ 76.2965996934, 10.0076819541 ],
						[ 76.2966984092, 10.007705227 ],
						[ 76.2966103531, 10.0080301729 ],
						[ 76.2964175066, 10.0087418168 ],
						[ 76.296415858, 10.0087479004 ],
						[ 76.2964144433, 10.0087636824 ],
						[ 76.2963954412, 10.0089756629 ],
						[ 76.2963623885, 10.0093443856 ],
						[ 76.2963294453, 10.009711887 ],
						[ 76.2963294425, 10.0097119179 ],
						[ 76.2962951946, 10.0100939739 ],
						[ 76.2962945544, 10.0100981631 ],
						[ 76.2962802932, 10.0101914892 ],
						[ 76.2962454234, 10.0104196787 ],
						[ 76.2962114469, 10.0106420224 ],
						[ 76.2962099197, 10.0106520162 ],
						[ 76.2962001157, 10.0107736432 ],
						[ 76.2961659578, 10.0111973978 ],
						[ 76.2961628733, 10.011207359 ],
						[ 76.2959823525, 10.0117903302 ],
						[ 76.2959809188, 10.0118005969 ],
						[ 76.295912914, 10.0122875891 ],
						[ 76.2959125113, 10.0122875542 ],
						[ 76.2953658764, 10.012240159 ],
						[ 76.2953647811, 10.012240064 ],
						[ 76.2953502495, 10.0122388041 ],
						[ 76.295341114, 10.0122387125 ],
						[ 76.294981977, 10.0122351099 ],
						[ 76.2948712776, 10.0121425579 ],
						[ 76.2947842849, 10.0120698262 ],
						[ 76.2947824702, 10.01206908 ],
						[ 76.2946790192, 10.0120265429 ],
						[ 76.2946711124, 10.0120247521 ],
						[ 76.2946273459, 10.0120148392 ],
						[ 76.2945671843, 10.0120014418 ],
						[ 76.2945652076, 10.0120011734 ],
						[ 76.2943629133, 10.0119737077 ],
						[ 76.2943106595, 10.0119666132 ],
						[ 76.2942221702, 10.011960852 ],
						[ 76.2942221556, 10.011960851 ],
						[ 76.294052981, 10.0119498366 ],
						[ 76.2940413852, 10.0119490816 ],
						[ 76.2938321947, 10.011948761 ],
						[ 76.2938114447, 10.0119494907 ],
						[ 76.2935945904, 10.0119571168 ],
						[ 76.2935850074, 10.0119574538 ],
						[ 76.2935173475, 10.01196086 ],
						[ 76.2934771783, 10.0119628822 ],
						[ 76.2934011001, 10.0119667121 ],
						[ 76.293401, 10.0119667172 ],
						[ 76.2934106043, 10.0120591582 ],
						[ 76.2934232458, 10.0121808322 ],
						[ 76.2934214594, 10.0122095006 ],
						[ 76.2934155332, 10.0123046044 ],
						[ 76.2934110969, 10.0123757995 ]
					]
				]
			},
			"properties" : {
				"gml_id" : "Ernakulam_editor.fid-f0aec0d_192b99712e2_-624d",
				"geom" : null,
				"District" : "Ernakulam",
				"LSGD" : "Cochin",
				"Ward_Name" : "ELAMAKKARA SOUTH",
				"Ward_No" : 21,
				"Lsgd_Type" : "Corporation",
				"Created_Da" : "2024-11-01T10:51:23.999Z",
				"Surveyor" : "Melbin K G",
				"Mob_No" : "9946674644",
				"Remarks" : null,
				"Q__result" : "ErnakulamLocked.Cochin21",
				"Q__timesta" : "20250528",
				"_result" : "Ernakulam_Cochin",
				"OBJECTID" : 1131,
				"gml_parent_id" : null,
				"gml_parent_property" : "featureMembers",
				"Created_Date" : "2024-10-22T08:33:36.003Z",
				"_ulid" : "01JBBD7151DY27T8X2GJ2ZD40P"
			}
		},
		{
			"type" : "Feature",
			"geometry" : {
				"type" : "Polygon",
				"coordinates" : [
					[
						[ 76.2947284087, 9.9758365897 ],
						[ 76.2947827721, 9.9756416095 ],
						[ 76.2949680292, 9.9752562302 ],
						[ 76.2958476262, 9.9743765058 ],
						[ 76.2964328635, 9.9735914455 ],
						[ 76.2969652325, 9.9722431292 ],
						[ 76.2973243387, 9.9724008981 ],
						[ 76.2976692845, 9.9725417858 ],
						[ 76.2981443056, 9.9727291905 ],
						[ 76.2982587397, 9.9722247194 ],
						[ 76.2982195732, 9.9718656771 ],
						[ 76.298220017, 9.9715548766 ],
						[ 76.2982970382, 9.9712176689 ],
						[ 76.2983596891, 9.9710121641 ],
						[ 76.298441336, 9.9708573572 ],
						[ 76.2989257886, 9.9709431347 ],
						[ 76.2991382457, 9.9709789869 ],
						[ 76.299259837, 9.9710457606 ],
						[ 76.2995830201, 9.9712533492 ],
						[ 76.3006232777, 9.9714260323 ],
						[ 76.3027758904, 9.9722483414 ],
						[ 76.3040861476, 9.9726719924 ],
						[ 76.3043307908, 9.9723220737 ],
						[ 76.3049477237, 9.9724895611 ],
						[ 76.3056976618, 9.9725615568 ],
						[ 76.3060277208, 9.9726180708 ],
						[ 76.3062527795, 9.9726542276 ],
						[ 76.3075359429, 9.9729434998 ],
						[ 76.3080646576, 9.9731083275 ],
						[ 76.3084713403, 9.9732461026 ],
						[ 76.3087290008, 9.9733090797 ],
						[ 76.3090265881, 9.973405438 ],
						[ 76.3090262115, 9.9734060762 ],
						[ 76.3090239146, 9.9734104085 ],
						[ 76.308883175, 9.9738947627 ],
						[ 76.3088716951, 9.9740286563 ],
						[ 76.3089390279, 9.9741046472 ],
						[ 76.3087146022, 9.9745543537 ],
						[ 76.30808204, 9.9755306929 ],
						[ 76.3072675033, 9.9773510842 ],
						[ 76.3065739481, 9.9790133683 ],
						[ 76.3066391678, 9.9800223693 ],
						[ 76.3032673103, 9.9807100969 ],
						[ 76.2988725796, 9.9807317236 ],
						[ 76.2963475964, 9.9807742014 ],
						[ 76.2963728626, 9.9798423684 ],
						[ 76.2967533284, 9.9780959717 ],
						[ 76.2955988677, 9.9778811216 ],
						[ 76.2947114922, 9.9776498146 ],
						[ 76.2943710389, 9.9775314349 ],
						[ 76.2943482998, 9.9775215702 ],
						[ 76.2945142065, 9.9768006478 ],
						[ 76.2946459122, 9.9759462977 ],
						[ 76.2947284087, 9.9758365897 ]
					]
				]
			},
			"properties" : {
				"gml_id" : "Ernakulam_editor.fid-f0aec0d_192a2341ec3_51e0",
				"geom" : null,
				"District" : "Ernakulam",
				"LSGD" : "Cochin",
				"Ward_Name" : "ELAMKULAM",
				"Ward_No" : 42,
				"Lsgd_Type" : "Corporation",
				"Created_Da" : "2024-10-22T06:49:08.087Z",
				"Surveyor" : "Swapna A",
				"Mob_No" : "9946674644",
				"Remarks" : null,
				"Q__result" : "ErnakulamLocked.Cochin42",
				"Q__timesta" : "20250528",
				"_result" : "Ernakulam_Cochin",
				"OBJECTID" : 1131,
				"gml_parent_id" : null,
				"gml_parent_property" : "featureMembers",
				"Created_Date" : "2024-10-22T08:33:36.003Z",
				"_ulid" : "01JBBD7151DY27T8X2GJ2ZD40P"
			}
		}
	]
}